video,true_label,top1_pred,top5_preds,top1_correct,top5_correct
v_ApplyEyeMakeup_g01_c01.avi,applyeyemakeup,applyeyemakeup,"['applyeyemakeup', 'applylipstick', 'blowdryhair', 'brushingteeth', 'haircut']",True,True
v_ApplyEyeMakeup_g01_c02.avi,applyeyemakeup,applyeyemakeup,"['applyeyemakeup', 'applylipstick', 'blowdryhair', 'haircut', 'headmassage']",True,True
v_ApplyEyeMakeup_g01_c03.avi,applyeyemakeup,applyeyemakeup,"['applyeyemakeup', 'applylipstick', 'blowdryhair', 'cleanandjerk', 'haircut']",True,True
v_ApplyEyeMakeup_g01_c04.avi,applyeyemakeup,applyeyemakeup,"['applyeyemakeup', 'applylipstick', 'blowdryhair', 'cleanandjerk', 'haircut']",True,True
v_ApplyEyeMakeup_g01_c05.avi,applyeyemakeup,applyeyemakeup,"['applyeyemakeup', 'applylipstick', 'blowdryhair', 'cleanandjerk', 'haircut']",True,True
v_ApplyEyeMakeup_g01_c06.avi,applyeyemakeup,applyeyemakeup,"['applyeyemakeup', 'applylipstick', 'blowdryhair', 'headmassage', 'haircut']",True,True
v_ApplyEyeMakeup_g02_c01.avi,applyeyemakeup,applyeyemakeup,"['applyeyemakeup', 'applylipstick', 'blowdryhair', 'shavingbeard', 'punch']",True,True
v_ApplyEyeMakeup_g02_c02.avi,applyeyemakeup,applyeyemakeup,"['applyeyemakeup', 'applylipstick', 'shavingbeard', 'blowdryhair', 'headmassage']",True,True
v_ApplyEyeMakeup_g02_c03.avi,applyeyemakeup,applyeyemakeup,"['applyeyemakeup', 'applylipstick', 'punch', 'mixing', 'blowdryhair']",True,True
v_ApplyEyeMakeup_g02_c04.avi,applyeyemakeup,applylipstick,"['applylipstick', 'applyeyemakeup', 'blowdryhair', 'brushingteeth', 'shavingbeard']",False,True
v_ApplyLipstick_g01_c01.avi,applylipstick,brushingteeth,"['brushingteeth', 'applylipstick', 'cleanandjerk', 'blowingcandles', 'applyeyemakeup']",False,True
v_ApplyLipstick_g01_c02.avi,applylipstick,brushingteeth,"['brushingteeth', 'applylipstick', 'applyeyemakeup', 'blowdryhair', 'headmassage']",False,True
v_ApplyLipstick_g01_c03.avi,applylipstick,brushingteeth,"['brushingteeth', 'applylipstick', 'applyeyemakeup', 'haircut', 'cleanandjerk']",False,True
v_ApplyLipstick_g01_c04.avi,applylipstick,applylipstick,"['applylipstick', 'applyeyemakeup', 'brushingteeth', 'blowingcandles', 'blowdryhair']",True,True
v_ApplyLipstick_g01_c05.avi,applylipstick,applylipstick,"['applylipstick', 'applyeyemakeup', 'brushingteeth', 'blowdryhair', 'cleanandjerk']",True,True
v_ApplyLipstick_g02_c01.avi,applylipstick,applylipstick,"['applylipstick', 'applyeyemakeup', 'brushingteeth', 'shavingbeard', 'punch']",True,True
v_ApplyLipstick_g02_c02.avi,applylipstick,applylipstick,"['applylipstick', 'applyeyemakeup', 'brushingteeth', 'shavingbeard', 'punch']",True,True
v_ApplyLipstick_g02_c03.avi,applylipstick,applylipstick,"['applylipstick', 'applyeyemakeup', 'brushingteeth', 'shavingbeard', 'punch']",True,True
v_ApplyLipstick_g02_c04.avi,applylipstick,applylipstick,"['applylipstick', 'applyeyemakeup', 'brushingteeth', 'shavingbeard', 'punch']",True,True
v_ApplyLipstick_g03_c01.avi,applylipstick,brushingteeth,"['brushingteeth', 'tabletennisshot', 'applylipstick', 'playingflute', 'punch']",False,True
v_Archery_g01_c01.avi,archery,archery,"['archery', 'javelinthrow', 'hammerthrow', 'throwdiscus', 'taichi']",True,True
v_Archery_g01_c02.avi,archery,archery,"['archery', 'hammerthrow', 'javelinthrow', 'tennisswing', 'tabletennisshot']",True,True
v_Archery_g01_c03.avi,archery,archery,"['archery', 'hammerthrow', 'javelinthrow', 'tabletennisshot', 'throwdiscus']",True,True
v_Archery_g01_c04.avi,archery,archery,"['archery', 'hammerthrow', 'javelinthrow', 'tabletennisshot', 'tennisswing']",True,True
v_Archery_g01_c05.avi,archery,archery,"['archery', 'javelinthrow', 'hammerthrow', 'fencing', 'polevault']",True,True
v_Archery_g01_c06.avi,archery,archery,"['archery', 'javelinthrow', 'hammerthrow', 'polevault', 'fencing']",True,True
v_Archery_g01_c07.avi,archery,archery,"['archery', 'javelinthrow', 'hammerthrow', 'throwdiscus', 'fencing']",True,True
v_Archery_g02_c01.avi,archery,archery,"['archery', 'hammerthrow', 'tennisswing', 'javelinthrow', 'swing']",True,True
v_Archery_g02_c02.avi,archery,archery,"['archery', 'hammerthrow', 'tennisswing', 'javelinthrow', 'tabletennisshot']",True,True
v_Archery_g02_c03.avi,archery,archery,"['archery', 'hammerthrow', 'tennisswing', 'javelinthrow', 'nunchucks']",True,True
v_BabyCrawling_g01_c01.avi,babycrawling,babycrawling,"['babycrawling', 'frontcrawl', 'pushups', 'jumpingjack', 'wallpushups']",True,True
v_BabyCrawling_g01_c02.avi,babycrawling,babycrawling,"['babycrawling', 'frontcrawl', 'jumpingjack', 'pullups', 'pushups']",True,True
v_BabyCrawling_g01_c03.avi,babycrawling,babycrawling,"['babycrawling', 'frontcrawl', 'pushups', 'pullups', 'jumpingjack']",True,True
v_BabyCrawling_g01_c04.avi,babycrawling,babycrawling,"['babycrawling', 'frontcrawl', 'pushups', 'jumpingjack', 'pullups']",True,True
v_BabyCrawling_g02_c01.avi,babycrawling,babycrawling,"['babycrawling', 'moppingfloor', 'frontcrawl', 'pushups', 'wallpushups']",True,True
v_BabyCrawling_g02_c02.avi,babycrawling,babycrawling,"['babycrawling', 'frontcrawl', 'pushups', 'jumpingjack', 'handstandwalking']",True,True
v_BabyCrawling_g02_c03.avi,babycrawling,babycrawling,"['babycrawling', 'frontcrawl', 'pushups', 'jumpingjack', 'handstandwalking']",True,True
v_BabyCrawling_g02_c04.avi,babycrawling,babycrawling,"['babycrawling', 'frontcrawl', 'pushups', 'floorgymnastics', 'jumpingjack']",True,True
v_BabyCrawling_g02_c05.avi,babycrawling,babycrawling,"['babycrawling', 'frontcrawl', 'pushups', 'wallpushups', 'handstandwalking']",True,True
v_BabyCrawling_g02_c06.avi,babycrawling,babycrawling,"['babycrawling', 'frontcrawl', 'pushups', 'jumpingjack', 'pullups']",True,True
v_BalanceBeam_g01_c01.avi,balancebeam,floorgymnastics,"['floorgymnastics', 'pommelhorse', 'unevenbars', 'trampolinejumping', 'balancebeam']",False,True
v_BalanceBeam_g01_c02.avi,balancebeam,floorgymnastics,"['floorgymnastics', 'pommelhorse', 'unevenbars', 'trampolinejumping', 'balancebeam']",False,True
v_BalanceBeam_g01_c03.avi,balancebeam,pommelhorse,"['pommelhorse', 'floorgymnastics', 'unevenbars', 'balancebeam', 'trampolinejumping']",False,True
v_BalanceBeam_g01_c04.avi,balancebeam,unevenbars,"['unevenbars', 'pommelhorse', 'floorgymnastics', 'highjump', 'polevault']",False,False
v_BalanceBeam_g02_c01.avi,balancebeam,pommelhorse,"['pommelhorse', 'floorgymnastics', 'unevenbars', 'balancebeam', 'parallelbars']",False,True
v_BalanceBeam_g02_c02.avi,balancebeam,pommelhorse,"['pommelhorse', 'balancebeam', 'unevenbars', 'floorgymnastics', 'parallelbars']",False,True
v_BalanceBeam_g02_c03.avi,balancebeam,floorgymnastics,"['floorgymnastics', 'unevenbars', 'pommelhorse', 'balancebeam', 'polevault']",False,True
v_BalanceBeam_g02_c04.avi,balancebeam,pommelhorse,"['pommelhorse', 'unevenbars', 'floorgymnastics', 'balancebeam', 'polevault']",False,True
v_BalanceBeam_g03_c01.avi,balancebeam,floorgymnastics,"['floorgymnastics', 'pommelhorse', 'unevenbars', 'balancebeam', 'parallelbars']",False,True
v_BalanceBeam_g03_c02.avi,balancebeam,floorgymnastics,"['floorgymnastics', 'pommelhorse', 'unevenbars', 'balancebeam', 'trampolinejumping']",False,True
v_BandMarching_g01_c01.avi,bandmarching,bandmarching,"['bandmarching', 'militaryparade', 'playingdaf', 'playingflute', 'drumming']",True,True
v_BandMarching_g01_c02.avi,bandmarching,bandmarching,"['bandmarching', 'militaryparade', 'playingdaf', 'drumming', 'playingflute']",True,True
v_BandMarching_g01_c03.avi,bandmarching,bandmarching,"['bandmarching', 'militaryparade', 'playingflute', 'icedancing', 'drumming']",True,True
v_BandMarching_g01_c04.avi,bandmarching,bandmarching,"['bandmarching', 'militaryparade', 'drumming', 'playingflute', 'icedancing']",True,True
v_BandMarching_g01_c05.avi,bandmarching,bandmarching,"['bandmarching', 'militaryparade', 'drumming', 'playingflute', 'playingdaf']",True,True
v_BandMarching_g01_c06.avi,bandmarching,bandmarching,"['bandmarching', 'militaryparade', 'drumming', 'playingflute', 'playingdaf']",True,True
v_BandMarching_g01_c07.avi,bandmarching,bandmarching,"['bandmarching', 'militaryparade', 'drumming', 'playingflute', 'playingdaf']",True,True
v_BandMarching_g02_c01.avi,bandmarching,bandmarching,"['bandmarching', 'militaryparade', 'drumming', 'playingdaf', 'playingflute']",True,True
v_BandMarching_g02_c02.avi,bandmarching,bandmarching,"['bandmarching', 'militaryparade', 'drumming', 'playingdaf', 'playingflute']",True,True
v_BandMarching_g02_c03.avi,bandmarching,bandmarching,"['bandmarching', 'militaryparade', 'drumming', 'playingdaf', 'playingflute']",True,True
v_BaseballPitch_g01_c01.avi,baseballpitch,shotput,"['shotput', 'soccerjuggling', 'frisbeecatch', 'throwdiscus', 'tennisswing']",False,False
v_BaseballPitch_g01_c02.avi,baseballpitch,shotput,"['shotput', 'throwdiscus', 'frisbeecatch', 'soccerjuggling', 'tennisswing']",False,False
v_BaseballPitch_g01_c03.avi,baseballpitch,handstandwalking,"['handstandwalking', 'frisbeecatch', 'tennisswing', 'javelinthrow', 'highjump']",False,False
v_BaseballPitch_g01_c04.avi,baseballpitch,shotput,"['shotput', 'tennisswing', 'frisbeecatch', 'throwdiscus', 'golfswing']",False,False
v_BaseballPitch_g01_c05.avi,baseballpitch,handstandwalking,"['handstandwalking', 'javelinthrow', 'tennisswing', 'highjump', 'walkingwithdog']",False,False
v_BaseballPitch_g01_c06.avi,baseballpitch,handstandwalking,"['handstandwalking', 'tennisswing', 'highjump', 'javelinthrow', 'fencing']",False,False
v_BaseballPitch_g02_c01.avi,baseballpitch,baseballpitch,"['baseballpitch', 'hammerthrow', 'throwdiscus', 'shotput', 'frontcrawl']",True,True
v_BaseballPitch_g02_c02.avi,baseballpitch,baseballpitch,"['baseballpitch', 'hammerthrow', 'throwdiscus', 'frontcrawl', 'shotput']",True,True
v_BaseballPitch_g02_c03.avi,baseballpitch,baseballpitch,"['baseballpitch', 'hammerthrow', 'throwdiscus', 'frontcrawl', 'shotput']",True,True
v_BaseballPitch_g02_c04.avi,baseballpitch,baseballpitch,"['baseballpitch', 'hammerthrow', 'throwdiscus', 'shotput', 'frontcrawl']",True,True
v_Basketball_g01_c01.avi,basketball,basketballdunk,"['basketballdunk', 'basketball', 'volleyballspiking', 'throwdiscus', 'tabletennisshot']",False,True
v_Basketball_g01_c02.avi,basketball,basketballdunk,"['basketballdunk', 'basketball', 'volleyballspiking', 'throwdiscus', 'tabletennisshot']",False,True
v_Basketball_g01_c03.avi,basketball,basketballdunk,"['basketballdunk', 'basketball', 'volleyballspiking', 'throwdiscus', 'tabletennisshot']",False,True
v_Basketball_g01_c04.avi,basketball,basketballdunk,"['basketballdunk', 'basketball', 'volleyballspiking', 'throwdiscus', 'tabletennisshot']",False,True
v_Basketball_g01_c05.avi,basketball,basketballdunk,"['basketballdunk', 'basketball', 'volleyballspiking', 'throwdiscus', 'tabletennisshot']",False,True
v_Basketball_g01_c06.avi,basketball,basketball,"['basketball', 'basketballdunk', 'volleyballspiking', 'throwdiscus', 'soccerjuggling']",True,True
v_Basketball_g01_c07.avi,basketball,basketballdunk,"['basketballdunk', 'basketball', 'volleyballspiking', 'throwdiscus', 'tabletennisshot']",False,True
v_Basketball_g02_c01.avi,basketball,basketballdunk,"['basketballdunk', 'basketball', 'volleyballspiking', 'throwdiscus', 'taichi']",False,True
v_Basketball_g02_c02.avi,basketball,basketballdunk,"['basketballdunk', 'basketball', 'volleyballspiking', 'hammerthrow', 'tabletennisshot']",False,True
v_Basketball_g02_c03.avi,basketball,basketballdunk,"['basketballdunk', 'basketball', 'volleyballspiking', 'throwdiscus', 'tabletennisshot']",False,True
v_BasketballDunk_g01_c01.avi,basketballdunk,basketballdunk,"['basketballdunk', 'basketball', 'hammerthrow', 'frontcrawl', 'tabletennisshot']",True,True
v_BasketballDunk_g01_c02.avi,basketballdunk,basketballdunk,"['basketballdunk', 'basketball', 'tabletennisshot', 'frontcrawl', 'punch']",True,True
v_BasketballDunk_g01_c03.avi,basketballdunk,basketballdunk,"['basketballdunk', 'basketball', 'hammerthrow', 'punch', 'tabletennisshot']",True,True
v_BasketballDunk_g01_c04.avi,basketballdunk,basketballdunk,"['basketballdunk', 'basketball', 'hammerthrow', 'tabletennisshot', 'volleyballspiking']",True,True
v_BasketballDunk_g01_c05.avi,basketballdunk,basketballdunk,"['basketballdunk', 'basketball', 'hammerthrow', 'frontcrawl', 'tabletennisshot']",True,True
v_BasketballDunk_g01_c06.avi,basketballdunk,basketball,"['basketball', 'basketballdunk', 'volleyballspiking', 'tabletennisshot', 'hammerthrow']",False,True
v_BasketballDunk_g01_c07.avi,basketballdunk,basketballdunk,"['basketballdunk', 'basketball', 'hammerthrow', 'tabletennisshot', 'frontcrawl']",True,True
v_BasketballDunk_g02_c01.avi,basketballdunk,basketballdunk,"['basketballdunk', 'basketball', 'hammerthrow', 'tabletennisshot', 'volleyballspiking']",True,True
v_BasketballDunk_g02_c02.avi,basketballdunk,basketballdunk,"['basketballdunk', 'basketball', 'hammerthrow', 'tabletennisshot', 'volleyballspiking']",True,True
v_BasketballDunk_g02_c03.avi,basketballdunk,basketballdunk,"['basketballdunk', 'basketball', 'floorgymnastics', 'volleyballspiking', 'hammerthrow']",True,True
v_BenchPress_g01_c01.avi,benchpress,benchpress,"['benchpress', 'bodyweightsquats', 'frontcrawl', 'lunges', 'pushups']",True,True
v_BenchPress_g01_c02.avi,benchpress,benchpress,"['benchpress', 'bodyweightsquats', 'frontcrawl', 'lunges', 'pommelhorse']",True,True
v_BenchPress_g01_c03.avi,benchpress,benchpress,"['benchpress', 'frontcrawl', 'bodyweightsquats', 'lunges', 'pushups']",True,True
v_BenchPress_g01_c04.avi,benchpress,benchpress,"['benchpress', 'frontcrawl', 'bodyweightsquats', 'lunges', 'pushups']",True,True
v_BenchPress_g01_c05.avi,benchpress,benchpress,"['benchpress', 'bodyweightsquats', 'frontcrawl', 'lunges', 'pushups']",True,True
v_BenchPress_g01_c06.avi,benchpress,benchpress,"['benchpress', 'bodyweightsquats', 'frontcrawl', 'lunges', 'pommelhorse']",True,True
v_BenchPress_g02_c01.avi,benchpress,benchpress,"['benchpress', 'frontcrawl', 'bodyweightsquats', 'pullups', 'lunges']",True,True
v_BenchPress_g02_c02.avi,benchpress,benchpress,"['benchpress', 'frontcrawl', 'bodyweightsquats', 'pullups', 'lunges']",True,True
v_BenchPress_g02_c03.avi,benchpress,benchpress,"['benchpress', 'bodyweightsquats', 'frontcrawl', 'lunges', 'pullups']",True,True
v_BenchPress_g02_c04.avi,benchpress,benchpress,"['benchpress', 'frontcrawl', 'pullups', 'bodyweightsquats', 'pushups']",True,True
v_Biking_g01_c01.avi,biking,biking,"['biking', 'jumpingjack', 'yoyo', 'trampolinejumping', 'hulahoop']",True,True
v_Biking_g01_c02.avi,biking,biking,"['biking', 'jumpingjack', 'longjump', 'taichi', 'trampolinejumping']",True,True
v_Biking_g01_c03.avi,biking,biking,"['biking', 'jumpingjack', 'trampolinejumping', 'yoyo', 'skijet']",True,True
v_Biking_g01_c04.avi,biking,biking,"['biking', 'jumpingjack', 'longjump', 'highjump', 'yoyo']",True,True
v_Biking_g02_c01.avi,biking,biking,"['biking', 'frontcrawl', 'frisbeecatch', 'stillrings', 'hulahoop']",True,True
v_Biking_g02_c02.avi,biking,biking,"['biking', 'frontcrawl', 'frisbeecatch', 'stillrings', 'hammerthrow']",True,True
v_Biking_g02_c03.avi,biking,biking,"['biking', 'frontcrawl', 'hammerthrow', 'stillrings', 'frisbeecatch']",True,True
v_Biking_g02_c04.avi,biking,biking,"['biking', 'frontcrawl', 'hammerthrow', 'boxingspeedbag', 'stillrings']",True,True
v_Biking_g02_c05.avi,biking,biking,"['biking', 'frontcrawl', 'hammerthrow', 'frisbeecatch', 'longjump']",True,True
v_Biking_g02_c06.avi,biking,biking,"['biking', 'longjump', 'hammerthrow', 'frontcrawl', 'frisbeecatch']",True,True
v_Billiards_g01_c01.avi,billiards,billiards,"['billiards', 'tabletennisshot', 'bowling', 'jugglingballs', 'frontcrawl']",True,True
v_Billiards_g01_c02.avi,billiards,billiards,"['billiards', 'tabletennisshot', 'bowling', 'frontcrawl', 'jugglingballs']",True,True
v_Billiards_g01_c03.avi,billiards,billiards,"['billiards', 'tabletennisshot', 'punch', 'bowling', 'frontcrawl']",True,True
v_Billiards_g01_c04.avi,billiards,billiards,"['billiards', 'tabletennisshot', 'bowling', 'punch', 'frontcrawl']",True,True
v_Billiards_g01_c05.avi,billiards,billiards,"['billiards', 'tabletennisshot', 'bowling', 'frontcrawl', 'punch']",True,True
v_Billiards_g01_c06.avi,billiards,billiards,"['billiards', 'tabletennisshot', 'bowling', 'frontcrawl', 'jugglingballs']",True,True
v_Billiards_g02_c01.avi,billiards,billiards,"['billiards', 'tabletennisshot', 'bowling', 'frontcrawl', 'jugglingballs']",True,True
v_Billiards_g02_c02.avi,billiards,billiards,"['billiards', 'tabletennisshot', 'bowling', 'punch', 'frontcrawl']",True,True
v_Billiards_g02_c03.avi,billiards,billiards,"['billiards', 'tabletennisshot', 'bowling', 'punch', 'frontcrawl']",True,True
v_Billiards_g02_c04.avi,billiards,billiards,"['billiards', 'tabletennisshot', 'bowling', 'frontcrawl', 'punch']",True,True
v_BlowDryHair_g01_c01.avi,blowdryhair,blowdryhair,"['blowdryhair', 'haircut', 'headmassage', 'mixing', 'salsaspin']",True,True
v_BlowDryHair_g01_c02.avi,blowdryhair,blowdryhair,"['blowdryhair', 'haircut', 'headmassage', 'applyeyemakeup', 'hammering']",True,True
v_BlowDryHair_g01_c03.avi,blowdryhair,blowdryhair,"['blowdryhair', 'haircut', 'headmassage', 'cleanandjerk', 'applyeyemakeup']",True,True
v_BlowDryHair_g01_c04.avi,blowdryhair,blowdryhair,"['blowdryhair', 'haircut', 'headmassage', 'applyeyemakeup', 'applylipstick']",True,True
v_BlowDryHair_g02_c01.avi,blowdryhair,blowdryhair,"['blowdryhair', 'haircut', 'headmassage', 'hammering', 'shavingbeard']",True,True
v_BlowDryHair_g02_c02.avi,blowdryhair,blowdryhair,"['blowdryhair', 'haircut', 'headmassage', 'shavingbeard', 'hammering']",True,True
v_BlowDryHair_g02_c03.avi,blowdryhair,blowdryhair,"['blowdryhair', 'haircut', 'headmassage', 'shavingbeard', 'frisbeecatch']",True,True
v_BlowDryHair_g02_c04.avi,blowdryhair,blowdryhair,"['blowdryhair', 'haircut', 'headmassage', 'shavingbeard', 'punch']",True,True
v_BlowDryHair_g02_c05.avi,blowdryhair,blowdryhair,"['blowdryhair', 'haircut', 'headmassage', 'shavingbeard', 'mixing']",True,True
v_BlowDryHair_g03_c01.avi,blowdryhair,blowdryhair,"['blowdryhair', 'headmassage', 'brushingteeth', 'breaststroke', 'haircut']",True,True
v_BlowingCandles_g01_c01.avi,blowingcandles,blowingcandles,"['blowingcandles', 'icedancing', 'jumpingjack', 'playingdaf', 'brushingteeth']",True,True
v_BlowingCandles_g01_c02.avi,blowingcandles,blowingcandles,"['blowingcandles', 'babycrawling', 'tabletennisshot', 'brushingteeth', 'jumpingjack']",True,True
v_BlowingCandles_g01_c03.avi,blowingcandles,blowingcandles,"['blowingcandles', 'babycrawling', 'punch', 'tabletennisshot', 'playingdaf']",True,True
v_BlowingCandles_g01_c04.avi,blowingcandles,blowingcandles,"['blowingcandles', 'punch', 'tabletennisshot', 'babycrawling', 'playingdaf']",True,True
v_BlowingCandles_g02_c01.avi,blowingcandles,blowingcandles,"['blowingcandles', 'mixing', 'icedancing', 'stillrings', 'tabletennisshot']",True,True
v_BlowingCandles_g02_c02.avi,blowingcandles,blowingcandles,"['blowingcandles', 'mixing', 'icedancing', 'stillrings', 'tabletennisshot']",True,True
v_BlowingCandles_g02_c03.avi,blowingcandles,blowingcandles,"['blowingcandles', 'babycrawling', 'playingdaf', 'brushingteeth', 'tabletennisshot']",True,True
v_BlowingCandles_g02_c04.avi,blowingcandles,blowingcandles,"['blowingcandles', 'cleanandjerk', 'cuttinginkitchen', 'tabletennisshot', 'punch']",True,True
v_BlowingCandles_g03_c01.avi,blowingcandles,blowingcandles,"['blowingcandles', 'playingtabla', 'playingdaf', 'tabletennisshot', 'stillrings']",True,True
v_BlowingCandles_g03_c02.avi,blowingcandles,blowingcandles,"['blowingcandles', 'playingtabla', 'playingdaf', 'tabletennisshot', 'stillrings']",True,True
v_BodyWeightSquats_g01_c01.avi,bodyweightsquats,bodyweightsquats,"['bodyweightsquats', 'wallpushups', 'lunges', 'jumpingjack', 'frontcrawl']",True,True
v_BodyWeightSquats_g01_c02.avi,bodyweightsquats,bodyweightsquats,"['bodyweightsquats', 'wallpushups', 'lunges', 'jumpingjack', 'frontcrawl']",True,True
v_BodyWeightSquats_g01_c03.avi,bodyweightsquats,bodyweightsquats,"['bodyweightsquats', 'wallpushups', 'lunges', 'jumpingjack', 'jumprope']",True,True
v_BodyWeightSquats_g01_c04.avi,bodyweightsquats,bodyweightsquats,"['bodyweightsquats', 'wallpushups', 'lunges', 'jumpingjack', 'frontcrawl']",True,True
v_BodyWeightSquats_g02_c01.avi,bodyweightsquats,benchpress,"['benchpress', 'pullups', 'bodyweightsquats', 'boxingspeedbag', 'handstandpushups']",False,True
v_BodyWeightSquats_g02_c02.avi,bodyweightsquats,bodyweightsquats,"['bodyweightsquats', 'pullups', 'boxingspeedbag', 'benchpress', 'parallelbars']",True,True
v_BodyWeightSquats_g02_c03.avi,bodyweightsquats,bodyweightsquats,"['bodyweightsquats', 'lunges', 'pullups', 'benchpress', 'boxingspeedbag']",True,True
v_BodyWeightSquats_g02_c04.avi,bodyweightsquats,bodyweightsquats,"['bodyweightsquats', 'pullups', 'nunchucks', 'jumprope', 'benchpress']",True,True
v_BodyWeightSquats_g03_c01.avi,bodyweightsquats,hammerthrow,"['hammerthrow', 'hammering', 'nunchucks', 'jumprope', 'frisbeecatch']",False,False
v_BodyWeightSquats_g03_c02.avi,bodyweightsquats,hammerthrow,"['hammerthrow', 'hammering', 'nunchucks', 'jumprope', 'jumpingjack']",False,False
v_Bowling_g01_c01.avi,bowling,bowling,"['bowling', 'cricketbowling', 'tabletennisshot', 'frontcrawl', 'punch']",True,True
v_Bowling_g01_c02.avi,bowling,bowling,"['bowling', 'cricketbowling', 'tabletennisshot', 'frontcrawl', 'punch']",True,True
v_Bowling_g01_c03.avi,bowling,bowling,"['bowling', 'cricketbowling', 'tabletennisshot', 'frontcrawl', 'punch']",True,True
v_Bowling_g01_c04.avi,bowling,bowling,"['bowling', 'cricketbowling', 'tabletennisshot', 'frontcrawl', 'punch']",True,True
v_Bowling_g01_c05.avi,bowling,bowling,"['bowling', 'cricketbowling', 'frontcrawl', 'hammerthrow', 'tabletennisshot']",True,True
v_Bowling_g01_c06.avi,bowling,bowling,"['bowling', 'cricketbowling', 'tabletennisshot', 'frontcrawl', 'hammerthrow']",True,True
v_Bowling_g01_c07.avi,bowling,bowling,"['bowling', 'cricketbowling', 'tabletennisshot', 'hammerthrow', 'frontcrawl']",True,True
v_Bowling_g02_c01.avi,bowling,bowling,"['bowling', 'cricketbowling', 'hammerthrow', 'tabletennisshot', 'frontcrawl']",True,True
v_Bowling_g02_c02.avi,bowling,bowling,"['bowling', 'cricketbowling', 'frontcrawl', 'billiards', 'tabletennisshot']",True,True
v_Bowling_g02_c03.avi,bowling,bowling,"['bowling', 'cricketbowling', 'hammerthrow', 'billiards', 'frontcrawl']",True,True
v_BoxingPunchingBag_g01_c01.avi,boxingpunchingbag,boxingspeedbag,"['boxingspeedbag', 'boxingpunchingbag', 'punch', 'nunchucks', 'bodyweightsquats']",False,True
v_BoxingPunchingBag_g01_c02.avi,boxingpunchingbag,boxingspeedbag,"['boxingspeedbag', 'boxingpunchingbag', 'punch', 'nunchucks', 'bodyweightsquats']",False,True
v_BoxingPunchingBag_g01_c03.avi,boxingpunchingbag,boxingspeedbag,"['boxingspeedbag', 'boxingpunchingbag', 'punch', 'nunchucks', 'jumprope']",False,True
v_BoxingPunchingBag_g01_c04.avi,boxingpunchingbag,boxingspeedbag,"['boxingspeedbag', 'boxingpunchingbag', 'punch', 'nunchucks', 'bodyweightsquats']",False,True
v_BoxingPunchingBag_g01_c05.avi,boxingpunchingbag,boxingspeedbag,"['boxingspeedbag', 'boxingpunchingbag', 'punch', 'nunchucks', 'bodyweightsquats']",False,True
v_BoxingPunchingBag_g01_c06.avi,boxingpunchingbag,boxingspeedbag,"['boxingspeedbag', 'boxingpunchingbag', 'punch', 'nunchucks', 'bodyweightsquats']",False,True
v_BoxingPunchingBag_g01_c07.avi,boxingpunchingbag,boxingspeedbag,"['boxingspeedbag', 'boxingpunchingbag', 'punch', 'nunchucks', 'sumowrestling']",False,True
v_BoxingPunchingBag_g02_c01.avi,boxingpunchingbag,boxingspeedbag,"['boxingspeedbag', 'boxingpunchingbag', 'punch', 'nunchucks', 'hammerthrow']",False,True
v_BoxingPunchingBag_g02_c02.avi,boxingpunchingbag,boxingspeedbag,"['boxingspeedbag', 'boxingpunchingbag', 'punch', 'nunchucks', 'hammerthrow']",False,True
v_BoxingPunchingBag_g02_c03.avi,boxingpunchingbag,boxingspeedbag,"['boxingspeedbag', 'boxingpunchingbag', 'punch', 'nunchucks', 'hammerthrow']",False,True
v_BoxingSpeedBag_g01_c01.avi,boxingspeedbag,wallpushups,"['wallpushups', 'boxingpunchingbag', 'nunchucks', 'pullups', 'punch']",False,False
v_BoxingSpeedBag_g01_c02.avi,boxingspeedbag,boxingpunchingbag,"['boxingpunchingbag', 'boxingspeedbag', 'nunchucks', 'punch', 'pullups']",False,True
v_BoxingSpeedBag_g01_c03.avi,boxingspeedbag,boxingpunchingbag,"['boxingpunchingbag', 'boxingspeedbag', 'nunchucks', 'punch', 'pullups']",False,True
v_BoxingSpeedBag_g01_c04.avi,boxingspeedbag,boxingpunchingbag,"['boxingpunchingbag', 'boxingspeedbag', 'punch', 'nunchucks', 'pullups']",False,True
v_BoxingSpeedBag_g02_c01.avi,boxingspeedbag,boxingspeedbag,"['boxingspeedbag', 'boxingpunchingbag', 'playingdaf', 'drumming', 'frisbeecatch']",True,True
v_BoxingSpeedBag_g02_c02.avi,boxingspeedbag,boxingspeedbag,"['boxingspeedbag', 'boxingpunchingbag', 'playingdaf', 'drumming', 'frisbeecatch']",True,True
v_BoxingSpeedBag_g02_c03.avi,boxingspeedbag,boxingspeedbag,"['boxingspeedbag', 'boxingpunchingbag', 'playingdaf', 'drumming', 'frisbeecatch']",True,True
v_BoxingSpeedBag_g02_c04.avi,boxingspeedbag,boxingspeedbag,"['boxingspeedbag', 'boxingpunchingbag', 'playingdaf', 'throwdiscus', 'pullups']",True,True
v_BoxingSpeedBag_g03_c01.avi,boxingspeedbag,boxingspeedbag,"['boxingspeedbag', 'boxingpunchingbag', 'pullups', 'hammerthrow', 'hammering']",True,True
v_BoxingSpeedBag_g03_c02.avi,boxingspeedbag,boxingspeedbag,"['boxingspeedbag', 'boxingpunchingbag', 'pullups', 'throwdiscus', 'hammerthrow']",True,True
v_BreastStroke_g01_c01.avi,breaststroke,breaststroke,"['breaststroke', 'diving', 'frontcrawl', 'highjump', 'rowing']",True,True
v_BreastStroke_g01_c02.avi,breaststroke,breaststroke,"['breaststroke', 'frontcrawl', 'diving', 'rowing', 'highjump']",True,True
v_BreastStroke_g01_c03.avi,breaststroke,breaststroke,"['breaststroke', 'frontcrawl', 'diving', 'rowing', 'highjump']",True,True
v_BreastStroke_g01_c04.avi,breaststroke,breaststroke,"['breaststroke', 'frontcrawl', 'diving', 'highjump', 'rowing']",True,True
v_BreastStroke_g02_c01.avi,breaststroke,breaststroke,"['breaststroke', 'diving', 'frontcrawl', 'sumowrestling', 'rowing']",True,True
v_BreastStroke_g02_c02.avi,breaststroke,breaststroke,"['breaststroke', 'diving', 'frontcrawl', 'cliffdiving', 'rowing']",True,True
v_BreastStroke_g02_c03.avi,breaststroke,breaststroke,"['breaststroke', 'diving', 'frontcrawl', 'sumowrestling', 'cliffdiving']",True,True
v_BreastStroke_g02_c04.avi,breaststroke,breaststroke,"['breaststroke', 'diving', 'frontcrawl', 'sumowrestling', 'rowing']",True,True
v_BreastStroke_g03_c01.avi,breaststroke,breaststroke,"['breaststroke', 'diving', 'frontcrawl', 'salsaspin', 'highjump']",True,True
v_BreastStroke_g03_c02.avi,breaststroke,breaststroke,"['breaststroke', 'diving', 'frontcrawl', 'highjump', 'rowing']",True,True
v_BrushingTeeth_g01_c01.avi,brushingteeth,brushingteeth,"['brushingteeth', 'cleanandjerk', 'applylipstick', 'shavingbeard', 'punch']",True,True
v_BrushingTeeth_g01_c02.avi,brushingteeth,brushingteeth,"['brushingteeth', 'cleanandjerk', 'applylipstick', 'playingflute', 'shavingbeard']",True,True
v_BrushingTeeth_g01_c03.avi,brushingteeth,brushingteeth,"['brushingteeth', 'cleanandjerk', 'applylipstick', 'punch', 'shavingbeard']",True,True
v_BrushingTeeth_g01_c04.avi,brushingteeth,brushingteeth,"['brushingteeth', 'cleanandjerk', 'applylipstick', 'punch', 'shavingbeard']",True,True
v_BrushingTeeth_g02_c01.avi,brushingteeth,brushingteeth,"['brushingteeth', 'shavingbeard', 'applylipstick', 'headmassage', 'punch']",True,True
v_BrushingTeeth_g02_c02.avi,brushingteeth,shavingbeard,"['shavingbeard', 'brushingteeth', 'applylipstick', 'headmassage', 'haircut']",False,True
v_BrushingTeeth_g02_c03.avi,brushingteeth,brushingteeth,"['brushingteeth', 'shavingbeard', 'applylipstick', 'headmassage', 'playingflute']",True,True
v_BrushingTeeth_g02_c04.avi,brushingteeth,shavingbeard,"['shavingbeard', 'brushingteeth', 'applylipstick', 'headmassage', 'applyeyemakeup']",False,True
v_BrushingTeeth_g02_c05.avi,brushingteeth,shavingbeard,"['shavingbeard', 'brushingteeth', 'headmassage', 'applylipstick', 'haircut']",False,True
v_BrushingTeeth_g02_c06.avi,brushingteeth,shavingbeard,"['shavingbeard', 'brushingteeth', 'headmassage', 'applylipstick', 'blowdryhair']",False,True
v_CleanAndJerk_g01_c01.avi,cleanandjerk,bodyweightsquats,"['bodyweightsquats', 'benchpress', 'boxingspeedbag', 'pullups', 'handstandpushups']",False,False
v_CleanAndJerk_g01_c02.avi,cleanandjerk,bodyweightsquats,"['bodyweightsquats', 'benchpress', 'pullups', 'boxingspeedbag', 'lunges']",False,False
v_CleanAndJerk_g01_c03.avi,cleanandjerk,bodyweightsquats,"['bodyweightsquats', 'pullups', 'handstandpushups', 'benchpress', 'wallpushups']",False,False
v_CleanAndJerk_g01_c04.avi,cleanandjerk,bodyweightsquats,"['bodyweightsquats', 'benchpress', 'pullups', 'handstandpushups', 'frontcrawl']",False,False
v_CleanAndJerk_g01_c05.avi,cleanandjerk,benchpress,"['benchpress', 'bodyweightsquats', 'pullups', 'handstandpushups', 'wallpushups']",False,False
v_CleanAndJerk_g02_c01.avi,cleanandjerk,bodyweightsquats,"['bodyweightsquats', 'benchpress', 'frontcrawl', 'floorgymnastics', 'throwdiscus']",False,False
v_CleanAndJerk_g02_c02.avi,cleanandjerk,bodyweightsquats,"['bodyweightsquats', 'benchpress', 'frontcrawl', 'javelinthrow', 'throwdiscus']",False,False
v_CleanAndJerk_g02_c03.avi,cleanandjerk,bodyweightsquats,"['bodyweightsquats', 'benchpress', 'frontcrawl', 'pommelhorse', 'javelinthrow']",False,False
v_CleanAndJerk_g02_c04.avi,cleanandjerk,bodyweightsquats,"['bodyweightsquats', 'benchpress', 'throwdiscus', 'javelinthrow', 'frontcrawl']",False,False
v_CleanAndJerk_g03_c01.avi,cleanandjerk,bodyweightsquats,"['bodyweightsquats', 'benchpress', 'frontcrawl', 'sumowrestling', 'throwdiscus']",False,False
v_CliffDiving_g01_c01.avi,cliffdiving,cliffdiving,"['cliffdiving', 'diving', 'trampolinejumping', 'highjump', 'breaststroke']",True,True
v_CliffDiving_g01_c02.avi,cliffdiving,cliffdiving,"['cliffdiving', 'highjump', 'trampolinejumping', 'jumpingjack', 'diving']",True,True
v_CliffDiving_g01_c03.avi,cliffdiving,cliffdiving,"['cliffdiving', 'trampolinejumping', 'highjump', 'ropeclimbing', 'jumpingjack']",True,True
v_CliffDiving_g01_c04.avi,cliffdiving,cliffdiving,"['cliffdiving', 'trampolinejumping', 'highjump', 'diving', 'polevault']",True,True
v_CliffDiving_g01_c05.avi,cliffdiving,cliffdiving,"['cliffdiving', 'highjump', 'trampolinejumping', 'diving', 'breaststroke']",True,True
v_CliffDiving_g01_c06.avi,cliffdiving,cliffdiving,"['cliffdiving', 'trampolinejumping', 'highjump', 'jumpingjack', 'diving']",True,True
v_CliffDiving_g02_c01.avi,cliffdiving,trampolinejumping,"['trampolinejumping', 'cliffdiving', 'highjump', 'diving', 'jumpingjack']",False,True
v_CliffDiving_g02_c02.avi,cliffdiving,cliffdiving,"['cliffdiving', 'trampolinejumping', 'highjump', 'diving', 'breaststroke']",True,True
v_CliffDiving_g02_c03.avi,cliffdiving,highjump,"['highjump', 'trampolinejumping', 'cliffdiving', 'diving', 'breaststroke']",False,True
v_CliffDiving_g02_c04.avi,cliffdiving,trampolinejumping,"['trampolinejumping', 'highjump', 'cliffdiving', 'diving', 'breaststroke']",False,True
v_CricketBowling_g01_c01.avi,cricketbowling,cricketbowling,"['cricketbowling', 'cricketshot', 'hammerthrow', 'bowling', 'frontcrawl']",True,True
v_CricketBowling_g01_c02.avi,cricketbowling,cricketshot,"['cricketshot', 'cricketbowling', 'hammerthrow', 'bowling', 'frontcrawl']",False,True
v_CricketBowling_g01_c03.avi,cricketbowling,cricketshot,"['cricketshot', 'cricketbowling', 'hammerthrow', 'bowling', 'frontcrawl']",False,True
v_CricketBowling_g01_c04.avi,cricketbowling,cricketshot,"['cricketshot', 'cricketbowling', 'hammerthrow', 'bowling', 'longjump']",False,True
v_CricketBowling_g01_c05.avi,cricketbowling,cricketshot,"['cricketshot', 'cricketbowling', 'hammerthrow', 'bowling', 'longjump']",False,True
v_CricketBowling_g01_c06.avi,cricketbowling,cricketshot,"['cricketshot', 'cricketbowling', 'hammerthrow', 'bowling', 'longjump']",False,True
v_CricketBowling_g01_c07.avi,cricketbowling,cricketshot,"['cricketshot', 'cricketbowling', 'hammerthrow', 'bowling', 'swing']",False,True
v_CricketBowling_g02_c01.avi,cricketbowling,volleyballspiking,"['volleyballspiking', 'fencing', 'basketball', 'basketballdunk', 'fieldhockeypenalty']",False,False
v_CricketBowling_g02_c02.avi,cricketbowling,fencing,"['fencing', 'volleyballspiking', 'basketballdunk', 'basketball', 'cricketbowling']",False,True
v_CricketBowling_g02_c03.avi,cricketbowling,fencing,"['fencing', 'cricketbowling', 'volleyballspiking', 'cricketshot', 'fieldhockeypenalty']",False,True
v_CricketShot_g01_c01.avi,cricketshot,cricketbowling,"['cricketbowling', 'cricketshot', 'bowling', 'hammerthrow', 'frontcrawl']",False,True
v_CricketShot_g01_c02.avi,cricketshot,cricketshot,"['cricketshot', 'cricketbowling', 'hammerthrow', 'bowling', 'frontcrawl']",True,True
v_CricketShot_g01_c03.avi,cricketshot,cricketshot,"['cricketshot', 'cricketbowling', 'hammerthrow', 'bowling', 'frontcrawl']",True,True
v_CricketShot_g01_c04.avi,cricketshot,cricketbowling,"['cricketbowling', 'cricketshot', 'hammerthrow', 'bowling', 'longjump']",False,True
v_CricketShot_g01_c05.avi,cricketshot,cricketshot,"['cricketshot', 'cricketbowling', 'hammerthrow', 'bowling', 'frontcrawl']",True,True
v_CricketShot_g01_c06.avi,cricketshot,cricketshot,"['cricketshot', 'cricketbowling', 'hammerthrow', 'bowling', 'frontcrawl']",True,True
v_CricketShot_g01_c07.avi,cricketshot,cricketbowling,"['cricketbowling', 'cricketshot', 'hammerthrow', 'bowling', 'frontcrawl']",False,True
v_CricketShot_g02_c01.avi,cricketshot,cricketshot,"['cricketshot', 'cricketbowling', 'tennisswing', 'fencing', 'swing']",True,True
v_CricketShot_g02_c02.avi,cricketshot,cricketshot,"['cricketshot', 'cricketbowling', 'tennisswing', 'fencing', 'hammerthrow']",True,True
v_CricketShot_g02_c03.avi,cricketshot,cricketshot,"['cricketshot', 'cricketbowling', 'tennisswing', 'fencing', 'swing']",True,True
v_CuttingInKitchen_g01_c01.avi,cuttinginkitchen,cuttinginkitchen,"['cuttinginkitchen', 'punch', 'stillrings', 'mixing', 'salsaspin']",True,True
v_CuttingInKitchen_g01_c02.avi,cuttinginkitchen,cuttinginkitchen,"['cuttinginkitchen', 'punch', 'stillrings', 'mixing', 'cleanandjerk']",True,True
v_CuttingInKitchen_g01_c03.avi,cuttinginkitchen,cuttinginkitchen,"['cuttinginkitchen', 'punch', 'mixing', 'salsaspin', 'pizzatossing']",True,True
v_CuttingInKitchen_g01_c04.avi,cuttinginkitchen,cuttinginkitchen,"['cuttinginkitchen', 'punch', 'mixing', 'pizzatossing', 'salsaspin']",True,True
v_CuttingInKitchen_g01_c05.avi,cuttinginkitchen,cuttinginkitchen,"['cuttinginkitchen', 'punch', 'mixing', 'cleanandjerk', 'pizzatossing']",True,True
v_CuttingInKitchen_g02_c01.avi,cuttinginkitchen,cuttinginkitchen,"['cuttinginkitchen', 'punch', 'mixing', 'hammering', 'frontcrawl']",True,True
v_CuttingInKitchen_g02_c02.avi,cuttinginkitchen,cuttinginkitchen,"['cuttinginkitchen', 'punch', 'mixing', 'hammering', 'frontcrawl']",True,True
v_CuttingInKitchen_g02_c03.avi,cuttinginkitchen,cuttinginkitchen,"['cuttinginkitchen', 'punch', 'mixing', 'hammering', 'stillrings']",True,True
v_CuttingInKitchen_g02_c04.avi,cuttinginkitchen,cuttinginkitchen,"['cuttinginkitchen', 'punch', 'mixing', 'hammering', 'frontcrawl']",True,True
v_CuttingInKitchen_g03_c01.avi,cuttinginkitchen,cuttinginkitchen,"['cuttinginkitchen', 'punch', 'salsaspin', 'hammering', 'stillrings']",True,True
v_Diving_g01_c01.avi,diving,breaststroke,"['breaststroke', 'diving', 'highjump', 'frontcrawl', 'cliffdiving']",False,True
v_Diving_g01_c02.avi,diving,breaststroke,"['breaststroke', 'diving', 'highjump', 'frontcrawl', 'trampolinejumping']",False,True
v_Diving_g01_c03.avi,diving,breaststroke,"['breaststroke', 'diving', 'highjump', 'trampolinejumping', 'cliffdiving']",False,True
v_Diving_g01_c04.avi,diving,breaststroke,"['breaststroke', 'diving', 'highjump', 'trampolinejumping', 'cliffdiving']",False,True
v_Diving_g01_c05.avi,diving,breaststroke,"['breaststroke', 'diving', 'highjump', 'trampolinejumping', 'cliffdiving']",False,True
v_Diving_g01_c06.avi,diving,breaststroke,"['breaststroke', 'diving', 'highjump', 'trampolinejumping', 'frontcrawl']",False,True
v_Diving_g01_c07.avi,diving,breaststroke,"['breaststroke', 'diving', 'highjump', 'trampolinejumping', 'cliffdiving']",False,True
v_Diving_g02_c01.avi,diving,breaststroke,"['breaststroke', 'highjump', 'diving', 'trampolinejumping', 'rowing']",False,True
v_Diving_g02_c02.avi,diving,breaststroke,"['breaststroke', 'rowing', 'diving', 'highjump', 'trampolinejumping']",False,True
v_Diving_g02_c03.avi,diving,breaststroke,"['breaststroke', 'highjump', 'diving', 'trampolinejumping', 'parallelbars']",False,True
v_Drumming_g01_c01.avi,drumming,drumming,"['drumming', 'playingdaf', 'playingdhol', 'frontcrawl', 'mixing']",True,True
v_Drumming_g01_c02.avi,drumming,drumming,"['drumming', 'playingdaf', 'playingdhol', 'frontcrawl', 'mixing']",True,True
v_Drumming_g01_c03.avi,drumming,drumming,"['drumming', 'playingdaf', 'playingdhol', 'frontcrawl', 'mixing']",True,True
v_Drumming_g01_c04.avi,drumming,drumming,"['drumming', 'playingdaf', 'playingdhol', 'frontcrawl', 'jumpingjack']",True,True
v_Drumming_g01_c05.avi,drumming,drumming,"['drumming', 'playingdaf', 'frontcrawl', 'playingdhol', 'mixing']",True,True
v_Drumming_g01_c06.avi,drumming,drumming,"['drumming', 'playingdaf', 'playingdhol', 'mixing', 'frontcrawl']",True,True
v_Drumming_g01_c07.avi,drumming,drumming,"['drumming', 'playingdaf', 'playingdhol', 'mixing', 'bandmarching']",True,True
v_Drumming_g02_c01.avi,drumming,drumming,"['drumming', 'playingdaf', 'playingdhol', 'frontcrawl', 'stillrings']",True,True
v_Drumming_g02_c02.avi,drumming,drumming,"['drumming', 'playingdaf', 'playingdhol', 'frontcrawl', 'stillrings']",True,True
v_Drumming_g02_c03.avi,drumming,drumming,"['drumming', 'playingdaf', 'playingdhol', 'frontcrawl', 'stillrings']",True,True
v_Fencing_g01_c01.avi,fencing,fencing,"['fencing', 'javelinthrow', 'throwdiscus', 'longjump', 'highjump']",True,True
v_Fencing_g01_c02.avi,fencing,fencing,"['fencing', 'javelinthrow', 'throwdiscus', 'longjump', 'hammerthrow']",True,True
v_Fencing_g01_c03.avi,fencing,fencing,"['fencing', 'javelinthrow', 'throwdiscus', 'longjump', 'hammerthrow']",True,True
v_Fencing_g01_c04.avi,fencing,fencing,"['fencing', 'javelinthrow', 'throwdiscus', 'longjump', 'hammerthrow']",True,True
v_Fencing_g01_c05.avi,fencing,fencing,"['fencing', 'javelinthrow', 'throwdiscus', 'hammerthrow', 'longjump']",True,True
v_Fencing_g01_c06.avi,fencing,fencing,"['fencing', 'javelinthrow', 'hammerthrow', 'punch', 'throwdiscus']",True,True
v_Fencing_g02_c01.avi,fencing,fencing,"['fencing', 'javelinthrow', 'highjump', 'pommelhorse', 'polevault']",True,True
v_Fencing_g02_c02.avi,fencing,fencing,"['fencing', 'javelinthrow', 'hammerthrow', 'highjump', 'polevault']",True,True
v_Fencing_g02_c03.avi,fencing,fencing,"['fencing', 'highjump', 'pommelhorse', 'unevenbars', 'javelinthrow']",True,True
v_Fencing_g02_c04.avi,fencing,fencing,"['fencing', 'highjump', 'pommelhorse', 'javelinthrow', 'unevenbars']",True,True
v_FieldHockeyPenalty_g01_c01.avi,fieldhockeypenalty,fieldhockeypenalty,"['fieldhockeypenalty', 'hammerthrow', 'soccerjuggling', 'throwdiscus', 'soccerpenalty']",True,True
v_FieldHockeyPenalty_g01_c02.avi,fieldhockeypenalty,fieldhockeypenalty,"['fieldhockeypenalty', 'hammerthrow', 'throwdiscus', 'javelinthrow', 'soccerjuggling']",True,True
v_FieldHockeyPenalty_g01_c03.avi,fieldhockeypenalty,fieldhockeypenalty,"['fieldhockeypenalty', 'soccerpenalty', 'hammerthrow', 'soccerjuggling', 'throwdiscus']",True,True
v_FieldHockeyPenalty_g01_c04.avi,fieldhockeypenalty,fieldhockeypenalty,"['fieldhockeypenalty', 'hammerthrow', 'throwdiscus', 'javelinthrow', 'frisbeecatch']",True,True
v_FieldHockeyPenalty_g01_c05.avi,fieldhockeypenalty,fieldhockeypenalty,"['fieldhockeypenalty', 'hammerthrow', 'soccerjuggling', 'throwdiscus', 'soccerpenalty']",True,True
v_FieldHockeyPenalty_g02_c01.avi,fieldhockeypenalty,fieldhockeypenalty,"['fieldhockeypenalty', 'soccerpenalty', 'soccerjuggling', 'cricketshot', 'hammerthrow']",True,True
v_FieldHockeyPenalty_g02_c02.avi,fieldhockeypenalty,fieldhockeypenalty,"['fieldhockeypenalty', 'soccerpenalty', 'soccerjuggling', 'hammerthrow', 'frisbeecatch']",True,True
v_FieldHockeyPenalty_g02_c03.avi,fieldhockeypenalty,fieldhockeypenalty,"['fieldhockeypenalty', 'soccerpenalty', 'soccerjuggling', 'hammerthrow', 'cricketshot']",True,True
v_FieldHockeyPenalty_g02_c04.avi,fieldhockeypenalty,fieldhockeypenalty,"['fieldhockeypenalty', 'soccerpenalty', 'soccerjuggling', 'hammerthrow', 'frisbeecatch']",True,True
v_FieldHockeyPenalty_g02_c05.avi,fieldhockeypenalty,fieldhockeypenalty,"['fieldhockeypenalty', 'soccerpenalty', 'soccerjuggling', 'hammerthrow', 'frisbeecatch']",True,True
v_FloorGymnastics_g01_c01.avi,floorgymnastics,floorgymnastics,"['floorgymnastics', 'trampolinejumping', 'polevault', 'unevenbars', 'highjump']",True,True
v_FloorGymnastics_g01_c02.avi,floorgymnastics,floorgymnastics,"['floorgymnastics', 'pommelhorse', 'unevenbars', 'balancebeam', 'parallelbars']",True,True
v_FloorGymnastics_g01_c03.avi,floorgymnastics,floorgymnastics,"['floorgymnastics', 'unevenbars', 'pommelhorse', 'polevault', 'trampolinejumping']",True,True
v_FloorGymnastics_g01_c04.avi,floorgymnastics,floorgymnastics,"['floorgymnastics', 'pommelhorse', 'unevenbars', 'handstandwalking', 'trampolinejumping']",True,True
v_FloorGymnastics_g01_c05.avi,floorgymnastics,floorgymnastics,"['floorgymnastics', 'unevenbars', 'polevault', 'trampolinejumping', 'highjump']",True,True
v_FloorGymnastics_g02_c01.avi,floorgymnastics,floorgymnastics,"['floorgymnastics', 'pommelhorse', 'unevenbars', 'trampolinejumping', 'handstandwalking']",True,True
v_FloorGymnastics_g02_c02.avi,floorgymnastics,floorgymnastics,"['floorgymnastics', 'pommelhorse', 'unevenbars', 'handstandwalking', 'balancebeam']",True,True
v_FloorGymnastics_g02_c03.avi,floorgymnastics,floorgymnastics,"['floorgymnastics', 'pommelhorse', 'unevenbars', 'balancebeam', 'frontcrawl']",True,True
v_FloorGymnastics_g02_c04.avi,floorgymnastics,floorgymnastics,"['floorgymnastics', 'unevenbars', 'pommelhorse', 'handstandwalking', 'polevault']",True,True
v_FloorGymnastics_g03_c01.avi,floorgymnastics,floorgymnastics,"['floorgymnastics', 'pommelhorse', 'unevenbars', 'highjump', 'trampolinejumping']",True,True
v_FrisbeeCatch_g01_c01.avi,frisbeecatch,frontcrawl,"['frontcrawl', 'throwdiscus', 'frisbeecatch', 'javelinthrow', 'longjump']",False,True
v_FrisbeeCatch_g01_c02.avi,frisbeecatch,frisbeecatch,"['frisbeecatch', 'soccerjuggling', 'throwdiscus', 'javelinthrow', 'frontcrawl']",True,True
v_FrisbeeCatch_g01_c03.avi,frisbeecatch,longjump,"['longjump', 'javelinthrow', 'highjump', 'polevault', 'throwdiscus']",False,False
v_FrisbeeCatch_g01_c04.avi,frisbeecatch,throwdiscus,"['throwdiscus', 'javelinthrow', 'frisbeecatch', 'frontcrawl', 'highjump']",False,True
v_FrisbeeCatch_g01_c05.avi,frisbeecatch,throwdiscus,"['throwdiscus', 'frisbeecatch', 'javelinthrow', 'highjump', 'hammerthrow']",False,True
v_FrisbeeCatch_g01_c06.avi,frisbeecatch,javelinthrow,"['javelinthrow', 'longjump', 'throwdiscus', 'frontcrawl', 'polevault']",False,False
v_FrisbeeCatch_g02_c01.avi,frisbeecatch,cricketbowling,"['cricketbowling', 'cricketshot', 'frisbeecatch', 'fieldhockeypenalty', 'throwdiscus']",False,True
v_FrisbeeCatch_g02_c02.avi,frisbeecatch,soccerjuggling,"['soccerjuggling', 'frisbeecatch', 'throwdiscus', 'cricketbowling', 'fieldhockeypenalty']",False,True
v_FrisbeeCatch_g02_c03.avi,frisbeecatch,soccerjuggling,"['soccerjuggling', 'frisbeecatch', 'throwdiscus', 'fieldhockeypenalty', 'soccerpenalty']",False,True
v_FrisbeeCatch_g02_c04.avi,frisbeecatch,frisbeecatch,"['frisbeecatch', 'cricketshot', 'throwdiscus', 'cricketbowling', 'fieldhockeypenalty']",True,True
v_FrontCrawl_g01_c01.avi,frontcrawl,breaststroke,"['breaststroke', 'diving', 'frontcrawl', 'highjump', 'jumpingjack']",False,True
v_FrontCrawl_g01_c02.avi,frontcrawl,breaststroke,"['breaststroke', 'diving', 'frontcrawl', 'cliffdiving', 'highjump']",False,True
v_FrontCrawl_g01_c03.avi,frontcrawl,breaststroke,"['breaststroke', 'diving', 'frontcrawl', 'highjump', 'rowing']",False,True
v_FrontCrawl_g01_c04.avi,frontcrawl,breaststroke,"['breaststroke', 'diving', 'frontcrawl', 'highjump', 'rowing']",False,True
v_FrontCrawl_g02_c01.avi,frontcrawl,breaststroke,"['breaststroke', 'diving', 'frontcrawl', 'cliffdiving', 'highjump']",False,True
v_FrontCrawl_g02_c02.avi,frontcrawl,breaststroke,"['breaststroke', 'diving', 'frontcrawl', 'cliffdiving', 'highjump']",False,True
v_FrontCrawl_g02_c03.avi,frontcrawl,breaststroke,"['breaststroke', 'diving', 'frontcrawl', 'highjump', 'cliffdiving']",False,True
v_FrontCrawl_g02_c04.avi,frontcrawl,breaststroke,"['breaststroke', 'diving', 'frontcrawl', 'cliffdiving', 'rowing']",False,True
v_FrontCrawl_g03_c01.avi,frontcrawl,breaststroke,"['breaststroke', 'diving', 'frontcrawl', 'sumowrestling', 'highjump']",False,True
v_FrontCrawl_g03_c02.avi,frontcrawl,breaststroke,"['breaststroke', 'diving', 'frontcrawl', 'highjump', 'sumowrestling']",False,True
v_GolfSwing_g01_c01.avi,golfswing,golfswing,"['golfswing', 'tennisswing', 'swing', 'tabletennisshot', 'hammerthrow']",True,True
v_GolfSwing_g01_c02.avi,golfswing,golfswing,"['golfswing', 'tennisswing', 'swing', 'hammerthrow', 'tabletennisshot']",True,True
v_GolfSwing_g01_c03.avi,golfswing,golfswing,"['golfswing', 'tennisswing', 'swing', 'tabletennisshot', 'hammerthrow']",True,True
v_GolfSwing_g01_c04.avi,golfswing,golfswing,"['golfswing', 'tennisswing', 'swing', 'tabletennisshot', 'hammerthrow']",True,True
v_GolfSwing_g01_c05.avi,golfswing,golfswing,"['golfswing', 'tennisswing', 'swing', 'tabletennisshot', 'hammerthrow']",True,True
v_GolfSwing_g01_c06.avi,golfswing,golfswing,"['golfswing', 'tennisswing', 'swing', 'tabletennisshot', 'hammerthrow']",True,True
v_GolfSwing_g02_c01.avi,golfswing,golfswing,"['golfswing', 'highjump', 'tennisswing', 'longjump', 'hammerthrow']",True,True
v_GolfSwing_g02_c02.avi,golfswing,golfswing,"['golfswing', 'frisbeecatch', 'tennisswing', 'throwdiscus', 'hammerthrow']",True,True
v_GolfSwing_g02_c03.avi,golfswing,golfswing,"['golfswing', 'jumprope', 'tennisswing', 'frisbeecatch', 'javelinthrow']",True,True
v_GolfSwing_g02_c04.avi,golfswing,golfswing,"['golfswing', 'tennisswing', 'frisbeecatch', 'javelinthrow', 'throwdiscus']",True,True
v_Haircut_g01_c01.avi,haircut,haircut,"['haircut', 'blowdryhair', 'headmassage', 'shavingbeard', 'applyeyemakeup']",True,True
v_Haircut_g01_c02.avi,haircut,haircut,"['haircut', 'blowdryhair', 'headmassage', 'shavingbeard', 'punch']",True,True
v_Haircut_g01_c03.avi,haircut,haircut,"['haircut', 'blowdryhair', 'headmassage', 'cleanandjerk', 'shavingbeard']",True,True
v_Haircut_g01_c04.avi,haircut,haircut,"['haircut', 'blowdryhair', 'headmassage', 'applylipstick', 'applyeyemakeup']",True,True
v_Haircut_g02_c01.avi,haircut,haircut,"['haircut', 'blowdryhair', 'shavingbeard', 'headmassage', 'skijet']",True,True
v_Haircut_g02_c02.avi,haircut,haircut,"['haircut', 'blowdryhair', 'headmassage', 'shavingbeard', 'cleanandjerk']",True,True
v_Haircut_g02_c03.avi,haircut,haircut,"['haircut', 'headmassage', 'blowdryhair', 'shavingbeard', 'punch']",True,True
v_Haircut_g02_c04.avi,haircut,haircut,"['haircut', 'headmassage', 'blowdryhair', 'shavingbeard', 'cleanandjerk']",True,True
v_Haircut_g03_c01.avi,haircut,blowdryhair,"['blowdryhair', 'haircut', 'headmassage', 'shavingbeard', 'punch']",False,True
v_Haircut_g03_c02.avi,haircut,haircut,"['haircut', 'blowdryhair', 'headmassage', 'shavingbeard', 'cuttinginkitchen']",True,True
v_Hammering_g01_c01.avi,hammering,brushingteeth,"['brushingteeth', 'nunchucks', 'shavingbeard', 'babycrawling', 'pullups']",False,False
v_Hammering_g01_c02.avi,hammering,brushingteeth,"['brushingteeth', 'shavingbeard', 'haircut', 'nunchucks', 'hammering']",False,True
v_Hammering_g01_c03.avi,hammering,brushingteeth,"['brushingteeth', 'nunchucks', 'pullups', 'haircut', 'boxingpunchingbag']",False,False
v_Hammering_g01_c04.avi,hammering,brushingteeth,"['brushingteeth', 'wallpushups', 'pullups', 'babycrawling', 'nunchucks']",False,False
v_Hammering_g02_c01.avi,hammering,hammering,"['hammering', 'cuttinginkitchen', 'tabletennisshot', 'haircut', 'punch']",True,True
v_Hammering_g02_c02.avi,hammering,hammering,"['hammering', 'tabletennisshot', 'cuttinginkitchen', 'haircut', 'punch']",True,True
v_Hammering_g02_c03.avi,hammering,hammering,"['hammering', 'tabletennisshot', 'playingdaf', 'cuttinginkitchen', 'hammerthrow']",True,True
v_Hammering_g02_c04.avi,hammering,hammering,"['hammering', 'tabletennisshot', 'playingdaf', 'haircut', 'brushingteeth']",True,True
v_Hammering_g03_c01.avi,hammering,hammering,"['hammering', 'babycrawling', 'moppingfloor', 'skijet', 'cuttinginkitchen']",True,True
v_Hammering_g03_c02.avi,hammering,hammering,"['hammering', 'cuttinginkitchen', 'nunchucks', 'fencing', 'balancebeam']",True,True
v_HammerThrow_g01_c01.avi,hammerthrow,javelinthrow,"['javelinthrow', 'highjump', 'polevault', 'throwdiscus', 'shotput']",False,False
v_HammerThrow_g01_c02.avi,hammerthrow,fencing,"['fencing', 'throwdiscus', 'trampolinejumping', 'jumprope', 'pommelhorse']",False,False
v_HammerThrow_g01_c03.avi,hammerthrow,throwdiscus,"['throwdiscus', 'fencing', 'trampolinejumping', 'skateboarding', 'shotput']",False,False
v_HammerThrow_g01_c04.avi,hammerthrow,throwdiscus,"['throwdiscus', 'shotput', 'hammerthrow', 'javelinthrow', 'tennisswing']",False,True
v_HammerThrow_g01_c05.avi,hammerthrow,throwdiscus,"['throwdiscus', 'shotput', 'polevault', 'javelinthrow', 'highjump']",False,False
v_HammerThrow_g01_c06.avi,hammerthrow,hammerthrow,"['hammerthrow', 'throwdiscus', 'baseballpitch', 'javelinthrow', 'fencing']",True,True
v_HammerThrow_g02_c01.avi,hammerthrow,throwdiscus,"['throwdiscus', 'shotput', 'polevault', 'highjump', 'javelinthrow']",False,False
v_HammerThrow_g02_c02.avi,hammerthrow,throwdiscus,"['throwdiscus', 'shotput', 'polevault', 'highjump', 'javelinthrow']",False,False
v_HammerThrow_g02_c03.avi,hammerthrow,shotput,"['shotput', 'throwdiscus', 'javelinthrow', 'polevault', 'highjump']",False,False
v_HammerThrow_g02_c04.avi,hammerthrow,throwdiscus,"['throwdiscus', 'shotput', 'polevault', 'highjump', 'javelinthrow']",False,False
v_HandStandPushups_g01_c01.avi,handstandpushups,handstandpushups,"['handstandpushups', 'handstandwalking', 'wallpushups', 'pushups', 'pullups']",True,True
v_HandStandPushups_g01_c02.avi,handstandpushups,handstandpushups,"['handstandpushups', 'handstandwalking', 'wallpushups', 'pushups', 'pullups']",True,True
v_HandStandPushups_g01_c03.avi,handstandpushups,handstandpushups,"['handstandpushups', 'wallpushups', 'handstandwalking', 'pushups', 'pullups']",True,True
v_HandStandPushups_g01_c04.avi,handstandpushups,handstandpushups,"['handstandpushups', 'wallpushups', 'handstandwalking', 'pushups', 'pullups']",True,True
v_HandStandPushups_g02_c01.avi,handstandpushups,handstandpushups,"['handstandpushups', 'handstandwalking', 'pushups', 'frontcrawl', 'jumpingjack']",True,True
v_HandStandPushups_g02_c02.avi,handstandpushups,handstandpushups,"['handstandpushups', 'handstandwalking', 'pushups', 'frontcrawl', 'jumpingjack']",True,True
v_HandStandPushups_g02_c03.avi,handstandpushups,handstandpushups,"['handstandpushups', 'handstandwalking', 'frontcrawl', 'pushups', 'jumpingjack']",True,True
v_HandStandPushups_g02_c04.avi,handstandpushups,handstandpushups,"['handstandpushups', 'handstandwalking', 'frontcrawl', 'jumpingjack', 'pushups']",True,True
v_HandStandPushups_g03_c01.avi,handstandpushups,handstandpushups,"['handstandpushups', 'handstandwalking', 'wallpushups', 'pommelhorse', 'frontcrawl']",True,True
v_HandStandPushups_g03_c02.avi,handstandpushups,handstandpushups,"['handstandpushups', 'handstandwalking', 'wallpushups', 'pommelhorse', 'frontcrawl']",True,True
v_HandstandWalking_g01_c01.avi,handstandwalking,handstandpushups,"['handstandpushups', 'handstandwalking', 'pushups', 'wallpushups', 'pullups']",False,True
v_HandstandWalking_g01_c02.avi,handstandwalking,handstandwalking,"['handstandwalking', 'handstandpushups', 'pushups', 'babycrawling', 'pullups']",True,True
v_HandstandWalking_g01_c03.avi,handstandwalking,handstandwalking,"['handstandwalking', 'babycrawling', 'pullups', 'handstandpushups', 'jumpingjack']",True,True
v_HandstandWalking_g01_c04.avi,handstandwalking,handstandpushups,"['handstandpushups', 'handstandwalking', 'pullups', 'wallpushups', 'jumpingjack']",False,True
v_HandstandWalking_g02_c01.avi,handstandwalking,jumpingjack,"['jumpingjack', 'swing', 'balancebeam', 'salsaspin', 'stillrings']",False,False
v_HandstandWalking_g02_c02.avi,handstandwalking,jumpingjack,"['jumpingjack', 'handstandwalking', 'trampolinejumping', 'ropeclimbing', 'handstandpushups']",False,True
v_HandstandWalking_g02_c03.avi,handstandwalking,jumpingjack,"['jumpingjack', 'handstandwalking', 'ropeclimbing', 'trampolinejumping', 'swing']",False,True
v_HandstandWalking_g02_c04.avi,handstandwalking,jumpingjack,"['jumpingjack', 'handstandwalking', 'balancebeam', 'swing', 'pullups']",False,True
v_HandstandWalking_g03_c01.avi,handstandwalking,handstandwalking,"['handstandwalking', 'handstandpushups', 'pushups', 'frontcrawl', 'wallpushups']",True,True
v_HandstandWalking_g03_c02.avi,handstandwalking,handstandwalking,"['handstandwalking', 'handstandpushups', 'pushups', 'frontcrawl', 'wallpushups']",True,True
v_HeadMassage_g01_c01.avi,headmassage,haircut,"['haircut', 'blowdryhair', 'headmassage', 'shavingbeard', 'punch']",False,True
v_HeadMassage_g01_c02.avi,headmassage,haircut,"['haircut', 'blowdryhair', 'headmassage', 'shavingbeard', 'punch']",False,True
v_HeadMassage_g01_c03.avi,headmassage,haircut,"['haircut', 'blowdryhair', 'headmassage', 'shavingbeard', 'brushingteeth']",False,True
v_HeadMassage_g01_c04.avi,headmassage,haircut,"['haircut', 'blowdryhair', 'headmassage', 'shavingbeard', 'brushingteeth']",False,True
v_HeadMassage_g01_c05.avi,headmassage,haircut,"['haircut', 'blowdryhair', 'headmassage', 'shavingbeard', 'brushingteeth']",False,True
v_HeadMassage_g02_c01.avi,headmassage,headmassage,"['headmassage', 'haircut', 'shavingbeard', 'blowdryhair', 'punch']",True,True
v_HeadMassage_g02_c02.avi,headmassage,haircut,"['haircut', 'headmassage', 'shavingbeard', 'blowdryhair', 'punch']",False,True
v_HeadMassage_g02_c03.avi,headmassage,haircut,"['haircut', 'headmassage', 'shavingbeard', 'blowdryhair', 'punch']",False,True
v_HeadMassage_g02_c04.avi,headmassage,haircut,"['haircut', 'headmassage', 'shavingbeard', 'blowdryhair', 'punch']",False,True
v_HeadMassage_g02_c05.avi,headmassage,headmassage,"['headmassage', 'haircut', 'shavingbeard', 'blowdryhair', 'punch']",True,True
v_HighJump_g01_c01.avi,highjump,highjump,"['highjump', 'trampolinejumping', 'boxingspeedbag', 'floorgymnastics', 'pommelhorse']",True,True
v_HighJump_g01_c02.avi,highjump,volleyballspiking,"['volleyballspiking', 'floorgymnastics', 'highjump', 'basketballdunk', 'basketball']",False,True
v_HighJump_g01_c03.avi,highjump,highjump,"['highjump', 'longjump', 'trampolinejumping', 'floorgymnastics', 'volleyballspiking']",True,True
v_HighJump_g01_c04.avi,highjump,highjump,"['highjump', 'longjump', 'polevault', 'shotput', 'fencing']",True,True
v_HighJump_g01_c05.avi,highjump,highjump,"['highjump', 'boxingspeedbag', 'longjump', 'polevault', 'trampolinejumping']",True,True
v_HighJump_g02_c01.avi,highjump,highjump,"['highjump', 'longjump', 'polevault', 'trampolinejumping', 'floorgymnastics']",True,True
v_HighJump_g02_c02.avi,highjump,highjump,"['highjump', 'polevault', 'javelinthrow', 'longjump', 'throwdiscus']",True,True
v_HighJump_g02_c03.avi,highjump,highjump,"['highjump', 'longjump', 'polevault', 'throwdiscus', 'javelinthrow']",True,True
v_HighJump_g02_c04.avi,highjump,highjump,"['highjump', 'polevault', 'longjump', 'javelinthrow', 'trampolinejumping']",True,True
v_HighJump_g02_c05.avi,highjump,highjump,"['highjump', 'longjump', 'polevault', 'javelinthrow', 'throwdiscus']",True,True
v_HorseRace_g01_c01.avi,horserace,horserace,"['horserace', 'horseriding', 'frontcrawl', 'fencing', 'longjump']",True,True
v_HorseRace_g01_c02.avi,horserace,horserace,"['horserace', 'fencing', 'frontcrawl', 'horseriding', 'longjump']",True,True
v_HorseRace_g01_c03.avi,horserace,horserace,"['horserace', 'horseriding', 'fencing', 'frontcrawl', 'longjump']",True,True
v_HorseRace_g01_c04.avi,horserace,horserace,"['horserace', 'horseriding', 'fencing', 'frontcrawl', 'polevault']",True,True
v_HorseRace_g02_c01.avi,horserace,horserace,"['horserace', 'horseriding', 'fencing', 'frontcrawl', 'polevault']",True,True
v_HorseRace_g02_c02.avi,horserace,horserace,"['horserace', 'horseriding', 'fencing', 'frontcrawl', 'punch']",True,True
v_HorseRace_g02_c03.avi,horserace,horserace,"['horserace', 'fencing', 'horseriding', 'frontcrawl', 'punch']",True,True
v_HorseRace_g02_c04.avi,horserace,horserace,"['horserace', 'horseriding', 'fencing', 'frontcrawl', 'punch']",True,True
v_HorseRace_g03_c01.avi,horserace,horserace,"['horserace', 'horseriding', 'frontcrawl', 'fencing', 'punch']",True,True
v_HorseRace_g03_c02.avi,horserace,horserace,"['horserace', 'horseriding', 'frontcrawl', 'fencing', 'highjump']",True,True
v_HorseRiding_g01_c01.avi,horseriding,horserace,"['horserace', 'horseriding', 'jumpingjack', 'highjump', 'fencing']",False,True
v_HorseRiding_g01_c02.avi,horseriding,horseriding,"['horseriding', 'horserace', 'jumpingjack', 'fencing', 'longjump']",True,True
v_HorseRiding_g01_c03.avi,horseriding,horseriding,"['horseriding', 'horserace', 'jumpingjack', 'fencing', 'highjump']",True,True
v_HorseRiding_g01_c04.avi,horseriding,horserace,"['horserace', 'horseriding', 'jumpingjack', 'fencing', 'highjump']",False,True
v_HorseRiding_g01_c05.avi,horseriding,horseriding,"['horseriding', 'horserace', 'jumpingjack', 'longjump', 'highjump']",True,True
v_HorseRiding_g01_c06.avi,horseriding,horserace,"['horserace', 'horseriding', 'fencing', 'jumpingjack', 'highjump']",False,True
v_HorseRiding_g01_c07.avi,horseriding,horserace,"['horserace', 'horseriding', 'fencing', 'jumpingjack', 'highjump']",False,True
v_HorseRiding_g02_c01.avi,horseriding,horseriding,"['horseriding', 'horserace', 'jumpingjack', 'swing', 'fencing']",True,True
v_HorseRiding_g02_c02.avi,horseriding,horseriding,"['horseriding', 'horserace', 'jumpingjack', 'pommelhorse', 'swing']",True,True
v_HorseRiding_g02_c03.avi,horseriding,horseriding,"['horseriding', 'horserace', 'jumpingjack', 'fencing', 'swing']",True,True
v_HulaHoop_g01_c01.avi,hulahoop,hulahoop,"['hulahoop', 'salsaspin', 'jumprope', 'icedancing', 'nunchucks']",True,True
v_HulaHoop_g01_c02.avi,hulahoop,hulahoop,"['hulahoop', 'salsaspin', 'icedancing', 'jumprope', 'jumpingjack']",True,True
v_HulaHoop_g01_c03.avi,hulahoop,hulahoop,"['hulahoop', 'jumprope', 'salsaspin', 'icedancing', 'tennisswing']",True,True
v_HulaHoop_g01_c04.avi,hulahoop,hulahoop,"['hulahoop', 'jumprope', 'salsaspin', 'icedancing', 'tennisswing']",True,True
v_HulaHoop_g01_c05.avi,hulahoop,hulahoop,"['hulahoop', 'salsaspin', 'jumprope', 'yoyo', 'icedancing']",True,True
v_HulaHoop_g01_c06.avi,hulahoop,hulahoop,"['hulahoop', 'jumprope', 'salsaspin', 'icedancing', 'tennisswing']",True,True
v_HulaHoop_g01_c07.avi,hulahoop,hulahoop,"['hulahoop', 'jumprope', 'salsaspin', 'icedancing', 'swing']",True,True
v_HulaHoop_g02_c01.avi,hulahoop,hulahoop,"['hulahoop', 'salsaspin', 'jumprope', 'yoyo', 'stillrings']",True,True
v_HulaHoop_g02_c02.avi,hulahoop,hulahoop,"['hulahoop', 'salsaspin', 'jumprope', 'yoyo', 'stillrings']",True,True
v_HulaHoop_g02_c03.avi,hulahoop,hulahoop,"['hulahoop', 'salsaspin', 'jumprope', 'yoyo', 'stillrings']",True,True
v_IceDancing_g01_c01.avi,icedancing,icedancing,"['icedancing', 'swing', 'frontcrawl', 'skijet', 'salsaspin']",True,True
v_IceDancing_g01_c02.avi,icedancing,icedancing,"['icedancing', 'frontcrawl', 'swing', 'skijet', 'floorgymnastics']",True,True
v_IceDancing_g01_c03.avi,icedancing,icedancing,"['icedancing', 'frontcrawl', 'swing', 'skijet', 'stillrings']",True,True
v_IceDancing_g01_c04.avi,icedancing,icedancing,"['icedancing', 'frontcrawl', 'skijet', 'swing', 'punch']",True,True
v_IceDancing_g01_c05.avi,icedancing,icedancing,"['icedancing', 'frontcrawl', 'skijet', 'swing', 'floorgymnastics']",True,True
v_IceDancing_g01_c06.avi,icedancing,icedancing,"['icedancing', 'frontcrawl', 'swing', 'skijet', 'salsaspin']",True,True
v_IceDancing_g01_c07.avi,icedancing,icedancing,"['icedancing', 'frontcrawl', 'skijet', 'swing', 'floorgymnastics']",True,True
v_IceDancing_g02_c01.avi,icedancing,icedancing,"['icedancing', 'swing', 'frontcrawl', 'taichi', 'handstandwalking']",True,True
v_IceDancing_g02_c02.avi,icedancing,icedancing,"['icedancing', 'swing', 'frontcrawl', 'taichi', 'handstandwalking']",True,True
v_IceDancing_g02_c03.avi,icedancing,icedancing,"['icedancing', 'swing', 'frontcrawl', 'taichi', 'handstandwalking']",True,True
v_JavelinThrow_g01_c01.avi,javelinthrow,javelinthrow,"['javelinthrow', 'shotput', 'throwdiscus', 'highjump', 'hammerthrow']",True,True
v_JavelinThrow_g01_c02.avi,javelinthrow,javelinthrow,"['javelinthrow', 'shotput', 'throwdiscus', 'highjump', 'longjump']",True,True
v_JavelinThrow_g01_c03.avi,javelinthrow,javelinthrow,"['javelinthrow', 'throwdiscus', 'shotput', 'highjump', 'longjump']",True,True
v_JavelinThrow_g01_c04.avi,javelinthrow,javelinthrow,"['javelinthrow', 'highjump', 'throwdiscus', 'shotput', 'polevault']",True,True
v_JavelinThrow_g02_c01.avi,javelinthrow,soccerjuggling,"['soccerjuggling', 'javelinthrow', 'cricketshot', 'throwdiscus', 'frisbeecatch']",False,True
v_JavelinThrow_g02_c02.avi,javelinthrow,soccerjuggling,"['soccerjuggling', 'throwdiscus', 'javelinthrow', 'cricketshot', 'highjump']",False,True
v_JavelinThrow_g02_c03.avi,javelinthrow,throwdiscus,"['throwdiscus', 'javelinthrow', 'longjump', 'highjump', 'shotput']",False,True
v_JavelinThrow_g02_c04.avi,javelinthrow,longjump,"['longjump', 'shotput', 'highjump', 'javelinthrow', 'throwdiscus']",False,True
v_JavelinThrow_g03_c01.avi,javelinthrow,javelinthrow,"['javelinthrow', 'polevault', 'hammerthrow', 'throwdiscus', 'highjump']",True,True
v_JavelinThrow_g03_c02.avi,javelinthrow,javelinthrow,"['javelinthrow', 'shotput', 'throwdiscus', 'highjump', 'polevault']",True,True
v_JugglingBalls_g01_c01.avi,jugglingballs,jumprope,"['jumprope', 'nunchucks', 'taichi', 'soccerjuggling', 'handstandwalking']",False,False
v_JugglingBalls_g01_c02.avi,jugglingballs,nunchucks,"['nunchucks', 'jumprope', 'taichi', 'soccerjuggling', 'yoyo']",False,False
v_JugglingBalls_g01_c03.avi,jugglingballs,nunchucks,"['nunchucks', 'jumprope', 'taichi', 'soccerjuggling', 'handstandwalking']",False,False
v_JugglingBalls_g01_c04.avi,jugglingballs,jumprope,"['jumprope', 'nunchucks', 'taichi', 'soccerjuggling', 'yoyo']",False,False
v_JugglingBalls_g02_c01.avi,jugglingballs,yoyo,"['yoyo', 'jumpingjack', 'jugglingballs', 'throwdiscus', 'nunchucks']",False,True
v_JugglingBalls_g02_c02.avi,jugglingballs,yoyo,"['yoyo', 'jumpingjack', 'jugglingballs', 'nunchucks', 'throwdiscus']",False,True
v_JugglingBalls_g02_c03.avi,jugglingballs,yoyo,"['yoyo', 'jumpingjack', 'icedancing', 'punch', 'throwdiscus']",False,False
v_JugglingBalls_g02_c04.avi,jugglingballs,yoyo,"['yoyo', 'jugglingballs', 'throwdiscus', 'jumpingjack', 'shotput']",False,True
v_JugglingBalls_g02_c05.avi,jugglingballs,yoyo,"['yoyo', 'jumpingjack', 'icedancing', 'jugglingballs', 'punch']",False,True
v_JugglingBalls_g02_c06.avi,jugglingballs,yoyo,"['yoyo', 'jugglingballs', 'throwdiscus', 'jumpingjack', 'nunchucks']",False,True
v_JumpingJack_g01_c01.avi,jumpingjack,bodyweightsquats,"['bodyweightsquats', 'lunges', 'jumprope', 'handstandpushups', 'jumpingjack']",False,True
v_JumpingJack_g01_c02.avi,jumpingjack,bodyweightsquats,"['bodyweightsquats', 'jumprope', 'lunges', 'handstandpushups', 'jumpingjack']",False,True
v_JumpingJack_g01_c03.avi,jumpingjack,bodyweightsquats,"['bodyweightsquats', 'lunges', 'jumprope', 'handstandpushups', 'handstandwalking']",False,False
v_JumpingJack_g01_c04.avi,jumpingjack,bodyweightsquats,"['bodyweightsquats', 'jumprope', 'lunges', 'handstandpushups', 'handstandwalking']",False,False
v_JumpingJack_g01_c05.avi,jumpingjack,bodyweightsquats,"['bodyweightsquats', 'lunges', 'jumprope', 'handstandpushups', 'handstandwalking']",False,False
v_JumpingJack_g01_c06.avi,jumpingjack,bodyweightsquats,"['bodyweightsquats', 'jumprope', 'lunges', 'handstandpushups', 'handstandwalking']",False,False
v_JumpingJack_g01_c07.avi,jumpingjack,bodyweightsquats,"['bodyweightsquats', 'jumprope', 'lunges', 'handstandpushups', 'wallpushups']",False,False
v_JumpingJack_g02_c01.avi,jumpingjack,icedancing,"['icedancing', 'jumpingjack', 'pushups', 'jumprope', 'handstandpushups']",False,True
v_JumpingJack_g02_c02.avi,jumpingjack,icedancing,"['icedancing', 'jumpingjack', 'jumprope', 'pushups', 'taichi']",False,True
v_JumpingJack_g02_c03.avi,jumpingjack,icedancing,"['icedancing', 'pushups', 'jumpingjack', 'handstandpushups', 'jumprope']",False,True
v_JumpRope_g01_c01.avi,jumprope,taichi,"['taichi', 'jumprope', 'nunchucks', 'yoyo', 'shotput']",False,True
v_JumpRope_g01_c02.avi,jumprope,taichi,"['taichi', 'jumprope', 'nunchucks', 'shotput', 'javelinthrow']",False,True
v_JumpRope_g01_c03.avi,jumprope,jumprope,"['jumprope', 'taichi', 'nunchucks', 'highjump', 'yoyo']",True,True
v_JumpRope_g01_c04.avi,jumprope,taichi,"['taichi', 'jumprope', 'yoyo', 'shotput', 'nunchucks']",False,True
v_JumpRope_g02_c01.avi,jumprope,jumprope,"['jumprope', 'jumpingjack', 'sumowrestling', 'icedancing', 'trampolinejumping']",True,True
v_JumpRope_g02_c02.avi,jumprope,jumprope,"['jumprope', 'jumpingjack', 'sumowrestling', 'icedancing', 'trampolinejumping']",True,True
v_JumpRope_g02_c03.avi,jumprope,sumowrestling,"['sumowrestling', 'jumprope', 'jumpingjack', 'icedancing', 'boxingspeedbag']",False,True
v_JumpRope_g02_c04.avi,jumprope,jumprope,"['jumprope', 'jumpingjack', 'sumowrestling', 'icedancing', 'trampolinejumping']",True,True
v_JumpRope_g02_c05.avi,jumprope,jumprope,"['jumprope', 'jumpingjack', 'sumowrestling', 'icedancing', 'longjump']",True,True
v_JumpRope_g02_c06.avi,jumprope,jumprope,"['jumprope', 'jumpingjack', 'sumowrestling', 'boxingspeedbag', 'longjump']",True,True
v_Kayaking_g01_c01.avi,kayaking,kayaking,"['kayaking', 'rafting', 'rowing', 'frontcrawl', 'breaststroke']",True,True
v_Kayaking_g01_c02.avi,kayaking,kayaking,"['kayaking', 'rowing', 'frontcrawl', 'breaststroke', 'rafting']",True,True
v_Kayaking_g01_c03.avi,kayaking,kayaking,"['kayaking', 'rowing', 'frontcrawl', 'rafting', 'breaststroke']",True,True
v_Kayaking_g01_c04.avi,kayaking,kayaking,"['kayaking', 'rowing', 'frontcrawl', 'rafting', 'breaststroke']",True,True
v_Kayaking_g01_c05.avi,kayaking,kayaking,"['kayaking', 'rowing', 'rafting', 'frontcrawl', 'breaststroke']",True,True
v_Kayaking_g01_c06.avi,kayaking,kayaking,"['kayaking', 'rowing', 'rafting', 'frontcrawl', 'breaststroke']",True,True
v_Kayaking_g02_c01.avi,kayaking,rafting,"['rafting', 'kayaking', 'ropeclimbing', 'cliffdiving', 'skijet']",False,True
v_Kayaking_g02_c02.avi,kayaking,rafting,"['rafting', 'kayaking', 'ropeclimbing', 'cliffdiving', 'frontcrawl']",False,True
v_Kayaking_g02_c03.avi,kayaking,kayaking,"['kayaking', 'rafting', 'cliffdiving', 'ropeclimbing', 'skijet']",True,True
v_Kayaking_g02_c04.avi,kayaking,kayaking,"['kayaking', 'rafting', 'ropeclimbing', 'cliffdiving', 'skijet']",True,True
v_Knitting_g01_c01.avi,knitting,knitting,"['knitting', 'yoyo', 'stillrings', 'punch', 'hammering']",True,True
v_Knitting_g01_c02.avi,knitting,knitting,"['knitting', 'yoyo', 'punch', 'stillrings', 'hammering']",True,True
v_Knitting_g01_c03.avi,knitting,knitting,"['knitting', 'yoyo', 'punch', 'hammering', 'stillrings']",True,True
v_Knitting_g01_c04.avi,knitting,knitting,"['knitting', 'yoyo', 'hammering', 'stillrings', 'babycrawling']",True,True
v_Knitting_g02_c01.avi,knitting,knitting,"['knitting', 'punch', 'stillrings', 'hammering', 'babycrawling']",True,True
v_Knitting_g02_c02.avi,knitting,knitting,"['knitting', 'punch', 'stillrings', 'hammering', 'yoyo']",True,True
v_Knitting_g02_c03.avi,knitting,knitting,"['knitting', 'punch', 'stillrings', 'hammering', 'babycrawling']",True,True
v_Knitting_g02_c04.avi,knitting,knitting,"['knitting', 'punch', 'stillrings', 'yoyo', 'hammering']",True,True
v_Knitting_g02_c05.avi,knitting,knitting,"['knitting', 'punch', 'stillrings', 'hammering', 'applylipstick']",True,True
v_Knitting_g03_c01.avi,knitting,knitting,"['knitting', 'punch', 'hammering', 'babycrawling', 'stillrings']",True,True
v_LongJump_g01_c01.avi,longjump,longjump,"['longjump', 'javelinthrow', 'highjump', 'polevault', 'throwdiscus']",True,True
v_LongJump_g01_c02.avi,longjump,longjump,"['longjump', 'javelinthrow', 'shotput', 'highjump', 'throwdiscus']",True,True
v_LongJump_g01_c03.avi,longjump,longjump,"['longjump', 'javelinthrow', 'highjump', 'shotput', 'polevault']",True,True
v_LongJump_g01_c04.avi,longjump,longjump,"['longjump', 'javelinthrow', 'shotput', 'highjump', 'polevault']",True,True
v_LongJump_g01_c05.avi,longjump,longjump,"['longjump', 'highjump', 'javelinthrow', 'polevault', 'shotput']",True,True
v_LongJump_g01_c06.avi,longjump,longjump,"['longjump', 'shotput', 'highjump', 'javelinthrow', 'polevault']",True,True
v_LongJump_g01_c07.avi,longjump,longjump,"['longjump', 'highjump', 'javelinthrow', 'polevault', 'shotput']",True,True
v_LongJump_g02_c01.avi,longjump,longjump,"['longjump', 'highjump', 'javelinthrow', 'throwdiscus', 'shotput']",True,True
v_LongJump_g02_c02.avi,longjump,longjump,"['longjump', 'highjump', 'javelinthrow', 'shotput', 'polevault']",True,True
v_LongJump_g02_c03.avi,longjump,longjump,"['longjump', 'highjump', 'shotput', 'javelinthrow', 'throwdiscus']",True,True
v_Lunges_g01_c01.avi,lunges,bodyweightsquats,"['bodyweightsquats', 'lunges', 'benchpress', 'pullups', 'jumprope']",False,True
v_Lunges_g01_c02.avi,lunges,lunges,"['lunges', 'benchpress', 'pullups', 'bodyweightsquats', 'jumprope']",True,True
v_Lunges_g01_c03.avi,lunges,lunges,"['lunges', 'bodyweightsquats', 'benchpress', 'pullups', 'jumprope']",True,True
v_Lunges_g01_c04.avi,lunges,lunges,"['lunges', 'bodyweightsquats', 'benchpress', 'pullups', 'jumprope']",True,True
v_Lunges_g01_c05.avi,lunges,lunges,"['lunges', 'bodyweightsquats', 'jumprope', 'pullups', 'benchpress']",True,True
v_Lunges_g01_c06.avi,lunges,bodyweightsquats,"['bodyweightsquats', 'lunges', 'benchpress', 'pullups', 'jumprope']",False,True
v_Lunges_g01_c07.avi,lunges,pullups,"['pullups', 'lunges', 'benchpress', 'bodyweightsquats', 'jumprope']",False,True
v_Lunges_g02_c01.avi,lunges,bodyweightsquats,"['bodyweightsquats', 'lunges', 'benchpress', 'pullups', 'frontcrawl']",False,True
v_Lunges_g02_c02.avi,lunges,bodyweightsquats,"['bodyweightsquats', 'lunges', 'benchpress', 'frontcrawl', 'pullups']",False,True
v_Lunges_g02_c03.avi,lunges,bodyweightsquats,"['bodyweightsquats', 'lunges', 'benchpress', 'pullups', 'frontcrawl']",False,True
v_MilitaryParade_g01_c01.avi,militaryparade,militaryparade,"['militaryparade', 'bandmarching', 'taichi', 'hammerthrow', 'punch']",True,True
v_MilitaryParade_g01_c02.avi,militaryparade,militaryparade,"['militaryparade', 'bandmarching', 'taichi', 'hammerthrow', 'playingdaf']",True,True
v_MilitaryParade_g01_c03.avi,militaryparade,militaryparade,"['militaryparade', 'bandmarching', 'hammerthrow', 'playingdaf', 'taichi']",True,True
v_MilitaryParade_g01_c04.avi,militaryparade,militaryparade,"['militaryparade', 'bandmarching', 'taichi', 'hammerthrow', 'playingdaf']",True,True
v_MilitaryParade_g01_c05.avi,militaryparade,militaryparade,"['militaryparade', 'bandmarching', 'hammerthrow', 'taichi', 'longjump']",True,True
v_MilitaryParade_g01_c06.avi,militaryparade,militaryparade,"['militaryparade', 'bandmarching', 'hammerthrow', 'longjump', 'swing']",True,True
v_MilitaryParade_g01_c07.avi,militaryparade,militaryparade,"['militaryparade', 'bandmarching', 'hammerthrow', 'longjump', 'playingdaf']",True,True
v_MilitaryParade_g02_c01.avi,militaryparade,militaryparade,"['militaryparade', 'bandmarching', 'taichi', 'frontcrawl', 'jumpingjack']",True,True
v_MilitaryParade_g02_c02.avi,militaryparade,militaryparade,"['militaryparade', 'bandmarching', 'taichi', 'drumming', 'stillrings']",True,True
v_MilitaryParade_g02_c03.avi,militaryparade,militaryparade,"['militaryparade', 'bandmarching', 'taichi', 'fencing', 'frontcrawl']",True,True
v_Mixing_g01_c01.avi,mixing,mixing,"['mixing', 'salsaspin', 'punch', 'pizzatossing', 'cuttinginkitchen']",True,True
v_Mixing_g01_c02.avi,mixing,mixing,"['mixing', 'punch', 'cuttinginkitchen', 'salsaspin', 'pizzatossing']",True,True
v_Mixing_g01_c03.avi,mixing,mixing,"['mixing', 'punch', 'cuttinginkitchen', 'salsaspin', 'icedancing']",True,True
v_Mixing_g01_c04.avi,mixing,mixing,"['mixing', 'cuttinginkitchen', 'punch', 'salsaspin', 'pizzatossing']",True,True
v_Mixing_g01_c05.avi,mixing,mixing,"['mixing', 'cuttinginkitchen', 'punch', 'salsaspin', 'pizzatossing']",True,True
v_Mixing_g01_c06.avi,mixing,mixing,"['mixing', 'punch', 'cuttinginkitchen', 'pizzatossing', 'salsaspin']",True,True
v_Mixing_g01_c07.avi,mixing,mixing,"['mixing', 'cuttinginkitchen', 'punch', 'pizzatossing', 'salsaspin']",True,True
v_Mixing_g02_c01.avi,mixing,mixing,"['mixing', 'punch', 'salsaspin', 'cuttinginkitchen', 'icedancing']",True,True
v_Mixing_g02_c02.avi,mixing,mixing,"['mixing', 'punch', 'salsaspin', 'cuttinginkitchen', 'icedancing']",True,True
v_Mixing_g02_c03.avi,mixing,mixing,"['mixing', 'punch', 'salsaspin', 'cuttinginkitchen', 'icedancing']",True,True
v_MoppingFloor_g01_c01.avi,moppingfloor,moppingfloor,"['moppingfloor', 'babycrawling', 'jumpingjack', 'jumprope', 'handstandwalking']",True,True
v_MoppingFloor_g01_c02.avi,moppingfloor,moppingfloor,"['moppingfloor', 'babycrawling', 'handstandwalking', 'jumprope', 'jumpingjack']",True,True
v_MoppingFloor_g01_c03.avi,moppingfloor,moppingfloor,"['moppingfloor', 'babycrawling', 'cleanandjerk', 'jumprope', 'brushingteeth']",True,True
v_MoppingFloor_g01_c04.avi,moppingfloor,moppingfloor,"['moppingfloor', 'cleanandjerk', 'babycrawling', 'cuttinginkitchen', 'brushingteeth']",True,True
v_MoppingFloor_g02_c01.avi,moppingfloor,moppingfloor,"['moppingfloor', 'balancebeam', 'jumprope', 'frontcrawl', 'longjump']",True,True
v_MoppingFloor_g02_c02.avi,moppingfloor,moppingfloor,"['moppingfloor', 'balancebeam', 'jumprope', 'frontcrawl', 'longjump']",True,True
v_MoppingFloor_g02_c03.avi,moppingfloor,moppingfloor,"['moppingfloor', 'balancebeam', 'frontcrawl', 'floorgymnastics', 'longjump']",True,True
v_MoppingFloor_g02_c04.avi,moppingfloor,moppingfloor,"['moppingfloor', 'balancebeam', 'cleanandjerk', 'frontcrawl', 'mixing']",True,True
v_MoppingFloor_g02_c05.avi,moppingfloor,moppingfloor,"['moppingfloor', 'balancebeam', 'jumprope', 'frontcrawl', 'longjump']",True,True
v_MoppingFloor_g02_c06.avi,moppingfloor,moppingfloor,"['moppingfloor', 'balancebeam', 'jumprope', 'frontcrawl', 'cleanandjerk']",True,True
v_Nunchucks_g01_c01.avi,nunchucks,jumpingjack,"['jumpingjack', 'jumprope', 'hammerthrow', 'frisbeecatch', 'icedancing']",False,False
v_Nunchucks_g01_c02.avi,nunchucks,jumpingjack,"['jumpingjack', 'jumprope', 'frisbeecatch', 'icedancing', 'hammerthrow']",False,False
v_Nunchucks_g01_c03.avi,nunchucks,jumpingjack,"['jumpingjack', 'icedancing', 'swing', 'walkingwithdog', 'jumprope']",False,False
v_Nunchucks_g01_c04.avi,nunchucks,walkingwithdog,"['walkingwithdog', 'jumpingjack', 'icedancing', 'swing', 'punch']",False,False
v_Nunchucks_g02_c01.avi,nunchucks,nunchucks,"['nunchucks', 'jumprope', 'throwdiscus', 'taichi', 'javelinthrow']",True,True
v_Nunchucks_g02_c02.avi,nunchucks,nunchucks,"['nunchucks', 'throwdiscus', 'taichi', 'hammerthrow', 'javelinthrow']",True,True
v_Nunchucks_g02_c03.avi,nunchucks,nunchucks,"['nunchucks', 'jumprope', 'taichi', 'throwdiscus', 'skateboarding']",True,True
v_Nunchucks_g02_c04.avi,nunchucks,nunchucks,"['nunchucks', 'taichi', 'throwdiscus', 'frisbeecatch', 'shotput']",True,True
v_Nunchucks_g02_c05.avi,nunchucks,taichi,"['taichi', 'nunchucks', 'playingflute', 'javelinthrow', 'hammerthrow']",False,True
v_Nunchucks_g02_c06.avi,nunchucks,nunchucks,"['nunchucks', 'taichi', 'hammerthrow', 'javelinthrow', 'shotput']",True,True
v_ParallelBars_g01_c01.avi,parallelbars,unevenbars,"['unevenbars', 'parallelbars', 'pommelhorse', 'polevault', 'balancebeam']",False,True
v_ParallelBars_g01_c02.avi,parallelbars,unevenbars,"['unevenbars', 'parallelbars', 'floorgymnastics', 'polevault', 'highjump']",False,True
v_ParallelBars_g01_c03.avi,parallelbars,unevenbars,"['unevenbars', 'parallelbars', 'pommelhorse', 'balancebeam', 'highjump']",False,True
v_ParallelBars_g01_c04.avi,parallelbars,unevenbars,"['unevenbars', 'parallelbars', 'pommelhorse', 'balancebeam', 'floorgymnastics']",False,True
v_ParallelBars_g02_c01.avi,parallelbars,unevenbars,"['unevenbars', 'parallelbars', 'balancebeam', 'floorgymnastics', 'pommelhorse']",False,True
v_ParallelBars_g02_c02.avi,parallelbars,unevenbars,"['unevenbars', 'parallelbars', 'pommelhorse', 'balancebeam', 'floorgymnastics']",False,True
v_ParallelBars_g02_c03.avi,parallelbars,parallelbars,"['parallelbars', 'unevenbars', 'balancebeam', 'pommelhorse', 'floorgymnastics']",True,True
v_ParallelBars_g02_c04.avi,parallelbars,unevenbars,"['unevenbars', 'floorgymnastics', 'parallelbars', 'balancebeam', 'pommelhorse']",False,True
v_ParallelBars_g03_c01.avi,parallelbars,unevenbars,"['unevenbars', 'parallelbars', 'floorgymnastics', 'pommelhorse', 'balancebeam']",False,True
v_ParallelBars_g03_c02.avi,parallelbars,unevenbars,"['unevenbars', 'parallelbars', 'pommelhorse', 'balancebeam', 'floorgymnastics']",False,True
v_PizzaTossing_g01_c01.avi,pizzatossing,pizzatossing,"['pizzatossing', 'cuttinginkitchen', 'salsaspin', 'frisbeecatch', 'throwdiscus']",True,True
v_PizzaTossing_g01_c02.avi,pizzatossing,pizzatossing,"['pizzatossing', 'sumowrestling', 'boxingpunchingbag', 'tabletennisshot', 'playingdaf']",True,True
v_PizzaTossing_g01_c03.avi,pizzatossing,pizzatossing,"['pizzatossing', 'frisbeecatch', 'throwdiscus', 'sumowrestling', 'playingdaf']",True,True
v_PizzaTossing_g01_c04.avi,pizzatossing,pizzatossing,"['pizzatossing', 'frisbeecatch', 'throwdiscus', 'sumowrestling', 'playingdaf']",True,True
v_PizzaTossing_g02_c01.avi,pizzatossing,cuttinginkitchen,"['cuttinginkitchen', 'pizzatossing', 'mixing', 'moppingfloor', 'punch']",False,True
v_PizzaTossing_g02_c02.avi,pizzatossing,cuttinginkitchen,"['cuttinginkitchen', 'pizzatossing', 'mixing', 'punch', 'moppingfloor']",False,True
v_PizzaTossing_g02_c03.avi,pizzatossing,cuttinginkitchen,"['cuttinginkitchen', 'pizzatossing', 'moppingfloor', 'punch', 'mixing']",False,True
v_PizzaTossing_g02_c04.avi,pizzatossing,cuttinginkitchen,"['cuttinginkitchen', 'pizzatossing', 'mixing', 'punch', 'salsaspin']",False,True
v_PizzaTossing_g02_c05.avi,pizzatossing,frisbeecatch,"['frisbeecatch', 'playingdaf', 'punch', 'nunchucks', 'taichi']",False,False
v_PizzaTossing_g03_c01.avi,pizzatossing,pizzatossing,"['pizzatossing', 'frisbeecatch', 'cuttinginkitchen', 'playingdaf', 'pullups']",True,True
v_PlayingCello_g01_c01.avi,playingcello,playingcello,"['playingcello', 'swing', 'playingviolin', 'playingpiano', 'frontcrawl']",True,True
v_PlayingCello_g01_c02.avi,playingcello,playingcello,"['playingcello', 'swing', 'playingpiano', 'playingviolin', 'frontcrawl']",True,True
v_PlayingCello_g01_c03.avi,playingcello,playingcello,"['playingcello', 'swing', 'playingpiano', 'playingviolin', 'frontcrawl']",True,True
v_PlayingCello_g01_c04.avi,playingcello,playingcello,"['playingcello', 'swing', 'playingviolin', 'playingpiano', 'frontcrawl']",True,True
v_PlayingCello_g01_c05.avi,playingcello,playingcello,"['playingcello', 'swing', 'playingviolin', 'playingpiano', 'frontcrawl']",True,True
v_PlayingCello_g01_c06.avi,playingcello,playingcello,"['playingcello', 'swing', 'playingviolin', 'playingpiano', 'frontcrawl']",True,True
v_PlayingCello_g01_c07.avi,playingcello,playingcello,"['playingcello', 'swing', 'playingpiano', 'playingviolin', 'frontcrawl']",True,True
v_PlayingCello_g02_c01.avi,playingcello,playingcello,"['playingcello', 'playingviolin', 'swing', 'tennisswing', 'playingguitar']",True,True
v_PlayingCello_g02_c02.avi,playingcello,playingcello,"['playingcello', 'playingviolin', 'swing', 'playingguitar', 'playingsitar']",True,True
v_PlayingCello_g02_c03.avi,playingcello,playingcello,"['playingcello', 'playingviolin', 'swing', 'playingguitar', 'playingsitar']",True,True
v_PlayingDaf_g01_c01.avi,playingdaf,playingdaf,"['playingdaf', 'drumming', 'playingdhol', 'playingtabla', 'frisbeecatch']",True,True
v_PlayingDaf_g01_c02.avi,playingdaf,playingdaf,"['playingdaf', 'drumming', 'playingdhol', 'playingtabla', 'frisbeecatch']",True,True
v_PlayingDaf_g01_c03.avi,playingdaf,playingdaf,"['playingdaf', 'drumming', 'playingdhol', 'playingtabla', 'frisbeecatch']",True,True
v_PlayingDaf_g01_c04.avi,playingdaf,playingdaf,"['playingdaf', 'drumming', 'playingdhol', 'playingtabla', 'frisbeecatch']",True,True
v_PlayingDaf_g02_c01.avi,playingdaf,playingdaf,"['playingdaf', 'playingdhol', 'drumming', 'playingtabla', 'taichi']",True,True
v_PlayingDaf_g02_c02.avi,playingdaf,playingdaf,"['playingdaf', 'playingdhol', 'drumming', 'playingtabla', 'throwdiscus']",True,True
v_PlayingDaf_g02_c03.avi,playingdaf,playingdaf,"['playingdaf', 'playingdhol', 'drumming', 'playingtabla', 'throwdiscus']",True,True
v_PlayingDaf_g02_c04.avi,playingdaf,playingdaf,"['playingdaf', 'playingdhol', 'drumming', 'playingtabla', 'frisbeecatch']",True,True
v_PlayingDaf_g02_c05.avi,playingdaf,playingdaf,"['playingdaf', 'playingdhol', 'drumming', 'playingtabla', 'taichi']",True,True
v_PlayingDaf_g02_c06.avi,playingdaf,playingdaf,"['playingdaf', 'playingdhol', 'drumming', 'playingtabla', 'throwdiscus']",True,True
v_PlayingDhol_g01_c01.avi,playingdhol,playingdhol,"['playingdhol', 'playingtabla', 'playingdaf', 'drumming', 'playingflute']",True,True
v_PlayingDhol_g01_c02.avi,playingdhol,playingdhol,"['playingdhol', 'playingtabla', 'playingdaf', 'drumming', 'mixing']",True,True
v_PlayingDhol_g01_c03.avi,playingdhol,playingdhol,"['playingdhol', 'playingtabla', 'playingdaf', 'drumming', 'mixing']",True,True
v_PlayingDhol_g01_c04.avi,playingdhol,playingdhol,"['playingdhol', 'playingdaf', 'playingtabla', 'drumming', 'playingguitar']",True,True
v_PlayingDhol_g01_c05.avi,playingdhol,playingdhol,"['playingdhol', 'playingtabla', 'playingdaf', 'drumming', 'mixing']",True,True
v_PlayingDhol_g01_c06.avi,playingdhol,playingdhol,"['playingdhol', 'playingtabla', 'playingdaf', 'drumming', 'mixing']",True,True
v_PlayingDhol_g01_c07.avi,playingdhol,playingdhol,"['playingdhol', 'playingtabla', 'playingdaf', 'drumming', 'playingflute']",True,True
v_PlayingDhol_g02_c01.avi,playingdhol,playingdhol,"['playingdhol', 'drumming', 'playingdaf', 'playingtabla', 'mixing']",True,True
v_PlayingDhol_g02_c02.avi,playingdhol,playingdhol,"['playingdhol', 'drumming', 'playingdaf', 'playingtabla', 'mixing']",True,True
v_PlayingDhol_g02_c03.avi,playingdhol,playingdhol,"['playingdhol', 'drumming', 'playingdaf', 'playingtabla', 'tabletennisshot']",True,True
v_PlayingFlute_g01_c01.avi,playingflute,playingflute,"['playingflute', 'playingviolin', 'playingdaf', 'playingpiano', 'swing']",True,True
v_PlayingFlute_g01_c02.avi,playingflute,playingflute,"['playingflute', 'playingviolin', 'playingdaf', 'playingpiano', 'swing']",True,True
v_PlayingFlute_g01_c03.avi,playingflute,playingflute,"['playingflute', 'playingdaf', 'playingviolin', 'playingpiano', 'swing']",True,True
v_PlayingFlute_g01_c04.avi,playingflute,playingflute,"['playingflute', 'playingviolin', 'playingdaf', 'playingpiano', 'swing']",True,True
v_PlayingFlute_g01_c05.avi,playingflute,playingflute,"['playingflute', 'playingviolin', 'playingdaf', 'playingpiano', 'swing']",True,True
v_PlayingFlute_g01_c06.avi,playingflute,playingflute,"['playingflute', 'playingviolin', 'playingdaf', 'playingpiano', 'swing']",True,True
v_PlayingFlute_g01_c07.avi,playingflute,playingflute,"['playingflute', 'playingviolin', 'playingdaf', 'playingpiano', 'swing']",True,True
v_PlayingFlute_g02_c01.avi,playingflute,playingflute,"['playingflute', 'playingviolin', 'playingdaf', 'swing', 'playingcello']",True,True
v_PlayingFlute_g02_c02.avi,playingflute,playingflute,"['playingflute', 'playingviolin', 'playingdaf', 'taichi', 'swing']",True,True
v_PlayingFlute_g02_c03.avi,playingflute,playingflute,"['playingflute', 'playingviolin', 'playingcello', 'taichi', 'playingdaf']",True,True
v_PlayingGuitar_g01_c01.avi,playingguitar,playingsitar,"['playingsitar', 'playingguitar', 'playingdaf', 'playingcello', 'swing']",False,True
v_PlayingGuitar_g01_c02.avi,playingguitar,playingsitar,"['playingsitar', 'playingguitar', 'playingdaf', 'swing', 'playingcello']",False,True
v_PlayingGuitar_g01_c03.avi,playingguitar,playingsitar,"['playingsitar', 'playingguitar', 'playingdaf', 'swing', 'playingflute']",False,True
v_PlayingGuitar_g01_c04.avi,playingguitar,playingsitar,"['playingsitar', 'playingguitar', 'playingdaf', 'swing', 'playingcello']",False,True
v_PlayingGuitar_g01_c05.avi,playingguitar,playingsitar,"['playingsitar', 'playingguitar', 'playingdaf', 'swing', 'playingcello']",False,True
v_PlayingGuitar_g01_c06.avi,playingguitar,playingsitar,"['playingsitar', 'playingguitar', 'playingdaf', 'playingcello', 'swing']",False,True
v_PlayingGuitar_g02_c01.avi,playingguitar,playingsitar,"['playingsitar', 'playingguitar', 'playingdaf', 'swing', 'salsaspin']",False,True
v_PlayingGuitar_g02_c02.avi,playingguitar,playingsitar,"['playingsitar', 'playingguitar', 'playingdaf', 'swing', 'salsaspin']",False,True
v_PlayingGuitar_g02_c03.avi,playingguitar,playingsitar,"['playingsitar', 'playingguitar', 'playingdaf', 'swing', 'playingflute']",False,True
v_PlayingGuitar_g02_c04.avi,playingguitar,playingsitar,"['playingsitar', 'playingguitar', 'playingdaf', 'swing', 'salsaspin']",False,True
v_PlayingPiano_g01_c01.avi,playingpiano,playingpiano,"['playingpiano', 'punch', 'playingviolin', 'playingflute', 'swing']",True,True
v_PlayingPiano_g01_c02.avi,playingpiano,playingpiano,"['playingpiano', 'playingdaf', 'playingviolin', 'playingflute', 'punch']",True,True
v_PlayingPiano_g01_c03.avi,playingpiano,playingpiano,"['playingpiano', 'punch', 'swing', 'playingdaf', 'playingflute']",True,True
v_PlayingPiano_g01_c04.avi,playingpiano,playingpiano,"['playingpiano', 'swing', 'playingdaf', 'punch', 'playingviolin']",True,True
v_PlayingPiano_g02_c01.avi,playingpiano,playingpiano,"['playingpiano', 'playingviolin', 'playingflute', 'drumming', 'swing']",True,True
v_PlayingPiano_g02_c02.avi,playingpiano,playingpiano,"['playingpiano', 'playingviolin', 'swing', 'playingflute', 'frontcrawl']",True,True
v_PlayingPiano_g02_c03.avi,playingpiano,playingpiano,"['playingpiano', 'playingflute', 'playingviolin', 'swing', 'drumming']",True,True
v_PlayingPiano_g02_c04.avi,playingpiano,playingpiano,"['playingpiano', 'taichi', 'playingviolin', 'playingflute', 'swing']",True,True
v_PlayingPiano_g03_c01.avi,playingpiano,playingpiano,"['playingpiano', 'playingviolin', 'taichi', 'swing', 'punch']",True,True
v_PlayingPiano_g03_c02.avi,playingpiano,playingpiano,"['playingpiano', 'taichi', 'playingviolin', 'swing', 'frontcrawl']",True,True
v_PlayingSitar_g01_c01.avi,playingsitar,playingsitar,"['playingsitar', 'playingdhol', 'skijet', 'playingcello', 'playingguitar']",True,True
v_PlayingSitar_g01_c02.avi,playingsitar,playingsitar,"['playingsitar', 'playingguitar', 'playingdaf', 'playingdhol', 'playingtabla']",True,True
v_PlayingSitar_g01_c03.avi,playingsitar,playingsitar,"['playingsitar', 'playingguitar', 'playingdaf', 'playingdhol', 'playingcello']",True,True
v_PlayingSitar_g01_c04.avi,playingsitar,playingsitar,"['playingsitar', 'playingguitar', 'playingdaf', 'playingdhol', 'frontcrawl']",True,True
v_PlayingSitar_g02_c01.avi,playingsitar,playingsitar,"['playingsitar', 'playingguitar', 'playingdaf', 'swing', 'playingviolin']",True,True
v_PlayingSitar_g02_c02.avi,playingsitar,playingsitar,"['playingsitar', 'playingguitar', 'playingdaf', 'playingviolin', 'swing']",True,True
v_PlayingSitar_g02_c03.avi,playingsitar,playingsitar,"['playingsitar', 'playingguitar', 'playingdaf', 'swing', 'playingviolin']",True,True
v_PlayingSitar_g02_c04.avi,playingsitar,playingsitar,"['playingsitar', 'playingguitar', 'playingdaf', 'playingcello', 'playingviolin']",True,True
v_PlayingSitar_g02_c05.avi,playingsitar,playingsitar,"['playingsitar', 'playingguitar', 'playingdaf', 'playingcello', 'swing']",True,True
v_PlayingSitar_g02_c06.avi,playingsitar,playingsitar,"['playingsitar', 'playingguitar', 'playingdaf', 'playingcello', 'swing']",True,True
v_PlayingTabla_g01_c01.avi,playingtabla,playingtabla,"['playingtabla', 'playingdhol', 'drumming', 'playingdaf', 'playingflute']",True,True
v_PlayingTabla_g01_c02.avi,playingtabla,playingtabla,"['playingtabla', 'playingdhol', 'drumming', 'playingdaf', 'playingflute']",True,True
v_PlayingTabla_g01_c03.avi,playingtabla,playingtabla,"['playingtabla', 'playingdhol', 'drumming', 'playingdaf', 'playingflute']",True,True
v_PlayingTabla_g01_c04.avi,playingtabla,playingtabla,"['playingtabla', 'playingdhol', 'drumming', 'playingdaf', 'playingflute']",True,True
v_PlayingTabla_g02_c01.avi,playingtabla,playingtabla,"['playingtabla', 'playingdhol', 'playingdaf', 'drumming', 'mixing']",True,True
v_PlayingTabla_g02_c02.avi,playingtabla,playingtabla,"['playingtabla', 'playingdhol', 'playingdaf', 'drumming', 'mixing']",True,True
v_PlayingTabla_g02_c03.avi,playingtabla,playingtabla,"['playingtabla', 'playingdhol', 'playingdaf', 'drumming', 'mixing']",True,True
v_PlayingTabla_g02_c04.avi,playingtabla,playingtabla,"['playingtabla', 'playingdhol', 'playingdaf', 'drumming', 'mixing']",True,True
v_PlayingTabla_g03_c01.avi,playingtabla,playingtabla,"['playingtabla', 'playingdhol', 'drumming', 'playingdaf', 'playingflute']",True,True
v_PlayingTabla_g03_c02.avi,playingtabla,playingtabla,"['playingtabla', 'playingdhol', 'playingdaf', 'drumming', 'playingflute']",True,True
v_PlayingViolin_g01_c01.avi,playingviolin,playingviolin,"['playingviolin', 'playingcello', 'playingdaf', 'playingsitar', 'swing']",True,True
v_PlayingViolin_g01_c02.avi,playingviolin,playingviolin,"['playingviolin', 'playingcello', 'playingdaf', 'swing', 'playingsitar']",True,True
v_PlayingViolin_g01_c03.avi,playingviolin,playingviolin,"['playingviolin', 'playingcello', 'playingdaf', 'swing', 'playingsitar']",True,True
v_PlayingViolin_g01_c04.avi,playingviolin,playingviolin,"['playingviolin', 'playingcello', 'playingdaf', 'playingsitar', 'swing']",True,True
v_PlayingViolin_g02_c01.avi,playingviolin,playingviolin,"['playingviolin', 'playingcello', 'swing', 'playingflute', 'playingdaf']",True,True
v_PlayingViolin_g02_c02.avi,playingviolin,playingviolin,"['playingviolin', 'playingcello', 'swing', 'playingflute', 'playingdaf']",True,True
v_PlayingViolin_g02_c03.avi,playingviolin,playingviolin,"['playingviolin', 'playingcello', 'swing', 'playingflute', 'playingdaf']",True,True
v_PlayingViolin_g02_c04.avi,playingviolin,playingviolin,"['playingviolin', 'playingcello', 'swing', 'playingflute', 'playingdaf']",True,True
v_PlayingViolin_g03_c01.avi,playingviolin,playingviolin,"['playingviolin', 'playingcello', 'swing', 'frontcrawl', 'stillrings']",True,True
v_PlayingViolin_g03_c02.avi,playingviolin,playingviolin,"['playingviolin', 'playingcello', 'swing', 'frontcrawl', 'playingsitar']",True,True
v_PoleVault_g01_c01.avi,polevault,highjump,"['highjump', 'polevault', 'javelinthrow', 'throwdiscus', 'longjump']",False,True
v_PoleVault_g01_c02.avi,polevault,highjump,"['highjump', 'javelinthrow', 'polevault', 'tennisswing', 'frisbeecatch']",False,True
v_PoleVault_g01_c03.avi,polevault,highjump,"['highjump', 'javelinthrow', 'polevault', 'throwdiscus', 'frisbeecatch']",False,True
v_PoleVault_g01_c04.avi,polevault,highjump,"['highjump', 'polevault', 'javelinthrow', 'longjump', 'throwdiscus']",False,True
v_PoleVault_g01_c05.avi,polevault,highjump,"['highjump', 'polevault', 'javelinthrow', 'tennisswing', 'hammerthrow']",False,True
v_PoleVault_g02_c01.avi,polevault,highjump,"['highjump', 'polevault', 'longjump', 'trampolinejumping', 'skijet']",False,True
v_PoleVault_g02_c02.avi,polevault,highjump,"['highjump', 'polevault', 'longjump', 'trampolinejumping', 'shotput']",False,True
v_PoleVault_g02_c03.avi,polevault,highjump,"['highjump', 'polevault', 'longjump', 'skijet', 'trampolinejumping']",False,True
v_PoleVault_g02_c04.avi,polevault,highjump,"['highjump', 'polevault', 'trampolinejumping', 'longjump', 'javelinthrow']",False,True
v_PoleVault_g02_c05.avi,polevault,highjump,"['highjump', 'polevault', 'trampolinejumping', 'longjump', 'skijet']",False,True
v_PommelHorse_g01_c01.avi,pommelhorse,pommelhorse,"['pommelhorse', 'unevenbars', 'floorgymnastics', 'balancebeam', 'trampolinejumping']",True,True
v_PommelHorse_g01_c02.avi,pommelhorse,pommelhorse,"['pommelhorse', 'unevenbars', 'floorgymnastics', 'highjump', 'trampolinejumping']",True,True
v_PommelHorse_g01_c03.avi,pommelhorse,pommelhorse,"['pommelhorse', 'unevenbars', 'floorgymnastics', 'balancebeam', 'parallelbars']",True,True
v_PommelHorse_g01_c04.avi,pommelhorse,pommelhorse,"['pommelhorse', 'unevenbars', 'floorgymnastics', 'balancebeam', 'highjump']",True,True
v_PommelHorse_g01_c05.avi,pommelhorse,pommelhorse,"['pommelhorse', 'unevenbars', 'floorgymnastics', 'balancebeam', 'highjump']",True,True
v_PommelHorse_g01_c06.avi,pommelhorse,pommelhorse,"['pommelhorse', 'unevenbars', 'floorgymnastics', 'balancebeam', 'parallelbars']",True,True
v_PommelHorse_g01_c07.avi,pommelhorse,pommelhorse,"['pommelhorse', 'unevenbars', 'floorgymnastics', 'parallelbars', 'balancebeam']",True,True
v_PommelHorse_g02_c01.avi,pommelhorse,pommelhorse,"['pommelhorse', 'unevenbars', 'floorgymnastics', 'hammerthrow', 'highjump']",True,True
v_PommelHorse_g02_c02.avi,pommelhorse,pommelhorse,"['pommelhorse', 'unevenbars', 'floorgymnastics', 'hammerthrow', 'balancebeam']",True,True
v_PommelHorse_g02_c03.avi,pommelhorse,pommelhorse,"['pommelhorse', 'unevenbars', 'floorgymnastics', 'balancebeam', 'parallelbars']",True,True
v_PullUps_g01_c01.avi,pullups,pullups,"['pullups', 'benchpress', 'parallelbars', 'handstandpushups', 'ropeclimbing']",True,True
v_PullUps_g01_c02.avi,pullups,pullups,"['pullups', 'parallelbars', 'handstandpushups', 'benchpress', 'ropeclimbing']",True,True
v_PullUps_g01_c03.avi,pullups,pullups,"['pullups', 'benchpress', 'parallelbars', 'boxingpunchingbag', 'handstandpushups']",True,True
v_PullUps_g01_c04.avi,pullups,pullups,"['pullups', 'benchpress', 'handstandpushups', 'parallelbars', 'ropeclimbing']",True,True
v_PullUps_g02_c01.avi,pullups,pullups,"['pullups', 'handstandpushups', 'parallelbars', 'wallpushups', 'ropeclimbing']",True,True
v_PullUps_g02_c02.avi,pullups,pullups,"['pullups', 'handstandpushups', 'parallelbars', 'wallpushups', 'ropeclimbing']",True,True
v_PullUps_g02_c03.avi,pullups,pullups,"['pullups', 'wallpushups', 'handstandpushups', 'pushups', 'parallelbars']",True,True
v_PullUps_g02_c04.avi,pullups,pullups,"['pullups', 'wallpushups', 'handstandpushups', 'parallelbars', 'pushups']",True,True
v_PullUps_g03_c01.avi,pullups,pullups,"['pullups', 'handstandpushups', 'parallelbars', 'ropeclimbing', 'unevenbars']",True,True
v_PullUps_g03_c02.avi,pullups,pullups,"['pullups', 'handstandpushups', 'parallelbars', 'ropeclimbing', 'highjump']",True,True
v_Punch_g01_c01.avi,punch,punch,"['punch', 'boxingpunchingbag', 'sumowrestling', 'boxingspeedbag', 'hammerthrow']",True,True
v_Punch_g01_c02.avi,punch,sumowrestling,"['sumowrestling', 'punch', 'boxingpunchingbag', 'hammerthrow', 'boxingspeedbag']",False,True
v_Punch_g01_c03.avi,punch,boxingpunchingbag,"['boxingpunchingbag', 'nunchucks', 'punch', 'fencing', 'jumpingjack']",False,True
v_Punch_g01_c04.avi,punch,punch,"['punch', 'sumowrestling', 'boxingpunchingbag', 'boxingspeedbag', 'hammerthrow']",True,True
v_Punch_g01_c05.avi,punch,sumowrestling,"['sumowrestling', 'punch', 'boxingpunchingbag', 'hammerthrow', 'boxingspeedbag']",False,True
v_Punch_g02_c01.avi,punch,boxingpunchingbag,"['boxingpunchingbag', 'boxingspeedbag', 'punch', 'sumowrestling', 'nunchucks']",False,True
v_Punch_g02_c02.avi,punch,boxingpunchingbag,"['boxingpunchingbag', 'boxingspeedbag', 'punch', 'sumowrestling', 'nunchucks']",False,True
v_Punch_g02_c03.avi,punch,boxingpunchingbag,"['boxingpunchingbag', 'boxingspeedbag', 'punch', 'sumowrestling', 'nunchucks']",False,True
v_Punch_g02_c04.avi,punch,boxingpunchingbag,"['boxingpunchingbag', 'boxingspeedbag', 'punch', 'sumowrestling', 'nunchucks']",False,True
v_Punch_g03_c01.avi,punch,punch,"['punch', 'boxingspeedbag', 'boxingpunchingbag', 'sumowrestling', 'hammerthrow']",True,True
v_PushUps_g01_c01.avi,pushups,pushups,"['pushups', 'wallpushups', 'handstandpushups', 'frontcrawl', 'benchpress']",True,True
v_PushUps_g01_c02.avi,pushups,pushups,"['pushups', 'wallpushups', 'handstandpushups', 'frontcrawl', 'benchpress']",True,True
v_PushUps_g01_c03.avi,pushups,pushups,"['pushups', 'wallpushups', 'handstandpushups', 'frontcrawl', 'benchpress']",True,True
v_PushUps_g01_c04.avi,pushups,frontcrawl,"['frontcrawl', 'handstandpushups', 'pushups', 'bodyweightsquats', 'wallpushups']",False,True
v_PushUps_g01_c05.avi,pushups,pushups,"['pushups', 'handstandpushups', 'pommelhorse', 'frontcrawl', 'wallpushups']",True,True
v_PushUps_g02_c01.avi,pushups,pushups,"['pushups', 'wallpushups', 'handstandpushups', 'frontcrawl', 'bodyweightsquats']",True,True
v_PushUps_g02_c02.avi,pushups,pushups,"['pushups', 'wallpushups', 'handstandpushups', 'frontcrawl', 'bodyweightsquats']",True,True
v_PushUps_g02_c03.avi,pushups,pushups,"['pushups', 'wallpushups', 'handstandpushups', 'frontcrawl', 'bodyweightsquats']",True,True
v_PushUps_g02_c04.avi,pushups,pushups,"['pushups', 'wallpushups', 'handstandpushups', 'frontcrawl', 'bodyweightsquats']",True,True
v_PushUps_g03_c01.avi,pushups,pushups,"['pushups', 'handstandpushups', 'frontcrawl', 'wallpushups', 'benchpress']",True,True
v_Rafting_g01_c01.avi,rafting,rafting,"['rafting', 'kayaking', 'rowing', 'ropeclimbing', 'frontcrawl']",True,True
v_Rafting_g01_c02.avi,rafting,rafting,"['rafting', 'kayaking', 'ropeclimbing', 'rowing', 'cliffdiving']",True,True
v_Rafting_g01_c03.avi,rafting,rafting,"['rafting', 'kayaking', 'rowing', 'skijet', 'cliffdiving']",True,True
v_Rafting_g01_c04.avi,rafting,rafting,"['rafting', 'kayaking', 'rowing', 'ropeclimbing', 'cliffdiving']",True,True
v_Rafting_g02_c01.avi,rafting,rafting,"['rafting', 'kayaking', 'surfing', 'cliffdiving', 'rowing']",True,True
v_Rafting_g02_c02.avi,rafting,rafting,"['rafting', 'kayaking', 'surfing', 'cliffdiving', 'rowing']",True,True
v_Rafting_g02_c03.avi,rafting,rafting,"['rafting', 'kayaking', 'surfing', 'cliffdiving', 'rowing']",True,True
v_Rafting_g02_c04.avi,rafting,rafting,"['rafting', 'kayaking', 'skijet', 'rowing', 'cliffdiving']",True,True
v_Rafting_g03_c01.avi,rafting,rafting,"['rafting', 'cliffdiving', 'surfing', 'kayaking', 'diving']",True,True
v_Rafting_g03_c02.avi,rafting,rafting,"['rafting', 'kayaking', 'rowing', 'skijet', 'frontcrawl']",True,True
v_RockClimbingIndoor_g01_c01.avi,rockclimbingindoor,rockclimbingindoor,"['rockclimbingindoor', 'ropeclimbing', 'wallpushups', 'pullups', 'frontcrawl']",True,True
v_RockClimbingIndoor_g01_c02.avi,rockclimbingindoor,rockclimbingindoor,"['rockclimbingindoor', 'ropeclimbing', 'cliffdiving', 'frontcrawl', 'wallpushups']",True,True
v_RockClimbingIndoor_g01_c03.avi,rockclimbingindoor,rockclimbingindoor,"['rockclimbingindoor', 'ropeclimbing', 'wallpushups', 'cliffdiving', 'frontcrawl']",True,True
v_RockClimbingIndoor_g01_c04.avi,rockclimbingindoor,ropeclimbing,"['ropeclimbing', 'rockclimbingindoor', 'wallpushups', 'trampolinejumping', 'cliffdiving']",False,True
v_RockClimbingIndoor_g01_c05.avi,rockclimbingindoor,rockclimbingindoor,"['rockclimbingindoor', 'ropeclimbing', 'wallpushups', 'cliffdiving', 'trampolinejumping']",True,True
v_RockClimbingIndoor_g02_c01.avi,rockclimbingindoor,rockclimbingindoor,"['rockclimbingindoor', 'ropeclimbing', 'frontcrawl', 'cliffdiving', 'hammerthrow']",True,True
v_RockClimbingIndoor_g02_c02.avi,rockclimbingindoor,rockclimbingindoor,"['rockclimbingindoor', 'ropeclimbing', 'frontcrawl', 'cliffdiving', 'hammerthrow']",True,True
v_RockClimbingIndoor_g02_c03.avi,rockclimbingindoor,rockclimbingindoor,"['rockclimbingindoor', 'ropeclimbing', 'frontcrawl', 'wallpushups', 'pullups']",True,True
v_RockClimbingIndoor_g02_c04.avi,rockclimbingindoor,rockclimbingindoor,"['rockclimbingindoor', 'ropeclimbing', 'frontcrawl', 'wallpushups', 'pullups']",True,True
v_RockClimbingIndoor_g02_c05.avi,rockclimbingindoor,rockclimbingindoor,"['rockclimbingindoor', 'ropeclimbing', 'cliffdiving', 'hammerthrow', 'frontcrawl']",True,True
v_RopeClimbing_g01_c01.avi,ropeclimbing,floorgymnastics,"['floorgymnastics', 'handstandpushups', 'ropeclimbing', 'wallpushups', 'balancebeam']",False,True
v_RopeClimbing_g01_c02.avi,ropeclimbing,ropeclimbing,"['ropeclimbing', 'pullups', 'trampolinejumping', 'highjump', 'rockclimbingindoor']",True,True
v_RopeClimbing_g01_c03.avi,ropeclimbing,trampolinejumping,"['trampolinejumping', 'pullups', 'highjump', 'ropeclimbing', 'handstandwalking']",False,True
v_RopeClimbing_g01_c04.avi,ropeclimbing,wallpushups,"['wallpushups', 'ropeclimbing', 'trampolinejumping', 'pullups', 'handstandpushups']",False,True
v_RopeClimbing_g02_c01.avi,ropeclimbing,ropeclimbing,"['ropeclimbing', 'pullups', 'jumprope', 'jumpingjack', 'trampolinejumping']",True,True
v_RopeClimbing_g02_c02.avi,ropeclimbing,ropeclimbing,"['ropeclimbing', 'pullups', 'jumprope', 'swing', 'tennisswing']",True,True
v_RopeClimbing_g02_c03.avi,ropeclimbing,ropeclimbing,"['ropeclimbing', 'jumprope', 'pullups', 'jumpingjack', 'highjump']",True,True
v_RopeClimbing_g02_c04.avi,ropeclimbing,ropeclimbing,"['ropeclimbing', 'jumprope', 'pullups', 'highjump', 'jumpingjack']",True,True
v_RopeClimbing_g02_c05.avi,ropeclimbing,ropeclimbing,"['ropeclimbing', 'pullups', 'jumprope', 'rockclimbingindoor', 'swing']",True,True
v_RopeClimbing_g02_c06.avi,ropeclimbing,ropeclimbing,"['ropeclimbing', 'pullups', 'jumprope', 'rockclimbingindoor', 'highjump']",True,True
v_Rowing_g01_c01.avi,rowing,rowing,"['rowing', 'kayaking', 'frontcrawl', 'rafting', 'horserace']",True,True
v_Rowing_g01_c02.avi,rowing,rowing,"['rowing', 'kayaking', 'frontcrawl', 'rafting', 'horserace']",True,True
v_Rowing_g01_c03.avi,rowing,rowing,"['rowing', 'kayaking', 'frontcrawl', 'rafting', 'balancebeam']",True,True
v_Rowing_g01_c04.avi,rowing,rowing,"['rowing', 'frontcrawl', 'kayaking', 'rafting', 'hammerthrow']",True,True
v_Rowing_g02_c01.avi,rowing,rowing,"['rowing', 'javelinthrow', 'frontcrawl', 'longjump', 'kayaking']",True,True
v_Rowing_g02_c02.avi,rowing,rowing,"['rowing', 'kayaking', 'javelinthrow', 'frontcrawl', 'polevault']",True,True
v_Rowing_g02_c03.avi,rowing,rowing,"['rowing', 'kayaking', 'javelinthrow', 'frontcrawl', 'polevault']",True,True
v_Rowing_g02_c04.avi,rowing,rowing,"['rowing', 'kayaking', 'frontcrawl', 'javelinthrow', 'hammerthrow']",True,True
v_Rowing_g02_c05.avi,rowing,rowing,"['rowing', 'frontcrawl', 'kayaking', 'javelinthrow', 'hammerthrow']",True,True
v_Rowing_g02_c06.avi,rowing,rowing,"['rowing', 'kayaking', 'frontcrawl', 'horserace', 'rafting']",True,True
v_SalsaSpin_g01_c01.avi,salsaspin,icedancing,"['icedancing', 'salsaspin', 'swing', 'playingdaf', 'punch']",False,True
v_SalsaSpin_g01_c02.avi,salsaspin,icedancing,"['icedancing', 'salsaspin', 'playingdaf', 'jumpingjack', 'tabletennisshot']",False,True
v_SalsaSpin_g01_c03.avi,salsaspin,icedancing,"['icedancing', 'tabletennisshot', 'sumowrestling', 'punch', 'nunchucks']",False,False
v_SalsaSpin_g01_c04.avi,salsaspin,icedancing,"['icedancing', 'tabletennisshot', 'nunchucks', 'salsaspin', 'sumowrestling']",False,True
v_SalsaSpin_g01_c05.avi,salsaspin,icedancing,"['icedancing', 'playingdaf', 'tabletennisshot', 'nunchucks', 'hammerthrow']",False,False
v_SalsaSpin_g01_c06.avi,salsaspin,icedancing,"['icedancing', 'salsaspin', 'playingdaf', 'punch', 'tabletennisshot']",False,True
v_SalsaSpin_g01_c07.avi,salsaspin,icedancing,"['icedancing', 'playingdaf', 'salsaspin', 'tabletennisshot', 'jumpingjack']",False,True
v_SalsaSpin_g02_c01.avi,salsaspin,icedancing,"['icedancing', 'taichi', 'floorgymnastics', 'jumprope', 'handstandwalking']",False,False
v_SalsaSpin_g02_c02.avi,salsaspin,trampolinejumping,"['trampolinejumping', 'floorgymnastics', 'icedancing', 'jumprope', 'taichi']",False,False
v_SalsaSpin_g02_c03.avi,salsaspin,trampolinejumping,"['trampolinejumping', 'floorgymnastics', 'jumprope', 'icedancing', 'taichi']",False,False
v_ShavingBeard_g01_c01.avi,shavingbeard,shavingbeard,"['shavingbeard', 'haircut', 'brushingteeth', 'headmassage', 'cleanandjerk']",True,True
v_ShavingBeard_g01_c02.avi,shavingbeard,shavingbeard,"['shavingbeard', 'haircut', 'brushingteeth', 'cleanandjerk', 'headmassage']",True,True
v_ShavingBeard_g01_c03.avi,shavingbeard,shavingbeard,"['shavingbeard', 'haircut', 'brushingteeth', 'headmassage', 'cleanandjerk']",True,True
v_ShavingBeard_g01_c04.avi,shavingbeard,shavingbeard,"['shavingbeard', 'haircut', 'brushingteeth', 'headmassage', 'punch']",True,True
v_ShavingBeard_g02_c01.avi,shavingbeard,shavingbeard,"['shavingbeard', 'haircut', 'headmassage', 'blowdryhair', 'hammering']",True,True
v_ShavingBeard_g02_c02.avi,shavingbeard,shavingbeard,"['shavingbeard', 'haircut', 'headmassage', 'blowdryhair', 'cleanandjerk']",True,True
v_ShavingBeard_g02_c03.avi,shavingbeard,shavingbeard,"['shavingbeard', 'haircut', 'brushingteeth', 'hammering', 'cuttinginkitchen']",True,True
v_ShavingBeard_g02_c04.avi,shavingbeard,shavingbeard,"['shavingbeard', 'brushingteeth', 'haircut', 'cleanandjerk', 'punch']",True,True
v_ShavingBeard_g02_c05.avi,shavingbeard,shavingbeard,"['shavingbeard', 'brushingteeth', 'cleanandjerk', 'applylipstick', 'haircut']",True,True
v_ShavingBeard_g02_c06.avi,shavingbeard,shavingbeard,"['shavingbeard', 'haircut', 'brushingteeth', 'cleanandjerk', 'headmassage']",True,True
v_Shotput_g01_c01.avi,shotput,throwdiscus,"['throwdiscus', 'shotput', 'baseballpitch', 'frisbeecatch', 'hammerthrow']",False,True
v_Shotput_g01_c02.avi,shotput,throwdiscus,"['throwdiscus', 'baseballpitch', 'frisbeecatch', 'shotput', 'hammerthrow']",False,True
v_Shotput_g01_c03.avi,shotput,throwdiscus,"['throwdiscus', 'baseballpitch', 'frisbeecatch', 'shotput', 'hammerthrow']",False,True
v_Shotput_g01_c04.avi,shotput,throwdiscus,"['throwdiscus', 'frisbeecatch', 'shotput', 'baseballpitch', 'hammerthrow']",False,True
v_Shotput_g01_c05.avi,shotput,throwdiscus,"['throwdiscus', 'baseballpitch', 'frisbeecatch', 'shotput', 'hammerthrow']",False,True
v_Shotput_g01_c06.avi,shotput,throwdiscus,"['throwdiscus', 'frisbeecatch', 'baseballpitch', 'shotput', 'hammerthrow']",False,True
v_Shotput_g01_c07.avi,shotput,throwdiscus,"['throwdiscus', 'frisbeecatch', 'baseballpitch', 'shotput', 'hammerthrow']",False,True
v_Shotput_g02_c01.avi,shotput,throwdiscus,"['throwdiscus', 'baseballpitch', 'shotput', 'highjump', 'frisbeecatch']",False,True
v_Shotput_g02_c02.avi,shotput,throwdiscus,"['throwdiscus', 'highjump', 'shotput', 'volleyballspiking', 'baseballpitch']",False,True
v_Shotput_g02_c03.avi,shotput,throwdiscus,"['throwdiscus', 'shotput', 'volleyballspiking', 'highjump', 'baseballpitch']",False,True
v_SkateBoarding_g01_c01.avi,skateboarding,skateboarding,"['skateboarding', 'biking', 'skijet', 'jumprope', 'frisbeecatch']",True,True
v_SkateBoarding_g01_c02.avi,skateboarding,skijet,"['skijet', 'skateboarding', 'biking', 'longjump', 'skiing']",False,True
v_SkateBoarding_g01_c03.avi,skateboarding,skiing,"['skiing', 'skijet', 'skateboarding', 'biking', 'icedancing']",False,True
v_SkateBoarding_g01_c04.avi,skateboarding,skateboarding,"['skateboarding', 'biking', 'skijet', 'skiing', 'frontcrawl']",True,True
v_SkateBoarding_g02_c01.avi,skateboarding,skateboarding,"['skateboarding', 'frontcrawl', 'jumprope', 'skijet', 'jumpingjack']",True,True
v_SkateBoarding_g02_c02.avi,skateboarding,skateboarding,"['skateboarding', 'hammerthrow', 'skijet', 'longjump', 'throwdiscus']",True,True
v_SkateBoarding_g02_c03.avi,skateboarding,skijet,"['skijet', 'surfing', 'skiing', 'skateboarding', 'cliffdiving']",False,True
v_SkateBoarding_g02_c04.avi,skateboarding,skateboarding,"['skateboarding', 'frontcrawl', 'jumpingjack', 'skijet', 'icedancing']",True,True
v_SkateBoarding_g02_c05.avi,skateboarding,skateboarding,"['skateboarding', 'frontcrawl', 'skijet', 'jumpingjack', 'swing']",True,True
v_SkateBoarding_g02_c06.avi,skateboarding,skateboarding,"['skateboarding', 'skijet', 'salsaspin', 'frontcrawl', 'jumpingjack']",True,True
v_Skiing_g01_c01.avi,skiing,skiing,"['skiing', 'skijet', 'frontcrawl', 'jumpingjack', 'hammerthrow']",True,True
v_Skiing_g01_c02.avi,skiing,skiing,"['skiing', 'skijet', 'hammerthrow', 'frontcrawl', 'ropeclimbing']",True,True
v_Skiing_g01_c03.avi,skiing,skiing,"['skiing', 'skijet', 'jumpingjack', 'frontcrawl', 'ropeclimbing']",True,True
v_Skiing_g01_c04.avi,skiing,skiing,"['skiing', 'skijet', 'ropeclimbing', 'cliffdiving', 'jumpingjack']",True,True
v_Skiing_g01_c05.avi,skiing,ropeclimbing,"['ropeclimbing', 'skiing', 'skijet', 'cliffdiving', 'rockclimbingindoor']",False,True
v_Skiing_g01_c06.avi,skiing,skiing,"['skiing', 'skijet', 'cliffdiving', 'ropeclimbing', 'frontcrawl']",True,True
v_Skiing_g02_c01.avi,skiing,skiing,"['skiing', 'skijet', 'highjump', 'polevault', 'longjump']",True,True
v_Skiing_g02_c02.avi,skiing,skiing,"['skiing', 'skijet', 'highjump', 'polevault', 'frontcrawl']",True,True
v_Skiing_g02_c03.avi,skiing,skiing,"['skiing', 'skijet', 'highjump', 'polevault', 'longjump']",True,True
v_Skiing_g02_c04.avi,skiing,skiing,"['skiing', 'skijet', 'highjump', 'longjump', 'frontcrawl']",True,True
v_Skijet_g01_c01.avi,skijet,skijet,"['skijet', 'kayaking', 'surfing', 'diving', 'breaststroke']",True,True
v_Skijet_g01_c02.avi,skijet,kayaking,"['kayaking', 'skijet', 'surfing', 'diving', 'skiing']",False,True
v_Skijet_g01_c03.avi,skijet,kayaking,"['kayaking', 'skijet', 'surfing', 'diving', 'rowing']",False,True
v_Skijet_g01_c04.avi,skijet,skijet,"['skijet', 'kayaking', 'surfing', 'diving', 'breaststroke']",True,True
v_Skijet_g02_c01.avi,skijet,surfing,"['surfing', 'skijet', 'kayaking', 'horseriding', 'breaststroke']",False,True
v_Skijet_g02_c02.avi,skijet,surfing,"['surfing', 'skijet', 'biking', 'kayaking', 'horseriding']",False,True
v_Skijet_g02_c03.avi,skijet,surfing,"['surfing', 'skijet', 'kayaking', 'breaststroke', 'horseriding']",False,True
v_Skijet_g02_c04.avi,skijet,surfing,"['surfing', 'skijet', 'kayaking', 'horseriding', 'breaststroke']",False,True
v_Skijet_g03_c01.avi,skijet,skijet,"['skijet', 'surfing', 'kayaking', 'diving', 'rowing']",True,True
v_Skijet_g03_c02.avi,skijet,surfing,"['surfing', 'kayaking', 'skijet', 'diving', 'breaststroke']",False,True
v_SkyDiving_g01_c01.avi,skydiving,skydiving,"['skydiving', 'cliffdiving', 'jumpingjack', 'trampolinejumping', 'swing']",True,True
v_SkyDiving_g01_c02.avi,skydiving,skydiving,"['skydiving', 'cliffdiving', 'trampolinejumping', 'jumpingjack', 'highjump']",True,True
v_SkyDiving_g01_c03.avi,skydiving,skydiving,"['skydiving', 'cliffdiving', 'jumpingjack', 'swing', 'trampolinejumping']",True,True
v_SkyDiving_g01_c04.avi,skydiving,skydiving,"['skydiving', 'cliffdiving', 'jumpingjack', 'swing', 'trampolinejumping']",True,True
v_SkyDiving_g02_c01.avi,skydiving,cliffdiving,"['cliffdiving', 'skydiving', 'trampolinejumping', 'skijet', 'ropeclimbing']",False,True
v_SkyDiving_g02_c02.avi,skydiving,skydiving,"['skydiving', 'cliffdiving', 'diving', 'jumpingjack', 'skijet']",True,True
v_SkyDiving_g02_c03.avi,skydiving,skydiving,"['skydiving', 'cliffdiving', 'jumpingjack', 'trampolinejumping', 'diving']",True,True
v_SkyDiving_g02_c04.avi,skydiving,skydiving,"['skydiving', 'jumpingjack', 'highjump', 'hammerthrow', 'trampolinejumping']",True,True
v_SkyDiving_g03_c01.avi,skydiving,skydiving,"['skydiving', 'cliffdiving', 'jumpingjack', 'diving', 'frontcrawl']",True,True
v_SkyDiving_g03_c02.avi,skydiving,skydiving,"['skydiving', 'cliffdiving', 'jumpingjack', 'diving', 'frontcrawl']",True,True
v_SoccerJuggling_g01_c01.avi,soccerjuggling,soccerjuggling,"['soccerjuggling', 'throwdiscus', 'lunges', 'jumpingjack', 'shotput']",True,True
v_SoccerJuggling_g01_c02.avi,soccerjuggling,soccerjuggling,"['soccerjuggling', 'throwdiscus', 'frisbeecatch', 'volleyballspiking', 'lunges']",True,True
v_SoccerJuggling_g01_c03.avi,soccerjuggling,soccerjuggling,"['soccerjuggling', 'throwdiscus', 'volleyballspiking', 'frisbeecatch', 'jumprope']",True,True
v_SoccerJuggling_g01_c04.avi,soccerjuggling,soccerjuggling,"['soccerjuggling', 'jumpingjack', 'jumprope', 'throwdiscus', 'frisbeecatch']",True,True
v_SoccerJuggling_g01_c05.avi,soccerjuggling,soccerjuggling,"['soccerjuggling', 'jumprope', 'jumpingjack', 'icedancing', 'throwdiscus']",True,True
v_SoccerJuggling_g02_c01.avi,soccerjuggling,soccerjuggling,"['soccerjuggling', 'throwdiscus', 'frisbeecatch', 'soccerpenalty', 'fieldhockeypenalty']",True,True
v_SoccerJuggling_g02_c02.avi,soccerjuggling,soccerjuggling,"['soccerjuggling', 'throwdiscus', 'frisbeecatch', 'soccerpenalty', 'volleyballspiking']",True,True
v_SoccerJuggling_g02_c03.avi,soccerjuggling,soccerjuggling,"['soccerjuggling', 'frisbeecatch', 'throwdiscus', 'volleyballspiking', 'soccerpenalty']",True,True
v_SoccerJuggling_g02_c04.avi,soccerjuggling,soccerjuggling,"['soccerjuggling', 'soccerpenalty', 'frisbeecatch', 'throwdiscus', 'volleyballspiking']",True,True
v_SoccerJuggling_g02_c05.avi,soccerjuggling,soccerjuggling,"['soccerjuggling', 'soccerpenalty', 'frisbeecatch', 'throwdiscus', 'volleyballspiking']",True,True
v_SoccerPenalty_g01_c01.avi,soccerpenalty,fieldhockeypenalty,"['fieldhockeypenalty', 'soccerpenalty', 'soccerjuggling', 'frisbeecatch', 'frontcrawl']",False,True
v_SoccerPenalty_g01_c02.avi,soccerpenalty,soccerpenalty,"['soccerpenalty', 'fieldhockeypenalty', 'soccerjuggling', 'frisbeecatch', 'frontcrawl']",True,True
v_SoccerPenalty_g01_c03.avi,soccerpenalty,soccerpenalty,"['soccerpenalty', 'fieldhockeypenalty', 'soccerjuggling', 'frontcrawl', 'frisbeecatch']",True,True
v_SoccerPenalty_g01_c04.avi,soccerpenalty,fieldhockeypenalty,"['fieldhockeypenalty', 'soccerpenalty', 'soccerjuggling', 'cricketshot', 'cricketbowling']",False,True
v_SoccerPenalty_g01_c05.avi,soccerpenalty,fieldhockeypenalty,"['fieldhockeypenalty', 'soccerpenalty', 'soccerjuggling', 'frisbeecatch', 'cricketshot']",False,True
v_SoccerPenalty_g01_c06.avi,soccerpenalty,fieldhockeypenalty,"['fieldhockeypenalty', 'soccerpenalty', 'soccerjuggling', 'cricketshot', 'polevault']",False,True
v_SoccerPenalty_g02_c01.avi,soccerpenalty,soccerpenalty,"['soccerpenalty', 'soccerjuggling', 'fieldhockeypenalty', 'frontcrawl', 'hammerthrow']",True,True
v_SoccerPenalty_g02_c02.avi,soccerpenalty,soccerpenalty,"['soccerpenalty', 'soccerjuggling', 'fieldhockeypenalty', 'frontcrawl', 'hammerthrow']",True,True
v_SoccerPenalty_g02_c03.avi,soccerpenalty,soccerpenalty,"['soccerpenalty', 'soccerjuggling', 'fieldhockeypenalty', 'frontcrawl', 'punch']",True,True
v_SoccerPenalty_g02_c04.avi,soccerpenalty,soccerpenalty,"['soccerpenalty', 'soccerjuggling', 'fieldhockeypenalty', 'frontcrawl', 'hammerthrow']",True,True
v_StillRings_g01_c01.avi,stillrings,floorgymnastics,"['floorgymnastics', 'unevenbars', 'pommelhorse', 'parallelbars', 'balancebeam']",False,False
v_StillRings_g01_c02.avi,stillrings,unevenbars,"['unevenbars', 'highjump', 'polevault', 'floorgymnastics', 'trampolinejumping']",False,False
v_StillRings_g01_c03.avi,stillrings,unevenbars,"['unevenbars', 'floorgymnastics', 'pommelhorse', 'highjump', 'parallelbars']",False,False
v_StillRings_g01_c04.avi,stillrings,unevenbars,"['unevenbars', 'floorgymnastics', 'highjump', 'polevault', 'pommelhorse']",False,False
v_StillRings_g01_c05.avi,stillrings,unevenbars,"['unevenbars', 'floorgymnastics', 'parallelbars', 'pommelhorse', 'highjump']",False,False
v_StillRings_g02_c01.avi,stillrings,unevenbars,"['unevenbars', 'polevault', 'highjump', 'floorgymnastics', 'trampolinejumping']",False,False
v_StillRings_g02_c02.avi,stillrings,unevenbars,"['unevenbars', 'floorgymnastics', 'polevault', 'highjump', 'parallelbars']",False,False
v_StillRings_g02_c03.avi,stillrings,unevenbars,"['unevenbars', 'polevault', 'jumprope', 'highjump', 'ropeclimbing']",False,False
v_StillRings_g02_c04.avi,stillrings,floorgymnastics,"['floorgymnastics', 'boxingspeedbag', 'highjump', 'unevenbars', 'polevault']",False,False
v_StillRings_g03_c01.avi,stillrings,highjump,"['highjump', 'floorgymnastics', 'unevenbars', 'trampolinejumping', 'pommelhorse']",False,False
v_SumoWrestling_g01_c01.avi,sumowrestling,sumowrestling,"['sumowrestling', 'floorgymnastics', 'hammerthrow', 'frontcrawl', 'throwdiscus']",True,True
v_SumoWrestling_g01_c02.avi,sumowrestling,sumowrestling,"['sumowrestling', 'hammerthrow', 'punch', 'throwdiscus', 'floorgymnastics']",True,True
v_SumoWrestling_g01_c03.avi,sumowrestling,sumowrestling,"['sumowrestling', 'hammerthrow', 'punch', 'frontcrawl', 'floorgymnastics']",True,True
v_SumoWrestling_g01_c04.avi,sumowrestling,sumowrestling,"['sumowrestling', 'hammerthrow', 'floorgymnastics', 'punch', 'pommelhorse']",True,True
v_SumoWrestling_g02_c01.avi,sumowrestling,sumowrestling,"['sumowrestling', 'hammerthrow', 'punch', 'throwdiscus', 'frontcrawl']",True,True
v_SumoWrestling_g02_c02.avi,sumowrestling,sumowrestling,"['sumowrestling', 'hammerthrow', 'throwdiscus', 'punch', 'frontcrawl']",True,True
v_SumoWrestling_g02_c03.avi,sumowrestling,sumowrestling,"['sumowrestling', 'hammerthrow', 'throwdiscus', 'punch', 'frontcrawl']",True,True
v_SumoWrestling_g02_c04.avi,sumowrestling,sumowrestling,"['sumowrestling', 'hammerthrow', 'punch', 'nunchucks', 'floorgymnastics']",True,True
v_SumoWrestling_g03_c01.avi,sumowrestling,sumowrestling,"['sumowrestling', 'punch', 'hammerthrow', 'taichi', 'floorgymnastics']",True,True
v_SumoWrestling_g03_c02.avi,sumowrestling,sumowrestling,"['sumowrestling', 'floorgymnastics', 'throwdiscus', 'hammerthrow', 'pommelhorse']",True,True
v_Surfing_g01_c01.avi,surfing,surfing,"['surfing', 'frontcrawl', 'frisbeecatch', 'diving', 'breaststroke']",True,True
v_Surfing_g01_c02.avi,surfing,surfing,"['surfing', 'frontcrawl', 'frisbeecatch', 'skijet', 'diving']",True,True
v_Surfing_g01_c03.avi,surfing,surfing,"['surfing', 'frontcrawl', 'diving', 'punch', 'stillrings']",True,True
v_Surfing_g01_c04.avi,surfing,surfing,"['surfing', 'frontcrawl', 'diving', 'breaststroke', 'frisbeecatch']",True,True
v_Surfing_g01_c05.avi,surfing,surfing,"['surfing', 'frontcrawl', 'frisbeecatch', 'diving', 'skijet']",True,True
v_Surfing_g01_c06.avi,surfing,surfing,"['surfing', 'frontcrawl', 'frisbeecatch', 'diving', 'cliffdiving']",True,True
v_Surfing_g01_c07.avi,surfing,surfing,"['surfing', 'frontcrawl', 'frisbeecatch', 'diving', 'skijet']",True,True
v_Surfing_g02_c01.avi,surfing,surfing,"['surfing', 'frontcrawl', 'diving', 'cliffdiving', 'kayaking']",True,True
v_Surfing_g02_c02.avi,surfing,surfing,"['surfing', 'frontcrawl', 'frisbeecatch', 'cliffdiving', 'kayaking']",True,True
v_Surfing_g02_c03.avi,surfing,surfing,"['surfing', 'frontcrawl', 'frisbeecatch', 'diving', 'breaststroke']",True,True
v_Swing_g01_c01.avi,swing,biking,"['biking', 'walkingwithdog', 'frisbeecatch', 'horseriding', 'longjump']",False,False
v_Swing_g01_c02.avi,swing,biking,"['biking', 'frisbeecatch', 'jumpingjack', 'swing', 'hammerthrow']",False,True
v_Swing_g01_c03.avi,swing,frisbeecatch,"['frisbeecatch', 'biking', 'walkingwithdog', 'longjump', 'swing']",False,True
v_Swing_g01_c04.avi,swing,swing,"['swing', 'frisbeecatch', 'tennisswing', 'jumpingjack', 'ropeclimbing']",True,True
v_Swing_g01_c05.avi,swing,biking,"['biking', 'frisbeecatch', 'swing', 'longjump', 'ropeclimbing']",False,True
v_Swing_g02_c01.avi,swing,fencing,"['fencing', 'walkingwithdog', 'hammerthrow', 'tennisswing', 'jumprope']",False,False
v_Swing_g02_c02.avi,swing,swing,"['swing', 'tennisswing', 'babycrawling', 'pullups', 'jumpingjack']",True,True
v_Swing_g02_c03.avi,swing,jumprope,"['jumprope', 'hammerthrow', 'jumpingjack', 'swing', 'tennisswing']",False,True
v_Swing_g02_c04.avi,swing,babycrawling,"['babycrawling', 'swing', 'jumpingjack', 'tennisswing', 'pullups']",False,True
v_Swing_g02_c05.avi,swing,swing,"['swing', 'babycrawling', 'tennisswing', 'jumpingjack', 'pullups']",True,True
v_TableTennisShot_g01_c01.avi,tabletennisshot,tabletennisshot,"['tabletennisshot', 'tennisswing', 'volleyballspiking', 'bowling', 'punch']",True,True
v_TableTennisShot_g01_c02.avi,tabletennisshot,tabletennisshot,"['tabletennisshot', 'tennisswing', 'volleyballspiking', 'bowling', 'throwdiscus']",True,True
v_TableTennisShot_g01_c03.avi,tabletennisshot,tabletennisshot,"['tabletennisshot', 'tennisswing', 'bowling', 'volleyballspiking', 'punch']",True,True
v_TableTennisShot_g01_c04.avi,tabletennisshot,tabletennisshot,"['tabletennisshot', 'tennisswing', 'volleyballspiking', 'hammerthrow', 'punch']",True,True
v_TableTennisShot_g01_c05.avi,tabletennisshot,tabletennisshot,"['tabletennisshot', 'tennisswing', 'volleyballspiking', 'bowling', 'fencing']",True,True
v_TableTennisShot_g01_c06.avi,tabletennisshot,tabletennisshot,"['tabletennisshot', 'tennisswing', 'volleyballspiking', 'bowling', 'punch']",True,True
v_TableTennisShot_g02_c01.avi,tabletennisshot,tabletennisshot,"['tabletennisshot', 'tennisswing', 'bowling', 'throwdiscus', 'punch']",True,True
v_TableTennisShot_g02_c02.avi,tabletennisshot,tabletennisshot,"['tabletennisshot', 'bowling', 'tennisswing', 'throwdiscus', 'punch']",True,True
v_TableTennisShot_g02_c03.avi,tabletennisshot,tabletennisshot,"['tabletennisshot', 'tennisswing', 'bowling', 'punch', 'throwdiscus']",True,True
v_TableTennisShot_g02_c04.avi,tabletennisshot,tabletennisshot,"['tabletennisshot', 'bowling', 'tennisswing', 'punch', 'hammerthrow']",True,True
v_TaiChi_g01_c01.avi,taichi,taichi,"['taichi', 'golfswing', 'longjump', 'swing', 'baseballpitch']",True,True
v_TaiChi_g01_c02.avi,taichi,taichi,"['taichi', 'golfswing', 'baseballpitch', 'longjump', 'swing']",True,True
v_TaiChi_g01_c03.avi,taichi,taichi,"['taichi', 'golfswing', 'fencing', 'nunchucks', 'tennisswing']",True,True
v_TaiChi_g01_c04.avi,taichi,taichi,"['taichi', 'golfswing', 'longjump', 'fencing', 'nunchucks']",True,True
v_TaiChi_g02_c01.avi,taichi,taichi,"['taichi', 'nunchucks', 'handstandwalking', 'jumprope', 'icedancing']",True,True
v_TaiChi_g02_c02.avi,taichi,taichi,"['taichi', 'nunchucks', 'handstandwalking', 'fencing', 'icedancing']",True,True
v_TaiChi_g02_c03.avi,taichi,taichi,"['taichi', 'nunchucks', 'handstandwalking', 'icedancing', 'jumprope']",True,True
v_TaiChi_g02_c04.avi,taichi,taichi,"['taichi', 'nunchucks', 'handstandwalking', 'fencing', 'jumprope']",True,True
v_TaiChi_g03_c01.avi,taichi,taichi,"['taichi', 'nunchucks', 'lunges', 'icedancing', 'punch']",True,True
v_TaiChi_g03_c02.avi,taichi,taichi,"['taichi', 'nunchucks', 'icedancing', 'fencing', 'punch']",True,True
v_TennisSwing_g01_c01.avi,tennisswing,tennisswing,"['tennisswing', 'tabletennisshot', 'frisbeecatch', 'volleyballspiking', 'hammerthrow']",True,True
v_TennisSwing_g01_c02.avi,tennisswing,tennisswing,"['tennisswing', 'tabletennisshot', 'throwdiscus', 'frisbeecatch', 'volleyballspiking']",True,True
v_TennisSwing_g01_c03.avi,tennisswing,tennisswing,"['tennisswing', 'tabletennisshot', 'frisbeecatch', 'throwdiscus', 'volleyballspiking']",True,True
v_TennisSwing_g01_c04.avi,tennisswing,tennisswing,"['tennisswing', 'tabletennisshot', 'throwdiscus', 'frisbeecatch', 'fencing']",True,True
v_TennisSwing_g01_c05.avi,tennisswing,tennisswing,"['tennisswing', 'tabletennisshot', 'throwdiscus', 'fencing', 'taichi']",True,True
v_TennisSwing_g01_c06.avi,tennisswing,tennisswing,"['tennisswing', 'tabletennisshot', 'frisbeecatch', 'fencing', 'throwdiscus']",True,True
v_TennisSwing_g01_c07.avi,tennisswing,tennisswing,"['tennisswing', 'tabletennisshot', 'throwdiscus', 'frisbeecatch', 'fencing']",True,True
v_TennisSwing_g02_c01.avi,tennisswing,fencing,"['fencing', 'fieldhockeypenalty', 'tennisswing', 'golfswing', 'throwdiscus']",False,True
v_TennisSwing_g02_c02.avi,tennisswing,fencing,"['fencing', 'tennisswing', 'golfswing', 'hammerthrow', 'jumprope']",False,True
v_TennisSwing_g02_c03.avi,tennisswing,tennisswing,"['tennisswing', 'fencing', 'golfswing', 'boxingspeedbag', 'hammerthrow']",True,True
v_ThrowDiscus_g01_c01.avi,throwdiscus,shotput,"['shotput', 'throwdiscus', 'longjump', 'cricketbowling', 'highjump']",False,True
v_ThrowDiscus_g01_c02.avi,throwdiscus,shotput,"['shotput', 'throwdiscus', 'longjump', 'javelinthrow', 'hammerthrow']",False,True
v_ThrowDiscus_g01_c03.avi,throwdiscus,shotput,"['shotput', 'throwdiscus', 'javelinthrow', 'hammerthrow', 'longjump']",False,True
v_ThrowDiscus_g01_c04.avi,throwdiscus,shotput,"['shotput', 'throwdiscus', 'longjump', 'highjump', 'javelinthrow']",False,True
v_ThrowDiscus_g02_c01.avi,throwdiscus,throwdiscus,"['throwdiscus', 'frisbeecatch', 'hammerthrow', 'fieldhockeypenalty', 'tennisswing']",True,True
v_ThrowDiscus_g02_c02.avi,throwdiscus,throwdiscus,"['throwdiscus', 'fieldhockeypenalty', 'javelinthrow', 'shotput', 'frisbeecatch']",True,True
v_ThrowDiscus_g02_c03.avi,throwdiscus,throwdiscus,"['throwdiscus', 'fieldhockeypenalty', 'javelinthrow', 'hammerthrow', 'shotput']",True,True
v_ThrowDiscus_g02_c04.avi,throwdiscus,throwdiscus,"['throwdiscus', 'highjump', 'javelinthrow', 'fieldhockeypenalty', 'polevault']",True,True
v_ThrowDiscus_g02_c05.avi,throwdiscus,throwdiscus,"['throwdiscus', 'fieldhockeypenalty', 'hammerthrow', 'frisbeecatch', 'shotput']",True,True
v_ThrowDiscus_g02_c06.avi,throwdiscus,throwdiscus,"['throwdiscus', 'frisbeecatch', 'hammerthrow', 'tennisswing', 'trampolinejumping']",True,True
v_TrampolineJumping_g01_c01.avi,trampolinejumping,trampolinejumping,"['trampolinejumping', 'jumpingjack', 'highjump', 'jumprope', 'hammerthrow']",True,True
v_TrampolineJumping_g01_c02.avi,trampolinejumping,trampolinejumping,"['trampolinejumping', 'jumpingjack', 'highjump', 'jumprope', 'hammerthrow']",True,True
v_TrampolineJumping_g01_c03.avi,trampolinejumping,trampolinejumping,"['trampolinejumping', 'jumprope', 'hulahoop', 'icedancing', 'frisbeecatch']",True,True
v_TrampolineJumping_g01_c04.avi,trampolinejumping,trampolinejumping,"['trampolinejumping', 'jumprope', 'jumpingjack', 'highjump', 'frisbeecatch']",True,True
v_TrampolineJumping_g02_c01.avi,trampolinejumping,trampolinejumping,"['trampolinejumping', 'highjump', 'jumpingjack', 'tennisswing', 'jumprope']",True,True
v_TrampolineJumping_g02_c02.avi,trampolinejumping,trampolinejumping,"['trampolinejumping', 'highjump', 'jumpingjack', 'tennisswing', 'icedancing']",True,True
v_TrampolineJumping_g02_c03.avi,trampolinejumping,trampolinejumping,"['trampolinejumping', 'highjump', 'jumpingjack', 'jumprope', 'tennisswing']",True,True
v_TrampolineJumping_g02_c04.avi,trampolinejumping,trampolinejumping,"['trampolinejumping', 'highjump', 'jumpingjack', 'tennisswing', 'icedancing']",True,True
v_TrampolineJumping_g02_c05.avi,trampolinejumping,trampolinejumping,"['trampolinejumping', 'highjump', 'jumpingjack', 'tennisswing', 'swing']",True,True
v_TrampolineJumping_g02_c06.avi,trampolinejumping,trampolinejumping,"['trampolinejumping', 'highjump', 'jumpingjack', 'tennisswing', 'jumprope']",True,True
v_Typing_g01_c01.avi,typing,typing,"['typing', 'writingonboard', 'playingpiano', 'tabletennisshot', 'punch']",True,True
v_Typing_g01_c02.avi,typing,typing,"['typing', 'writingonboard', 'tabletennisshot', 'playingpiano', 'frontcrawl']",True,True
v_Typing_g01_c03.avi,typing,typing,"['typing', 'writingonboard', 'tabletennisshot', 'playingpiano', 'frontcrawl']",True,True
v_Typing_g01_c04.avi,typing,typing,"['typing', 'writingonboard', 'tabletennisshot', 'playingpiano', 'punch']",True,True
v_Typing_g01_c05.avi,typing,typing,"['typing', 'writingonboard', 'tabletennisshot', 'playingpiano', 'frontcrawl']",True,True
v_Typing_g01_c06.avi,typing,typing,"['typing', 'writingonboard', 'tabletennisshot', 'punch', 'playingpiano']",True,True
v_Typing_g01_c07.avi,typing,typing,"['typing', 'writingonboard', 'tabletennisshot', 'playingpiano', 'punch']",True,True
v_Typing_g02_c01.avi,typing,typing,"['typing', 'playingpiano', 'writingonboard', 'punch', 'mixing']",True,True
v_Typing_g02_c02.avi,typing,typing,"['typing', 'playingpiano', 'writingonboard', 'punch', 'mixing']",True,True
v_Typing_g02_c03.avi,typing,typing,"['typing', 'playingpiano', 'writingonboard', 'punch', 'cleanandjerk']",True,True
v_UnevenBars_g01_c01.avi,unevenbars,unevenbars,"['unevenbars', 'polevault', 'floorgymnastics', 'pommelhorse', 'parallelbars']",True,True
v_UnevenBars_g01_c02.avi,unevenbars,unevenbars,"['unevenbars', 'floorgymnastics', 'pommelhorse', 'parallelbars', 'balancebeam']",True,True
v_UnevenBars_g01_c03.avi,unevenbars,unevenbars,"['unevenbars', 'floorgymnastics', 'pommelhorse', 'parallelbars', 'balancebeam']",True,True
v_UnevenBars_g01_c04.avi,unevenbars,unevenbars,"['unevenbars', 'parallelbars', 'balancebeam', 'floorgymnastics', 'pommelhorse']",True,True
v_UnevenBars_g02_c01.avi,unevenbars,unevenbars,"['unevenbars', 'floorgymnastics', 'pommelhorse', 'polevault', 'parallelbars']",True,True
v_UnevenBars_g02_c02.avi,unevenbars,unevenbars,"['unevenbars', 'floorgymnastics', 'polevault', 'highjump', 'pommelhorse']",True,True
v_UnevenBars_g02_c03.avi,unevenbars,unevenbars,"['unevenbars', 'floorgymnastics', 'parallelbars', 'pommelhorse', 'balancebeam']",True,True
v_UnevenBars_g02_c04.avi,unevenbars,unevenbars,"['unevenbars', 'floorgymnastics', 'parallelbars', 'pommelhorse', 'balancebeam']",True,True
v_UnevenBars_g03_c01.avi,unevenbars,unevenbars,"['unevenbars', 'parallelbars', 'pommelhorse', 'floorgymnastics', 'balancebeam']",True,True
v_UnevenBars_g03_c02.avi,unevenbars,unevenbars,"['unevenbars', 'floorgymnastics', 'polevault', 'pommelhorse', 'handstandwalking']",True,True
v_VolleyballSpiking_g01_c01.avi,volleyballspiking,volleyballspiking,"['volleyballspiking', 'tabletennisshot', 'tennisswing', 'fencing', 'frontcrawl']",True,True
v_VolleyballSpiking_g01_c02.avi,volleyballspiking,volleyballspiking,"['volleyballspiking', 'basketballdunk', 'basketball', 'throwdiscus', 'tennisswing']",True,True
v_VolleyballSpiking_g01_c03.avi,volleyballspiking,basketballdunk,"['basketballdunk', 'volleyballspiking', 'basketball', 'tennisswing', 'throwdiscus']",False,True
v_VolleyballSpiking_g01_c04.avi,volleyballspiking,volleyballspiking,"['volleyballspiking', 'basketballdunk', 'tennisswing', 'basketball', 'throwdiscus']",True,True
v_VolleyballSpiking_g02_c01.avi,volleyballspiking,volleyballspiking,"['volleyballspiking', 'tabletennisshot', 'basketball', 'tennisswing', 'basketballdunk']",True,True
v_VolleyballSpiking_g02_c02.avi,volleyballspiking,volleyballspiking,"['volleyballspiking', 'tabletennisshot', 'basketball', 'highjump', 'tennisswing']",True,True
v_VolleyballSpiking_g02_c03.avi,volleyballspiking,volleyballspiking,"['volleyballspiking', 'basketball', 'basketballdunk', 'tabletennisshot', 'fencing']",True,True
v_VolleyballSpiking_g02_c04.avi,volleyballspiking,basketball,"['basketball', 'basketballdunk', 'volleyballspiking', 'jumprope', 'highjump']",False,True
v_VolleyballSpiking_g03_c01.avi,volleyballspiking,volleyballspiking,"['volleyballspiking', 'basketballdunk', 'basketball', 'highjump', 'polevault']",True,True
v_VolleyballSpiking_g03_c02.avi,volleyballspiking,volleyballspiking,"['volleyballspiking', 'basketballdunk', 'basketball', 'highjump', 'floorgymnastics']",True,True
v_WalkingWithDog_g01_c01.avi,walkingwithdog,walkingwithdog,"['walkingwithdog', 'biking', 'horseriding', 'skijet', 'frisbeecatch']",True,True
v_WalkingWithDog_g01_c02.avi,walkingwithdog,walkingwithdog,"['walkingwithdog', 'jumprope', 'handstandwalking', 'frisbeecatch', 'jumpingjack']",True,True
v_WalkingWithDog_g01_c03.avi,walkingwithdog,walkingwithdog,"['walkingwithdog', 'frisbeecatch', 'jumpingjack', 'jumprope', 'frontcrawl']",True,True
v_WalkingWithDog_g01_c04.avi,walkingwithdog,walkingwithdog,"['walkingwithdog', 'biking', 'jumpingjack', 'frisbeecatch', 'taichi']",True,True
v_WalkingWithDog_g02_c01.avi,walkingwithdog,walkingwithdog,"['walkingwithdog', 'skijet', 'skiing', 'icedancing', 'jumprope']",True,True
v_WalkingWithDog_g02_c02.avi,walkingwithdog,walkingwithdog,"['walkingwithdog', 'skijet', 'jumprope', 'skiing', 'icedancing']",True,True
v_WalkingWithDog_g02_c03.avi,walkingwithdog,walkingwithdog,"['walkingwithdog', 'skijet', 'jumprope', 'icedancing', 'jumpingjack']",True,True
v_WalkingWithDog_g02_c04.avi,walkingwithdog,walkingwithdog,"['walkingwithdog', 'skijet', 'icedancing', 'jumprope', 'jumpingjack']",True,True
v_WalkingWithDog_g02_c05.avi,walkingwithdog,walkingwithdog,"['walkingwithdog', 'skijet', 'skiing', 'icedancing', 'jumprope']",True,True
v_WalkingWithDog_g02_c06.avi,walkingwithdog,walkingwithdog,"['walkingwithdog', 'skijet', 'skiing', 'icedancing', 'jumprope']",True,True
v_WallPushups_g01_c01.avi,wallpushups,wallpushups,"['wallpushups', 'handstandpushups', 'pullups', 'throwdiscus', 'balancebeam']",True,True
v_WallPushups_g01_c02.avi,wallpushups,wallpushups,"['wallpushups', 'handstandpushups', 'ropeclimbing', 'pullups', 'throwdiscus']",True,True
v_WallPushups_g01_c03.avi,wallpushups,wallpushups,"['wallpushups', 'handstandpushups', 'pullups', 'throwdiscus', 'ropeclimbing']",True,True
v_WallPushups_g01_c04.avi,wallpushups,wallpushups,"['wallpushups', 'handstandpushups', 'pullups', 'ropeclimbing', 'throwdiscus']",True,True
v_WallPushups_g02_c01.avi,wallpushups,wallpushups,"['wallpushups', 'pullups', 'handstandpushups', 'handstandwalking', 'jumpingjack']",True,True
v_WallPushups_g02_c02.avi,wallpushups,wallpushups,"['wallpushups', 'pullups', 'handstandpushups', 'handstandwalking', 'ropeclimbing']",True,True
v_WallPushups_g02_c03.avi,wallpushups,wallpushups,"['wallpushups', 'pullups', 'handstandpushups', 'ropeclimbing', 'handstandwalking']",True,True
v_WallPushups_g02_c04.avi,wallpushups,wallpushups,"['wallpushups', 'pullups', 'handstandpushups', 'handstandwalking', 'ropeclimbing']",True,True
v_WallPushups_g03_c01.avi,wallpushups,swing,"['swing', 'frontcrawl', 'jumpingjack', 'icedancing', 'wallpushups']",False,True
v_WallPushups_g03_c02.avi,wallpushups,frontcrawl,"['frontcrawl', 'swing', 'icedancing', 'jumpingjack', 'taichi']",False,False
v_WritingOnBoard_g01_c01.avi,writingonboard,writingonboard,"['writingonboard', 'typing', 'stillrings', 'cleanandjerk', 'tabletennisshot']",True,True
v_WritingOnBoard_g01_c02.avi,writingonboard,writingonboard,"['writingonboard', 'typing', 'cleanandjerk', 'stillrings', 'tabletennisshot']",True,True
v_WritingOnBoard_g01_c03.avi,writingonboard,writingonboard,"['writingonboard', 'typing', 'cleanandjerk', 'stillrings', 'tabletennisshot']",True,True
v_WritingOnBoard_g01_c04.avi,writingonboard,writingonboard,"['writingonboard', 'typing', 'cleanandjerk', 'stillrings', 'tabletennisshot']",True,True
v_WritingOnBoard_g01_c05.avi,writingonboard,writingonboard,"['writingonboard', 'typing', 'cleanandjerk', 'tabletennisshot', 'stillrings']",True,True
v_WritingOnBoard_g01_c06.avi,writingonboard,writingonboard,"['writingonboard', 'typing', 'cleanandjerk', 'nunchucks', 'punch']",True,True
v_WritingOnBoard_g01_c07.avi,writingonboard,writingonboard,"['writingonboard', 'typing', 'cleanandjerk', 'punch', 'stillrings']",True,True
v_WritingOnBoard_g02_c01.avi,writingonboard,writingonboard,"['writingonboard', 'parallelbars', 'stillrings', 'throwdiscus', 'frontcrawl']",True,True
v_WritingOnBoard_g02_c02.avi,writingonboard,writingonboard,"['writingonboard', 'parallelbars', 'stillrings', 'throwdiscus', 'mixing']",True,True
v_WritingOnBoard_g02_c03.avi,writingonboard,writingonboard,"['writingonboard', 'parallelbars', 'throwdiscus', 'stillrings', 'frontcrawl']",True,True
v_YoYo_g01_c01.avi,yoyo,taichi,"['taichi', 'sumowrestling', 'shotput', 'nunchucks', 'yoyo']",False,True
v_YoYo_g01_c02.avi,yoyo,taichi,"['taichi', 'yoyo', 'sumowrestling', 'shotput', 'nunchucks']",False,True
v_YoYo_g01_c03.avi,yoyo,taichi,"['taichi', 'yoyo', 'sumowrestling', 'nunchucks', 'icedancing']",False,True
v_YoYo_g01_c04.avi,yoyo,yoyo,"['yoyo', 'taichi', 'sumowrestling', 'nunchucks', 'icedancing']",True,True
v_YoYo_g01_c05.avi,yoyo,taichi,"['taichi', 'yoyo', 'shotput', 'sumowrestling', 'nunchucks']",False,True
v_YoYo_g01_c06.avi,yoyo,taichi,"['taichi', 'yoyo', 'nunchucks', 'icedancing', 'shotput']",False,True
v_YoYo_g01_c07.avi,yoyo,taichi,"['taichi', 'yoyo', 'shotput', 'sumowrestling', 'nunchucks']",False,True
v_YoYo_g02_c01.avi,yoyo,yoyo,"['yoyo', 'tabletennisshot', 'jumpingjack', 'frisbeecatch', 'nunchucks']",True,True
v_YoYo_g02_c02.avi,yoyo,yoyo,"['yoyo', 'nunchucks', 'jumprope', 'haircut', 'jumpingjack']",True,True
v_YoYo_g02_c03.avi,yoyo,nunchucks,"['nunchucks', 'yoyo', 'jumprope', 'salsaspin', 'jumpingjack']",False,True
