video,true_label,top1_pred,top5_preds,top1_correct,top5_correct
v_ApplyEyeMakeup_g01_c01.avi,applyeyemakeup,applyeyemakeup,"['applyeyemakeup', 'boxingpunchingbag', 'boxingspeedbag', 'punch', 'golfswing']",True,True
v_ApplyEyeMakeup_g01_c02.avi,applyeyemakeup,applyeyemakeup,"['applyeyemakeup', 'punch', 'boxingpunchingbag', 'boxingspeedbag', 'golfswing']",True,True
v_ApplyEyeMakeup_g01_c03.avi,applyeyemakeup,applyeyemakeup,"['applyeyemakeup', 'boxingspeedbag', 'boxingpunchingbag', 'punch', 'golfswing']",True,True
v_ApplyEyeMakeup_g01_c04.avi,applyeyemakeup,applyeyemakeup,"['applyeyemakeup', 'boxingspeedbag', 'boxingpunchingbag', 'punch', 'golfswing']",True,True
v_ApplyEyeMakeup_g01_c05.avi,applyeyemakeup,applyeyemakeup,"['applyeyemakeup', 'boxingpunchingbag', 'boxingspeedbag', 'punch', 'golfswing']",True,True
v_ApplyEyeMakeup_g01_c06.avi,applyeyemakeup,applyeyemakeup,"['applyeyemakeup', 'boxingpunchingbag', 'boxingspeedbag', 'billiards', 'golfswing']",True,True
v_ApplyEyeMakeup_g02_c01.avi,applyeyemakeup,applyeyemakeup,"['applyeyemakeup', 'boxingspeedbag', 'applylipstick', 'boxingpunchingbag', 'punch']",True,True
v_ApplyEyeMakeup_g02_c02.avi,applyeyemakeup,applyeyemakeup,"['applyeyemakeup', 'boxingspeedbag', 'applylipstick', 'boxingpunchingbag', 'punch']",True,True
v_ApplyEyeMakeup_g02_c03.avi,applyeyemakeup,applyeyemakeup,"['applyeyemakeup', 'boxingspeedbag', 'applylipstick', 'punch', 'boxingpunchingbag']",True,True
v_ApplyEyeMakeup_g02_c04.avi,applyeyemakeup,applyeyemakeup,"['applyeyemakeup', 'balancebeam', 'applylipstick', 'icedancing', 'golfswing']",True,True
v_ApplyLipstick_g01_c01.avi,applylipstick,brushingteeth,"['brushingteeth', 'benchpress', 'applylipstick', 'wallpushups', 'boxingpunchingbag']",False,True
v_ApplyLipstick_g01_c02.avi,applylipstick,applylipstick,"['applylipstick', 'brushingteeth', 'blowingcandles', 'applyeyemakeup', 'wallpushups']",True,True
v_ApplyLipstick_g01_c03.avi,applylipstick,brushingteeth,"['brushingteeth', 'applylipstick', 'applyeyemakeup', 'blowingcandles', 'knitting']",False,True
v_ApplyLipstick_g01_c04.avi,applylipstick,applylipstick,"['applylipstick', 'boxingpunchingbag', 'blowdryhair', 'blowingcandles', 'knitting']",True,True
v_ApplyLipstick_g01_c05.avi,applylipstick,applylipstick,"['applylipstick', 'boxingpunchingbag', 'boxingspeedbag', 'applyeyemakeup', 'blowdryhair']",True,True
v_ApplyLipstick_g02_c01.avi,applylipstick,applylipstick,"['applylipstick', 'applyeyemakeup', 'brushingteeth', 'shavingbeard', 'fencing']",True,True
v_ApplyLipstick_g02_c02.avi,applylipstick,applyeyemakeup,"['applyeyemakeup', 'applylipstick', 'shavingbeard', 'brushingteeth', 'boxingspeedbag']",False,True
v_ApplyLipstick_g02_c03.avi,applylipstick,applyeyemakeup,"['applyeyemakeup', 'applylipstick', 'brushingteeth', 'shavingbeard', 'unevenbars']",False,True
v_ApplyLipstick_g02_c04.avi,applylipstick,applylipstick,"['applylipstick', 'brushingteeth', 'applyeyemakeup', 'shavingbeard', 'unevenbars']",True,True
v_ApplyLipstick_g03_c01.avi,applylipstick,brushingteeth,"['brushingteeth', 'applylipstick', 'knitting', 'blowingcandles', 'breaststroke']",False,True
v_Archery_g01_c01.avi,archery,archery,"['archery', 'hammerthrow', 'jumprope', 'hulahoop', 'horseriding']",True,True
v_Archery_g01_c02.avi,archery,archery,"['archery', 'hammerthrow', 'golfswing', 'playingviolin', 'jumprope']",True,True
v_Archery_g01_c03.avi,archery,archery,"['archery', 'playingviolin', 'jumprope', 'hammerthrow', 'skijet']",True,True
v_Archery_g01_c04.avi,archery,archery,"['archery', 'skijet', 'playingviolin', 'hammerthrow', 'golfswing']",True,True
v_Archery_g01_c05.avi,archery,archery,"['archery', 'hammerthrow', 'rowing', 'shotput', 'polevault']",True,True
v_Archery_g01_c06.avi,archery,archery,"['archery', 'hammerthrow', 'fencing', 'polevault', 'balancebeam']",True,True
v_Archery_g01_c07.avi,archery,archery,"['archery', 'hammerthrow', 'hulahoop', 'jumprope', 'horseriding']",True,True
v_Archery_g02_c01.avi,archery,archery,"['archery', 'playingviolin', 'bandmarching', 'fencing', 'jumprope']",True,True
v_Archery_g02_c02.avi,archery,archery,"['archery', 'playingviolin', 'golfswing', 'jumprope', 'bandmarching']",True,True
v_Archery_g02_c03.avi,archery,archery,"['archery', 'playingviolin', 'bandmarching', 'golfswing', 'fencing']",True,True
v_BabyCrawling_g01_c01.avi,babycrawling,babycrawling,"['babycrawling', 'handstandwalking', 'handstandpushups', 'pushups', 'moppingfloor']",True,True
v_BabyCrawling_g01_c02.avi,babycrawling,babycrawling,"['babycrawling', 'handstandwalking', 'moppingfloor', 'handstandpushups', 'pushups']",True,True
v_BabyCrawling_g01_c03.avi,babycrawling,babycrawling,"['babycrawling', 'handstandwalking', 'handstandpushups', 'moppingfloor', 'pushups']",True,True
v_BabyCrawling_g01_c04.avi,babycrawling,babycrawling,"['babycrawling', 'moppingfloor', 'handstandpushups', 'handstandwalking', 'pushups']",True,True
v_BabyCrawling_g02_c01.avi,babycrawling,babycrawling,"['babycrawling', 'moppingfloor', 'cricketbowling', 'pushups', 'lunges']",True,True
v_BabyCrawling_g02_c02.avi,babycrawling,babycrawling,"['babycrawling', 'moppingfloor', 'handstandwalking', 'handstandpushups', 'pushups']",True,True
v_BabyCrawling_g02_c03.avi,babycrawling,babycrawling,"['babycrawling', 'handstandwalking', 'handstandpushups', 'pushups', 'moppingfloor']",True,True
v_BabyCrawling_g02_c04.avi,babycrawling,babycrawling,"['babycrawling', 'handstandwalking', 'handstandpushups', 'moppingfloor', 'pushups']",True,True
v_BabyCrawling_g02_c05.avi,babycrawling,babycrawling,"['babycrawling', 'handstandwalking', 'handstandpushups', 'pushups', 'moppingfloor']",True,True
v_BabyCrawling_g02_c06.avi,babycrawling,babycrawling,"['babycrawling', 'handstandwalking', 'handstandpushups', 'moppingfloor', 'pushups']",True,True
v_BalanceBeam_g01_c01.avi,balancebeam,floorgymnastics,"['floorgymnastics', 'balancebeam', 'handstandwalking', 'polevault', 'diving']",False,True
v_BalanceBeam_g01_c02.avi,balancebeam,floorgymnastics,"['floorgymnastics', 'handstandwalking', 'balancebeam', 'bodyweightsquats', 'polevault']",False,True
v_BalanceBeam_g01_c03.avi,balancebeam,floorgymnastics,"['floorgymnastics', 'balancebeam', 'handstandwalking', 'polevault', 'trampolinejumping']",False,True
v_BalanceBeam_g01_c04.avi,balancebeam,floorgymnastics,"['floorgymnastics', 'balancebeam', 'diving', 'highjump', 'polevault']",False,True
v_BalanceBeam_g02_c01.avi,balancebeam,floorgymnastics,"['floorgymnastics', 'polevault', 'balancebeam', 'handstandwalking', 'pommelhorse']",False,True
v_BalanceBeam_g02_c02.avi,balancebeam,floorgymnastics,"['floorgymnastics', 'balancebeam', 'handstandwalking', 'pommelhorse', 'polevault']",False,True
v_BalanceBeam_g02_c03.avi,balancebeam,floorgymnastics,"['floorgymnastics', 'balancebeam', 'diving', 'pommelhorse', 'polevault']",False,True
v_BalanceBeam_g02_c04.avi,balancebeam,floorgymnastics,"['floorgymnastics', 'pommelhorse', 'balancebeam', 'diving', 'playingdaf']",False,True
v_BalanceBeam_g03_c01.avi,balancebeam,floorgymnastics,"['floorgymnastics', 'balancebeam', 'pommelhorse', 'handstandwalking', 'polevault']",False,True
v_BalanceBeam_g03_c02.avi,balancebeam,floorgymnastics,"['floorgymnastics', 'balancebeam', 'diving', 'pommelhorse', 'handstandwalking']",False,True
v_BandMarching_g01_c01.avi,bandmarching,bandmarching,"['bandmarching', 'militaryparade', 'punch', 'golfswing', 'playingdaf']",True,True
v_BandMarching_g01_c02.avi,bandmarching,bandmarching,"['bandmarching', 'militaryparade', 'punch', 'playingdaf', 'hammering']",True,True
v_BandMarching_g01_c03.avi,bandmarching,bandmarching,"['bandmarching', 'militaryparade', 'punch', 'hammering', 'fencing']",True,True
v_BandMarching_g01_c04.avi,bandmarching,militaryparade,"['militaryparade', 'bandmarching', 'rowing', 'skiing', 'mixing']",False,True
v_BandMarching_g01_c05.avi,bandmarching,bandmarching,"['bandmarching', 'militaryparade', 'skiing', 'rowing', 'archery']",True,True
v_BandMarching_g01_c06.avi,bandmarching,bandmarching,"['bandmarching', 'militaryparade', 'punch', 'basketball', 'rowing']",True,True
v_BandMarching_g01_c07.avi,bandmarching,bandmarching,"['bandmarching', 'militaryparade', 'punch', 'basketball', 'rowing']",True,True
v_BandMarching_g02_c01.avi,bandmarching,militaryparade,"['militaryparade', 'bandmarching', 'golfswing', 'drumming', 'fencing']",False,True
v_BandMarching_g02_c02.avi,bandmarching,militaryparade,"['militaryparade', 'bandmarching', 'golfswing', 'drumming', 'fencing']",False,True
v_BandMarching_g02_c03.avi,bandmarching,bandmarching,"['bandmarching', 'militaryparade', 'drumming', 'golfswing', 'fencing']",True,True
v_BaseballPitch_g01_c01.avi,baseballpitch,baseballpitch,"['baseballpitch', 'golfswing', 'jugglingballs', 'cricketshot', 'longjump']",True,True
v_BaseballPitch_g01_c03.avi,baseballpitch,hammerthrow,"['hammerthrow', 'throwdiscus', 'baseballpitch', 'javelinthrow', 'cricketshot']",False,True
v_BaseballPitch_g01_c04.avi,baseballpitch,baseballpitch,"['baseballpitch', 'golfswing', 'cricketshot', 'swing', 'longjump']",True,True
v_BaseballPitch_g01_c05.avi,baseballpitch,archery,"['archery', 'javelinthrow', 'baseballpitch', 'balancebeam', 'hammerthrow']",False,True
v_BaseballPitch_g01_c06.avi,baseballpitch,hammerthrow,"['hammerthrow', 'baseballpitch', 'lunges', 'javelinthrow', 'archery']",False,True
v_BaseballPitch_g02_c01.avi,baseballpitch,baseballpitch,"['baseballpitch', 'punch', 'basketball', 'diving', 'militaryparade']",True,True
v_BaseballPitch_g02_c02.avi,baseballpitch,baseballpitch,"['baseballpitch', 'basketball', 'punch', 'militaryparade', 'golfswing']",True,True
v_BaseballPitch_g02_c03.avi,baseballpitch,baseballpitch,"['baseballpitch', 'punch', 'basketball', 'militaryparade', 'diving']",True,True
v_BaseballPitch_g02_c04.avi,baseballpitch,baseballpitch,"['baseballpitch', 'punch', 'basketball', 'diving', 'militaryparade']",True,True
v_Basketball_g01_c01.avi,basketball,basketball,"['basketball', 'basketballdunk', 'volleyballspiking', 'jumpingjack', 'hulahoop']",True,True
v_Basketball_g01_c02.avi,basketball,basketball,"['basketball', 'basketballdunk', 'jumpingjack', 'hulahoop', 'volleyballspiking']",True,True
v_Basketball_g01_c03.avi,basketball,basketball,"['basketball', 'basketballdunk', 'jumpingjack', 'volleyballspiking', 'hulahoop']",True,True
v_Basketball_g01_c04.avi,basketball,basketball,"['basketball', 'basketballdunk', 'jumpingjack', 'volleyballspiking', 'hulahoop']",True,True
v_Basketball_g01_c05.avi,basketball,basketball,"['basketball', 'basketballdunk', 'jumpingjack', 'hulahoop', 'javelinthrow']",True,True
v_Basketball_g01_c06.avi,basketball,basketball,"['basketball', 'basketballdunk', 'volleyballspiking', 'jumpingjack', 'javelinthrow']",True,True
v_Basketball_g01_c07.avi,basketball,basketball,"['basketball', 'basketballdunk', 'jumpingjack', 'volleyballspiking', 'javelinthrow']",True,True
v_Basketball_g02_c01.avi,basketball,basketball,"['basketball', 'basketballdunk', 'taichi', 'cricketshot', 'hulahoop']",True,True
v_Basketball_g02_c02.avi,basketball,basketball,"['basketball', 'basketballdunk', 'cricketshot', 'skijet', 'shotput']",True,True
v_Basketball_g02_c03.avi,basketball,basketball,"['basketball', 'basketballdunk', 'shotput', 'hulahoop', 'taichi']",True,True
v_BasketballDunk_g01_c01.avi,basketballdunk,basketball,"['basketball', 'basketballdunk', 'volleyballspiking', 'hulahoop', 'breaststroke']",False,True
v_BasketballDunk_g01_c02.avi,basketballdunk,basketball,"['basketball', 'basketballdunk', 'hulahoop', 'volleyballspiking', 'golfswing']",False,True
v_BasketballDunk_g01_c03.avi,basketballdunk,basketball,"['basketball', 'basketballdunk', 'volleyballspiking', 'hulahoop', 'punch']",False,True
v_BasketballDunk_g01_c04.avi,basketballdunk,basketballdunk,"['basketballdunk', 'basketball', 'volleyballspiking', 'hulahoop', 'breaststroke']",True,True
v_BasketballDunk_g01_c05.avi,basketballdunk,basketball,"['basketball', 'basketballdunk', 'volleyballspiking', 'hulahoop', 'jumprope']",False,True
v_BasketballDunk_g01_c06.avi,basketballdunk,basketball,"['basketball', 'basketballdunk', 'volleyballspiking', 'hulahoop', 'jumpingjack']",False,True
v_BasketballDunk_g01_c07.avi,basketballdunk,basketball,"['basketball', 'basketballdunk', 'volleyballspiking', 'hulahoop', 'golfswing']",False,True
v_BasketballDunk_g02_c01.avi,basketballdunk,basketball,"['basketball', 'basketballdunk', 'hulahoop', 'volleyballspiking', 'jumpingjack']",False,True
v_BasketballDunk_g02_c02.avi,basketballdunk,basketballdunk,"['basketballdunk', 'basketball', 'jumpingjack', 'volleyballspiking', 'highjump']",True,True
v_BasketballDunk_g02_c03.avi,basketballdunk,basketball,"['basketball', 'basketballdunk', 'hulahoop', 'volleyballspiking', 'jumprope']",False,True
v_BenchPress_g01_c01.avi,benchpress,benchpress,"['benchpress', 'handstandpushups', 'pushups', 'rowing', 'wallpushups']",True,True
v_BenchPress_g01_c02.avi,benchpress,benchpress,"['benchpress', 'rowing', 'pushups', 'handstandpushups', 'wallpushups']",True,True
v_BenchPress_g01_c03.avi,benchpress,benchpress,"['benchpress', 'rowing', 'handstandpushups', 'pushups', 'golfswing']",True,True
v_BenchPress_g01_c04.avi,benchpress,benchpress,"['benchpress', 'handstandpushups', 'rowing', 'pushups', 'lunges']",True,True
v_BenchPress_g01_c05.avi,benchpress,benchpress,"['benchpress', 'pushups', 'handstandpushups', 'rowing', 'wallpushups']",True,True
v_BenchPress_g01_c06.avi,benchpress,benchpress,"['benchpress', 'handstandpushups', 'pushups', 'rowing', 'lunges']",True,True
v_BenchPress_g02_c01.avi,benchpress,benchpress,"['benchpress', 'rowing', 'balancebeam', 'pommelhorse', 'volleyballspiking']",True,True
v_BenchPress_g02_c02.avi,benchpress,benchpress,"['benchpress', 'balancebeam', 'rowing', 'volleyballspiking', 'golfswing']",True,True
v_BenchPress_g02_c03.avi,benchpress,benchpress,"['benchpress', 'rowing', 'volleyballspiking', 'balancebeam', 'golfswing']",True,True
v_BenchPress_g02_c04.avi,benchpress,benchpress,"['benchpress', 'rowing', 'pushups', 'handstandpushups', 'volleyballspiking']",True,True
v_Biking_g01_c01.avi,biking,biking,"['biking', 'jumprope', 'salsaspin', 'boxingspeedbag', 'playingguitar']",True,True
v_Biking_g01_c02.avi,biking,biking,"['biking', 'salsaspin', 'jumprope', 'hammering', 'jumpingjack']",True,True
v_Biking_g01_c03.avi,biking,biking,"['biking', 'salsaspin', 'boxingspeedbag', 'playingguitar', 'jumprope']",True,True
v_Biking_g01_c04.avi,biking,biking,"['biking', 'jumprope', 'salsaspin', 'boxingspeedbag', 'playingguitar']",True,True
v_Biking_g02_c01.avi,biking,biking,"['biking', 'boxingspeedbag', 'salsaspin', 'horserace', 'rowing']",True,True
v_Biking_g02_c02.avi,biking,biking,"['biking', 'horserace', 'boxingspeedbag', 'salsaspin', 'basketball']",True,True
v_Biking_g02_c03.avi,biking,biking,"['biking', 'horserace', 'boxingspeedbag', 'rowing', 'salsaspin']",True,True
v_Biking_g02_c04.avi,biking,biking,"['biking', 'boxingspeedbag', 'horserace', 'salsaspin', 'basketball']",True,True
v_Biking_g02_c05.avi,biking,biking,"['biking', 'boxingspeedbag', 'jumprope', 'jumpingjack', 'salsaspin']",True,True
v_Biking_g02_c06.avi,biking,biking,"['biking', 'jumprope', 'boxingspeedbag', 'basketball', 'salsaspin']",True,True
v_Billiards_g01_c01.avi,billiards,billiards,"['billiards', 'tabletennisshot', 'jugglingballs', 'golfswing', 'bowling']",True,True
v_Billiards_g01_c02.avi,billiards,billiards,"['billiards', 'tabletennisshot', 'golfswing', 'jugglingballs', 'bowling']",True,True
v_Billiards_g01_c03.avi,billiards,billiards,"['billiards', 'tabletennisshot', 'jugglingballs', 'golfswing', 'bowling']",True,True
v_Billiards_g01_c04.avi,billiards,billiards,"['billiards', 'tabletennisshot', 'golfswing', 'bowling', 'jugglingballs']",True,True
v_Billiards_g01_c05.avi,billiards,billiards,"['billiards', 'tabletennisshot', 'jugglingballs', 'golfswing', 'bowling']",True,True
v_Billiards_g01_c06.avi,billiards,billiards,"['billiards', 'tabletennisshot', 'golfswing', 'jugglingballs', 'bowling']",True,True
v_Billiards_g02_c01.avi,billiards,billiards,"['billiards', 'tabletennisshot', 'golfswing', 'bowling', 'jugglingballs']",True,True
v_Billiards_g02_c02.avi,billiards,billiards,"['billiards', 'tabletennisshot', 'bowling', 'jugglingballs', 'cricketbowling']",True,True
v_Billiards_g02_c03.avi,billiards,billiards,"['billiards', 'tabletennisshot', 'golfswing', 'bowling', 'jugglingballs']",True,True
v_Billiards_g02_c04.avi,billiards,billiards,"['billiards', 'tabletennisshot', 'bowling', 'jugglingballs', 'golfswing']",True,True
v_BlowDryHair_g01_c01.avi,blowdryhair,blowdryhair,"['blowdryhair', 'haircut', 'salsaspin', 'balancebeam', 'hammering']",True,True
v_BlowDryHair_g01_c02.avi,blowdryhair,blowdryhair,"['blowdryhair', 'haircut', 'swing', 'hammering', 'salsaspin']",True,True
v_BlowDryHair_g01_c03.avi,blowdryhair,blowdryhair,"['blowdryhair', 'haircut', 'salsaspin', 'headmassage', 'balancebeam']",True,True
v_BlowDryHair_g01_c04.avi,blowdryhair,blowdryhair,"['blowdryhair', 'haircut', 'salsaspin', 'headmassage', 'swing']",True,True
v_BlowDryHair_g02_c01.avi,blowdryhair,blowdryhair,"['blowdryhair', 'haircut', 'punch', 'balancebeam', 'salsaspin']",True,True
v_BlowDryHair_g02_c02.avi,blowdryhair,blowdryhair,"['blowdryhair', 'haircut', 'punch', 'balancebeam', 'headmassage']",True,True
v_BlowDryHair_g02_c03.avi,blowdryhair,blowdryhair,"['blowdryhair', 'haircut', 'moppingfloor', 'frisbeecatch', 'punch']",True,True
v_BlowDryHair_g02_c04.avi,blowdryhair,blowdryhair,"['blowdryhair', 'haircut', 'punch', 'headmassage', 'salsaspin']",True,True
v_BlowDryHair_g02_c05.avi,blowdryhair,blowdryhair,"['blowdryhair', 'haircut', 'headmassage', 'punch', 'salsaspin']",True,True
v_BlowDryHair_g03_c01.avi,blowdryhair,blowdryhair,"['blowdryhair', 'headmassage', 'salsaspin', 'skijet', 'balancebeam']",True,True
v_BlowingCandles_g01_c01.avi,blowingcandles,blowingcandles,"['blowingcandles', 'icedancing', 'punch', 'horseriding', 'lunges']",True,True
v_BlowingCandles_g01_c02.avi,blowingcandles,blowingcandles,"['blowingcandles', 'brushingteeth', 'balancebeam', 'icedancing', 'punch']",True,True
v_BlowingCandles_g01_c03.avi,blowingcandles,blowingcandles,"['blowingcandles', 'punch', 'longjump', 'basketball', 'skiing']",True,True
v_BlowingCandles_g01_c04.avi,blowingcandles,blowingcandles,"['blowingcandles', 'icedancing', 'jumprope', 'basketball', 'longjump']",True,True
v_BlowingCandles_g02_c01.avi,blowingcandles,blowingcandles,"['blowingcandles', 'swing', 'fencing', 'unevenbars', 'highjump']",True,True
v_BlowingCandles_g02_c02.avi,blowingcandles,blowingcandles,"['blowingcandles', 'swing', 'unevenbars', 'fencing', 'highjump']",True,True
v_BlowingCandles_g02_c03.avi,blowingcandles,blowingcandles,"['blowingcandles', 'brushingteeth', 'billiards', 'longjump', 'surfing']",True,True
v_BlowingCandles_g02_c04.avi,blowingcandles,blowingcandles,"['blowingcandles', 'billiards', 'punch', 'icedancing', 'longjump']",True,True
v_BlowingCandles_g03_c01.avi,blowingcandles,blowingcandles,"['blowingcandles', 'billiards', 'punch', 'balancebeam', 'biking']",True,True
v_BlowingCandles_g03_c02.avi,blowingcandles,blowingcandles,"['blowingcandles', 'punch', 'longjump', 'biking', 'billiards']",True,True
v_BodyWeightSquats_g01_c01.avi,bodyweightsquats,lunges,"['lunges', 'bodyweightsquats', 'handstandwalking', 'shotput', 'handstandpushups']",False,True
v_BodyWeightSquats_g01_c02.avi,bodyweightsquats,lunges,"['lunges', 'bodyweightsquats', 'shotput', 'handstandwalking', 'handstandpushups']",False,True
v_BodyWeightSquats_g01_c03.avi,bodyweightsquats,lunges,"['lunges', 'bodyweightsquats', 'shotput', 'throwdiscus', 'handstandpushups']",False,True
v_BodyWeightSquats_g01_c04.avi,bodyweightsquats,lunges,"['lunges', 'bodyweightsquats', 'shotput', 'handstandwalking', 'throwdiscus']",False,True
v_BodyWeightSquats_g02_c01.avi,bodyweightsquats,lunges,"['lunges', 'bodyweightsquats', 'punch', 'boxingpunchingbag', 'boxingspeedbag']",False,True
v_BodyWeightSquats_g02_c02.avi,bodyweightsquats,lunges,"['lunges', 'bodyweightsquats', 'boxingpunchingbag', 'punch', 'boxingspeedbag']",False,True
v_BodyWeightSquats_g02_c03.avi,bodyweightsquats,lunges,"['lunges', 'boxingspeedbag', 'punch', 'boxingpunchingbag', 'bodyweightsquats']",False,True
v_BodyWeightSquats_g02_c04.avi,bodyweightsquats,lunges,"['lunges', 'handstandpushups', 'bodyweightsquats', 'pullups', 'pushups']",False,True
v_BodyWeightSquats_g03_c01.avi,bodyweightsquats,sumowrestling,"['sumowrestling', 'shavingbeard', 'soccerjuggling', 'frisbeecatch', 'boxingpunchingbag']",False,False
v_BodyWeightSquats_g03_c02.avi,bodyweightsquats,hulahoop,"['hulahoop', 'nunchucks', 'frisbeecatch', 'throwdiscus', 'soccerjuggling']",False,False
v_Bowling_g01_c01.avi,bowling,bowling,"['bowling', 'cricketbowling', 'billiards', 'hammerthrow', 'volleyballspiking']",True,True
v_Bowling_g01_c02.avi,bowling,bowling,"['bowling', 'cricketbowling', 'balancebeam', 'billiards', 'volleyballspiking']",True,True
v_Bowling_g01_c03.avi,bowling,bowling,"['bowling', 'cricketbowling', 'balancebeam', 'billiards', 'volleyballspiking']",True,True
v_Bowling_g01_c04.avi,bowling,bowling,"['bowling', 'cricketbowling', 'billiards', 'balancebeam', 'volleyballspiking']",True,True
v_Bowling_g01_c05.avi,bowling,bowling,"['bowling', 'cricketbowling', 'billiards', 'hammerthrow', 'breaststroke']",True,True
v_Bowling_g01_c06.avi,bowling,bowling,"['bowling', 'cricketbowling', 'billiards', 'hammerthrow', 'balancebeam']",True,True
v_Bowling_g01_c07.avi,bowling,bowling,"['bowling', 'cricketbowling', 'billiards', 'hammerthrow', 'balancebeam']",True,True
v_Bowling_g02_c01.avi,bowling,bowling,"['bowling', 'cricketbowling', 'billiards', 'breaststroke', 'balancebeam']",True,True
v_Bowling_g02_c02.avi,bowling,bowling,"['bowling', 'cricketbowling', 'billiards', 'balancebeam', 'hammering']",True,True
v_Bowling_g02_c03.avi,bowling,bowling,"['bowling', 'cricketbowling', 'billiards', 'balancebeam', 'breaststroke']",True,True
v_BoxingPunchingBag_g01_c01.avi,boxingpunchingbag,boxingspeedbag,"['boxingspeedbag', 'punch', 'boxingpunchingbag', 'lunges', 'taichi']",False,True
v_BoxingPunchingBag_g01_c02.avi,boxingpunchingbag,boxingspeedbag,"['boxingspeedbag', 'punch', 'boxingpunchingbag', 'lunges', 'taichi']",False,True
v_BoxingPunchingBag_g01_c03.avi,boxingpunchingbag,boxingspeedbag,"['boxingspeedbag', 'boxingpunchingbag', 'punch', 'lunges', 'highjump']",False,True
v_BoxingPunchingBag_g01_c04.avi,boxingpunchingbag,boxingspeedbag,"['boxingspeedbag', 'boxingpunchingbag', 'punch', 'lunges', 'nunchucks']",False,True
v_BoxingPunchingBag_g01_c05.avi,boxingpunchingbag,boxingspeedbag,"['boxingspeedbag', 'boxingpunchingbag', 'punch', 'lunges', 'longjump']",False,True
v_BoxingPunchingBag_g01_c06.avi,boxingpunchingbag,boxingspeedbag,"['boxingspeedbag', 'punch', 'boxingpunchingbag', 'lunges', 'shotput']",False,True
v_BoxingPunchingBag_g01_c07.avi,boxingpunchingbag,boxingspeedbag,"['boxingspeedbag', 'boxingpunchingbag', 'punch', 'lunges', 'highjump']",False,True
v_BoxingPunchingBag_g02_c01.avi,boxingpunchingbag,boxingspeedbag,"['boxingspeedbag', 'boxingpunchingbag', 'punch', 'horserace', 'hammering']",False,True
v_BoxingPunchingBag_g02_c02.avi,boxingpunchingbag,boxingspeedbag,"['boxingspeedbag', 'boxingpunchingbag', 'punch', 'horserace', 'horseriding']",False,True
v_BoxingPunchingBag_g02_c03.avi,boxingpunchingbag,boxingspeedbag,"['boxingspeedbag', 'boxingpunchingbag', 'punch', 'horserace', 'horseriding']",False,True
v_BoxingSpeedBag_g01_c01.avi,boxingspeedbag,boxingspeedbag,"['boxingspeedbag', 'boxingpunchingbag', 'punch', 'blowdryhair', 'hammering']",True,True
v_BoxingSpeedBag_g01_c02.avi,boxingspeedbag,boxingspeedbag,"['boxingspeedbag', 'boxingpunchingbag', 'punch', 'blowdryhair', 'hammering']",True,True
v_BoxingSpeedBag_g01_c03.avi,boxingspeedbag,boxingspeedbag,"['boxingspeedbag', 'boxingpunchingbag', 'punch', 'blowdryhair', 'hammering']",True,True
v_BoxingSpeedBag_g01_c04.avi,boxingspeedbag,boxingspeedbag,"['boxingspeedbag', 'boxingpunchingbag', 'punch', 'drumming', 'blowdryhair']",True,True
v_BoxingSpeedBag_g02_c01.avi,boxingspeedbag,boxingpunchingbag,"['boxingpunchingbag', 'punch', 'boxingspeedbag', 'blowdryhair', 'drumming']",False,True
v_BoxingSpeedBag_g02_c02.avi,boxingspeedbag,boxingpunchingbag,"['boxingpunchingbag', 'punch', 'boxingspeedbag', 'blowdryhair', 'drumming']",False,True
v_BoxingSpeedBag_g02_c03.avi,boxingspeedbag,boxingpunchingbag,"['boxingpunchingbag', 'drumming', 'punch', 'playingtabla', 'boxingspeedbag']",False,True
v_BoxingSpeedBag_g02_c04.avi,boxingspeedbag,boxingpunchingbag,"['boxingpunchingbag', 'punch', 'boxingspeedbag', 'drumming', 'playingtabla']",False,True
v_BoxingSpeedBag_g03_c01.avi,boxingspeedbag,boxingspeedbag,"['boxingspeedbag', 'boxingpunchingbag', 'punch', 'drumming', 'hammering']",True,True
v_BoxingSpeedBag_g03_c02.avi,boxingspeedbag,boxingpunchingbag,"['boxingpunchingbag', 'boxingspeedbag', 'punch', 'soccerjuggling', 'drumming']",False,True
v_BreastStroke_g01_c01.avi,breaststroke,breaststroke,"['breaststroke', 'frontcrawl', 'rowing', 'lunges', 'cliffdiving']",True,True
v_BreastStroke_g01_c02.avi,breaststroke,breaststroke,"['breaststroke', 'frontcrawl', 'cliffdiving', 'horseriding', 'lunges']",True,True
v_BreastStroke_g01_c03.avi,breaststroke,breaststroke,"['breaststroke', 'frontcrawl', 'cliffdiving', 'diving', 'lunges']",True,True
v_BreastStroke_g01_c04.avi,breaststroke,breaststroke,"['breaststroke', 'frontcrawl', 'cliffdiving', 'rowing', 'skijet']",True,True
v_BreastStroke_g02_c01.avi,breaststroke,breaststroke,"['breaststroke', 'frontcrawl', 'rowing', 'diving', 'billiards']",True,True
v_BreastStroke_g02_c02.avi,breaststroke,breaststroke,"['breaststroke', 'frontcrawl', 'rowing', 'horseriding', 'billiards']",True,True
v_BreastStroke_g02_c03.avi,breaststroke,breaststroke,"['breaststroke', 'frontcrawl', 'rowing', 'cliffdiving', 'billiards']",True,True
v_BreastStroke_g02_c04.avi,breaststroke,breaststroke,"['breaststroke', 'frontcrawl', 'rowing', 'cliffdiving', 'diving']",True,True
v_BreastStroke_g03_c01.avi,breaststroke,breaststroke,"['breaststroke', 'frontcrawl', 'diving', 'handstandwalking', 'rowing']",True,True
v_BreastStroke_g03_c02.avi,breaststroke,breaststroke,"['breaststroke', 'frontcrawl', 'rowing', 'golfswing', 'billiards']",True,True
v_BrushingTeeth_g01_c01.avi,brushingteeth,brushingteeth,"['brushingteeth', 'balancebeam', 'blowingcandles', 'skijet', 'skiing']",True,True
v_BrushingTeeth_g01_c02.avi,brushingteeth,brushingteeth,"['brushingteeth', 'balancebeam', 'skijet', 'skiing', 'blowingcandles']",True,True
v_BrushingTeeth_g01_c03.avi,brushingteeth,brushingteeth,"['brushingteeth', 'balancebeam', 'skiing', 'blowingcandles', 'jumprope']",True,True
v_BrushingTeeth_g01_c04.avi,brushingteeth,brushingteeth,"['brushingteeth', 'balancebeam', 'skijet', 'jumprope', 'highjump']",True,True
v_BrushingTeeth_g02_c01.avi,brushingteeth,brushingteeth,"['brushingteeth', 'balancebeam', 'unevenbars', 'shavingbeard', 'golfswing']",True,True
v_BrushingTeeth_g02_c02.avi,brushingteeth,brushingteeth,"['brushingteeth', 'shavingbeard', 'unevenbars', 'balancebeam', 'punch']",True,True
v_BrushingTeeth_g02_c03.avi,brushingteeth,brushingteeth,"['brushingteeth', 'balancebeam', 'shavingbeard', 'unevenbars', 'shotput']",True,True
v_BrushingTeeth_g02_c04.avi,brushingteeth,brushingteeth,"['brushingteeth', 'unevenbars', 'shavingbeard', 'balancebeam', 'applylipstick']",True,True
v_BrushingTeeth_g02_c05.avi,brushingteeth,brushingteeth,"['brushingteeth', 'shavingbeard', 'unevenbars', 'balancebeam', 'breaststroke']",True,True
v_BrushingTeeth_g02_c06.avi,brushingteeth,brushingteeth,"['brushingteeth', 'playingflute', 'shavingbeard', 'unevenbars', 'balancebeam']",True,True
v_CleanAndJerk_g01_c01.avi,cleanandjerk,cleanandjerk,"['cleanandjerk', 'handstandwalking', 'bodyweightsquats', 'balancebeam', 'unevenbars']",True,True
v_CleanAndJerk_g01_c02.avi,cleanandjerk,cleanandjerk,"['cleanandjerk', 'handstandwalking', 'balancebeam', 'pullups', 'bodyweightsquats']",True,True
v_CleanAndJerk_g01_c03.avi,cleanandjerk,cleanandjerk,"['cleanandjerk', 'bodyweightsquats', 'handstandwalking', 'pullups', 'unevenbars']",True,True
v_CleanAndJerk_g01_c04.avi,cleanandjerk,cleanandjerk,"['cleanandjerk', 'bodyweightsquats', 'balancebeam', 'handstandwalking', 'pullups']",True,True
v_CleanAndJerk_g01_c05.avi,cleanandjerk,cleanandjerk,"['cleanandjerk', 'bodyweightsquats', 'balancebeam', 'handstandwalking', 'pullups']",True,True
v_CleanAndJerk_g02_c01.avi,cleanandjerk,bodyweightsquats,"['bodyweightsquats', 'cleanandjerk', 'rowing', 'tennisswing', 'fieldhockeypenalty']",False,True
v_CleanAndJerk_g02_c02.avi,cleanandjerk,cleanandjerk,"['cleanandjerk', 'tennisswing', 'handstandwalking', 'rowing', 'fieldhockeypenalty']",True,True
v_CleanAndJerk_g02_c03.avi,cleanandjerk,cleanandjerk,"['cleanandjerk', 'tennisswing', 'rowing', 'handstandwalking', 'volleyballspiking']",True,True
v_CleanAndJerk_g02_c04.avi,cleanandjerk,cleanandjerk,"['cleanandjerk', 'handstandwalking', 'tennisswing', 'rowing', 'unevenbars']",True,True
v_CleanAndJerk_g03_c01.avi,cleanandjerk,cleanandjerk,"['cleanandjerk', 'rowing', 'bodyweightsquats', 'tennisswing', 'handstandwalking']",True,True
v_CliffDiving_g01_c01.avi,cliffdiving,cliffdiving,"['cliffdiving', 'diving', 'balancebeam', 'handstandwalking', 'floorgymnastics']",True,True
v_CliffDiving_g01_c02.avi,cliffdiving,cliffdiving,"['cliffdiving', 'diving', 'balancebeam', 'floorgymnastics', 'golfswing']",True,True
v_CliffDiving_g01_c03.avi,cliffdiving,cliffdiving,"['cliffdiving', 'skijet', 'diving', 'floorgymnastics', 'skiing']",True,True
v_CliffDiving_g01_c04.avi,cliffdiving,cliffdiving,"['cliffdiving', 'diving', 'skijet', 'polevault', 'floorgymnastics']",True,True
v_CliffDiving_g01_c05.avi,cliffdiving,cliffdiving,"['cliffdiving', 'diving', 'floorgymnastics', 'handstandwalking', 'balancebeam']",True,True
v_CliffDiving_g01_c06.avi,cliffdiving,cliffdiving,"['cliffdiving', 'diving', 'balancebeam', 'handstandwalking', 'floorgymnastics']",True,True
v_CliffDiving_g02_c01.avi,cliffdiving,cliffdiving,"['cliffdiving', 'diving', 'handstandwalking', 'balancebeam', 'floorgymnastics']",True,True
v_CliffDiving_g02_c02.avi,cliffdiving,cliffdiving,"['cliffdiving', 'diving', 'floorgymnastics', 'balancebeam', 'skijet']",True,True
v_CliffDiving_g02_c03.avi,cliffdiving,cliffdiving,"['cliffdiving', 'diving', 'floorgymnastics', 'polevault', 'balancebeam']",True,True
v_CliffDiving_g02_c04.avi,cliffdiving,cliffdiving,"['cliffdiving', 'diving', 'floorgymnastics', 'handstandwalking', 'balancebeam']",True,True
v_CricketBowling_g01_c01.avi,cricketbowling,cricketbowling,"['cricketbowling', 'cricketshot', 'bowling', 'punch', 'blowdryhair']",True,True
v_CricketBowling_g01_c02.avi,cricketbowling,cricketbowling,"['cricketbowling', 'cricketshot', 'bowling', 'basketball', 'punch']",True,True
v_CricketBowling_g01_c03.avi,cricketbowling,cricketbowling,"['cricketbowling', 'cricketshot', 'bowling', 'basketball', 'punch']",True,True
v_CricketBowling_g01_c04.avi,cricketbowling,cricketbowling,"['cricketbowling', 'cricketshot', 'bowling', 'basketball', 'punch']",True,True
v_CricketBowling_g01_c05.avi,cricketbowling,cricketbowling,"['cricketbowling', 'cricketshot', 'bowling', 'basketball', 'punch']",True,True
v_CricketBowling_g01_c06.avi,cricketbowling,cricketbowling,"['cricketbowling', 'cricketshot', 'bowling', 'basketball', 'militaryparade']",True,True
v_CricketBowling_g01_c07.avi,cricketbowling,cricketbowling,"['cricketbowling', 'cricketshot', 'bowling', 'basketball', 'militaryparade']",True,True
v_CricketBowling_g02_c01.avi,cricketbowling,cricketbowling,"['cricketbowling', 'basketball', 'cricketshot', 'volleyballspiking', 'tabletennisshot']",True,True
v_CricketBowling_g02_c02.avi,cricketbowling,cricketbowling,"['cricketbowling', 'tabletennisshot', 'cricketshot', 'basketball', 'bowling']",True,True
v_CricketBowling_g02_c03.avi,cricketbowling,cricketbowling,"['cricketbowling', 'cricketshot', 'tabletennisshot', 'basketball', 'volleyballspiking']",True,True
v_CricketShot_g01_c01.avi,cricketshot,cricketbowling,"['cricketbowling', 'cricketshot', 'bowling', 'basketball', 'punch']",False,True
v_CricketShot_g01_c02.avi,cricketshot,cricketbowling,"['cricketbowling', 'cricketshot', 'bowling', 'punch', 'skiing']",False,True
v_CricketShot_g01_c03.avi,cricketshot,cricketbowling,"['cricketbowling', 'cricketshot', 'bowling', 'basketball', 'punch']",False,True
v_CricketShot_g01_c04.avi,cricketshot,cricketbowling,"['cricketbowling', 'cricketshot', 'bowling', 'basketball', 'punch']",False,True
v_CricketShot_g01_c05.avi,cricketshot,cricketbowling,"['cricketbowling', 'cricketshot', 'bowling', 'punch', 'basketball']",False,True
v_CricketShot_g01_c06.avi,cricketshot,cricketbowling,"['cricketbowling', 'cricketshot', 'bowling', 'punch', 'basketball']",False,True
v_CricketShot_g01_c07.avi,cricketshot,cricketbowling,"['cricketbowling', 'cricketshot', 'bowling', 'punch', 'basketball']",False,True
v_CricketShot_g02_c01.avi,cricketshot,cricketbowling,"['cricketbowling', 'cricketshot', 'bowling', 'punch', 'baseballpitch']",False,True
v_CricketShot_g02_c02.avi,cricketshot,cricketbowling,"['cricketbowling', 'cricketshot', 'bowling', 'punch', 'baseballpitch']",False,True
v_CricketShot_g02_c03.avi,cricketshot,cricketbowling,"['cricketbowling', 'cricketshot', 'bowling', 'baseballpitch', 'punch']",False,True
v_CuttingInKitchen_g01_c01.avi,cuttinginkitchen,cuttinginkitchen,"['cuttinginkitchen', 'playingcello', 'hammering', 'nunchucks', 'yoyo']",True,True
v_CuttingInKitchen_g01_c02.avi,cuttinginkitchen,cuttinginkitchen,"['cuttinginkitchen', 'skijet', 'playingcello', 'pommelhorse', 'punch']",True,True
v_CuttingInKitchen_g01_c03.avi,cuttinginkitchen,cuttinginkitchen,"['cuttinginkitchen', 'skijet', 'playingcello', 'salsaspin', 'punch']",True,True
v_CuttingInKitchen_g01_c04.avi,cuttinginkitchen,cuttinginkitchen,"['cuttinginkitchen', 'hammering', 'pizzatossing', 'salsaspin', 'sumowrestling']",True,True
v_CuttingInKitchen_g01_c05.avi,cuttinginkitchen,cuttinginkitchen,"['cuttinginkitchen', 'sumowrestling', 'salsaspin', 'pizzatossing', 'hammering']",True,True
v_CuttingInKitchen_g02_c01.avi,cuttinginkitchen,cuttinginkitchen,"['cuttinginkitchen', 'skijet', 'punch', 'pizzatossing', 'salsaspin']",True,True
v_CuttingInKitchen_g02_c02.avi,cuttinginkitchen,cuttinginkitchen,"['cuttinginkitchen', 'punch', 'skijet', 'salsaspin', 'pizzatossing']",True,True
v_CuttingInKitchen_g02_c03.avi,cuttinginkitchen,cuttinginkitchen,"['cuttinginkitchen', 'pizzatossing', 'skijet', 'playingcello', 'punch']",True,True
v_CuttingInKitchen_g02_c04.avi,cuttinginkitchen,cuttinginkitchen,"['cuttinginkitchen', 'skijet', 'salsaspin', 'punch', 'pizzatossing']",True,True
v_CuttingInKitchen_g03_c01.avi,cuttinginkitchen,cuttinginkitchen,"['cuttinginkitchen', 'brushingteeth', 'archery', 'hammering', 'knitting']",True,True
v_Diving_g01_c01.avi,diving,diving,"['diving', 'cliffdiving', 'handstandwalking', 'highjump', 'skijet']",True,True
v_Diving_g01_c02.avi,diving,diving,"['diving', 'skijet', 'cliffdiving', 'handstandwalking', 'floorgymnastics']",True,True
v_Diving_g01_c03.avi,diving,diving,"['diving', 'cliffdiving', 'skijet', 'balancebeam', 'frontcrawl']",True,True
v_Diving_g01_c04.avi,diving,diving,"['diving', 'cliffdiving', 'floorgymnastics', 'frontcrawl', 'balancebeam']",True,True
v_Diving_g01_c05.avi,diving,diving,"['diving', 'cliffdiving', 'balancebeam', 'handstandwalking', 'floorgymnastics']",True,True
v_Diving_g01_c06.avi,diving,diving,"['diving', 'cliffdiving', 'floorgymnastics', 'frontcrawl', 'balancebeam']",True,True
v_Diving_g01_c07.avi,diving,diving,"['diving', 'cliffdiving', 'skijet', 'floorgymnastics', 'highjump']",True,True
v_Diving_g02_c01.avi,diving,diving,"['diving', 'cliffdiving', 'handstandwalking', 'longjump', 'floorgymnastics']",True,True
v_Diving_g02_c02.avi,diving,diving,"['diving', 'cliffdiving', 'frontcrawl', 'handstandwalking', 'skijet']",True,True
v_Diving_g02_c03.avi,diving,diving,"['diving', 'floorgymnastics', 'handstandwalking', 'balancebeam', 'tennisswing']",True,True
v_Drumming_g01_c01.avi,drumming,drumming,"['drumming', 'bandmarching', 'playingdhol', 'mixing', 'breaststroke']",True,True
v_Drumming_g01_c02.avi,drumming,drumming,"['drumming', 'bandmarching', 'playingdhol', 'mixing', 'breaststroke']",True,True
v_Drumming_g01_c03.avi,drumming,drumming,"['drumming', 'bandmarching', 'playingdhol', 'mixing', 'cuttinginkitchen']",True,True
v_Drumming_g01_c04.avi,drumming,drumming,"['drumming', 'bandmarching', 'playingdhol', 'mixing', 'playingtabla']",True,True
v_Drumming_g01_c05.avi,drumming,drumming,"['drumming', 'bandmarching', 'playingdhol', 'mixing', 'playingdaf']",True,True
v_Drumming_g01_c06.avi,drumming,drumming,"['drumming', 'bandmarching', 'playingdhol', 'mixing', 'playingdaf']",True,True
v_Drumming_g01_c07.avi,drumming,drumming,"['drumming', 'bandmarching', 'playingdhol', 'playingdaf', 'surfing']",True,True
v_Drumming_g02_c01.avi,drumming,drumming,"['drumming', 'bandmarching', 'breaststroke', 'billiards', 'mixing']",True,True
v_Drumming_g02_c02.avi,drumming,drumming,"['drumming', 'bandmarching', 'breaststroke', 'billiards', 'mixing']",True,True
v_Drumming_g02_c03.avi,drumming,drumming,"['drumming', 'bandmarching', 'billiards', 'mixing', 'breaststroke']",True,True
v_Fencing_g01_c01.avi,fencing,fencing,"['fencing', 'punch', 'nunchucks', 'lunges', 'throwdiscus']",True,True
v_Fencing_g01_c02.avi,fencing,fencing,"['fencing', 'nunchucks', 'punch', 'throwdiscus', 'cricketshot']",True,True
v_Fencing_g01_c03.avi,fencing,fencing,"['fencing', 'cricketshot', 'nunchucks', 'throwdiscus', 'cricketbowling']",True,True
v_Fencing_g01_c04.avi,fencing,fencing,"['fencing', 'nunchucks', 'punch', 'cricketshot', 'throwdiscus']",True,True
v_Fencing_g01_c05.avi,fencing,fencing,"['fencing', 'cricketshot', 'nunchucks', 'cricketbowling', 'punch']",True,True
v_Fencing_g01_c06.avi,fencing,fencing,"['fencing', 'nunchucks', 'cricketshot', 'punch', 'archery']",True,True
v_Fencing_g02_c01.avi,fencing,fencing,"['fencing', 'nunchucks', 'archery', 'hammering', 'punch']",True,True
v_Fencing_g02_c02.avi,fencing,fencing,"['fencing', 'nunchucks', 'cricketshot', 'punch', 'tennisswing']",True,True
v_Fencing_g02_c03.avi,fencing,fencing,"['fencing', 'archery', 'nunchucks', 'bandmarching', 'hammering']",True,True
v_Fencing_g02_c04.avi,fencing,fencing,"['fencing', 'archery', 'nunchucks', 'bandmarching', 'militaryparade']",True,True
v_FieldHockeyPenalty_g01_c01.avi,fieldhockeypenalty,fieldhockeypenalty,"['fieldhockeypenalty', 'golfswing', 'baseballpitch', 'archery', 'tennisswing']",True,True
v_FieldHockeyPenalty_g01_c02.avi,fieldhockeypenalty,fieldhockeypenalty,"['fieldhockeypenalty', 'cricketshot', 'frontcrawl', 'hammering', 'lunges']",True,True
v_FieldHockeyPenalty_g01_c03.avi,fieldhockeypenalty,fieldhockeypenalty,"['fieldhockeypenalty', 'frontcrawl', 'soccerpenalty', 'baseballpitch', 'billiards']",True,True
v_FieldHockeyPenalty_g01_c04.avi,fieldhockeypenalty,fieldhockeypenalty,"['fieldhockeypenalty', 'cricketshot', 'lunges', 'baseballpitch', 'longjump']",True,True
v_FieldHockeyPenalty_g01_c05.avi,fieldhockeypenalty,fieldhockeypenalty,"['fieldhockeypenalty', 'golfswing', 'tennisswing', 'cricketshot', 'hammerthrow']",True,True
v_FieldHockeyPenalty_g02_c01.avi,fieldhockeypenalty,volleyballspiking,"['volleyballspiking', 'fieldhockeypenalty', 'soccerpenalty', 'javelinthrow', 'longjump']",False,True
v_FieldHockeyPenalty_g02_c02.avi,fieldhockeypenalty,volleyballspiking,"['volleyballspiking', 'fieldhockeypenalty', 'soccerpenalty', 'hammerthrow', 'diving']",False,True
v_FieldHockeyPenalty_g02_c03.avi,fieldhockeypenalty,volleyballspiking,"['volleyballspiking', 'fieldhockeypenalty', 'javelinthrow', 'jumpingjack', 'soccerpenalty']",False,True
v_FieldHockeyPenalty_g02_c04.avi,fieldhockeypenalty,volleyballspiking,"['volleyballspiking', 'fieldhockeypenalty', 'soccerpenalty', 'javelinthrow', 'hammerthrow']",False,True
v_FieldHockeyPenalty_g02_c05.avi,fieldhockeypenalty,volleyballspiking,"['volleyballspiking', 'fieldhockeypenalty', 'hammerthrow', 'javelinthrow', 'shotput']",False,True
v_FloorGymnastics_g01_c01.avi,floorgymnastics,floorgymnastics,"['floorgymnastics', 'handstandwalking', 'polevault', 'volleyballspiking', 'golfswing']",True,True
v_FloorGymnastics_g01_c02.avi,floorgymnastics,floorgymnastics,"['floorgymnastics', 'polevault', 'handstandwalking', 'pommelhorse', 'volleyballspiking']",True,True
v_FloorGymnastics_g01_c03.avi,floorgymnastics,floorgymnastics,"['floorgymnastics', 'handstandwalking', 'volleyballspiking', 'tennisswing', 'diving']",True,True
v_FloorGymnastics_g01_c04.avi,floorgymnastics,floorgymnastics,"['floorgymnastics', 'handstandwalking', 'volleyballspiking', 'polevault', 'tennisswing']",True,True
v_FloorGymnastics_g01_c05.avi,floorgymnastics,floorgymnastics,"['floorgymnastics', 'tennisswing', 'volleyballspiking', 'polevault', 'pommelhorse']",True,True
v_FloorGymnastics_g02_c01.avi,floorgymnastics,floorgymnastics,"['floorgymnastics', 'handstandwalking', 'pommelhorse', 'balancebeam', 'handstandpushups']",True,True
v_FloorGymnastics_g02_c02.avi,floorgymnastics,floorgymnastics,"['floorgymnastics', 'handstandwalking', 'pommelhorse', 'tennisswing', 'javelinthrow']",True,True
v_FloorGymnastics_g02_c03.avi,floorgymnastics,floorgymnastics,"['floorgymnastics', 'handstandwalking', 'handstandpushups', 'balancebeam', 'pommelhorse']",True,True
v_FloorGymnastics_g02_c04.avi,floorgymnastics,floorgymnastics,"['floorgymnastics', 'handstandwalking', 'pommelhorse', 'tennisswing', 'balancebeam']",True,True
v_FloorGymnastics_g03_c01.avi,floorgymnastics,floorgymnastics,"['floorgymnastics', 'handstandwalking', 'pommelhorse', 'balancebeam', 'tennisswing']",True,True
v_FrisbeeCatch_g01_c01.avi,frisbeecatch,frisbeecatch,"['frisbeecatch', 'throwdiscus', 'rafting', 'highjump', 'lunges']",True,True
v_FrisbeeCatch_g01_c02.avi,frisbeecatch,frisbeecatch,"['frisbeecatch', 'hammerthrow', 'breaststroke', 'rafting', 'fieldhockeypenalty']",True,True
v_FrisbeeCatch_g01_c03.avi,frisbeecatch,frisbeecatch,"['frisbeecatch', 'hammerthrow', 'throwdiscus', 'javelinthrow', 'stillrings']",True,True
v_FrisbeeCatch_g01_c04.avi,frisbeecatch,frisbeecatch,"['frisbeecatch', 'hammerthrow', 'throwdiscus', 'hulahoop', 'jumprope']",True,True
v_FrisbeeCatch_g01_c05.avi,frisbeecatch,frisbeecatch,"['frisbeecatch', 'hammerthrow', 'throwdiscus', 'rafting', 'hammering']",True,True
v_FrisbeeCatch_g01_c06.avi,frisbeecatch,frisbeecatch,"['frisbeecatch', 'rafting', 'kayaking', 'hammering', 'playingdaf']",True,True
v_FrisbeeCatch_g02_c01.avi,frisbeecatch,frisbeecatch,"['frisbeecatch', 'soccerjuggling', 'soccerpenalty', 'tabletennisshot', 'golfswing']",True,True
v_FrisbeeCatch_g02_c02.avi,frisbeecatch,frisbeecatch,"['frisbeecatch', 'fieldhockeypenalty', 'hulahoop', 'billiards', 'soccerjuggling']",True,True
v_FrisbeeCatch_g02_c03.avi,frisbeecatch,frisbeecatch,"['frisbeecatch', 'fieldhockeypenalty', 'soccerpenalty', 'soccerjuggling', 'playingdaf']",True,True
v_FrisbeeCatch_g02_c04.avi,frisbeecatch,frisbeecatch,"['frisbeecatch', 'stillrings', 'playingdaf', 'kayaking', 'javelinthrow']",True,True
v_FrontCrawl_g01_c01.avi,frontcrawl,frontcrawl,"['frontcrawl', 'breaststroke', 'diving', 'cliffdiving', 'handstandwalking']",True,True
v_FrontCrawl_g01_c02.avi,frontcrawl,frontcrawl,"['frontcrawl', 'breaststroke', 'diving', 'cliffdiving', 'handstandwalking']",True,True
v_FrontCrawl_g01_c03.avi,frontcrawl,breaststroke,"['breaststroke', 'frontcrawl', 'cliffdiving', 'diving', 'handstandwalking']",False,True
v_FrontCrawl_g01_c04.avi,frontcrawl,breaststroke,"['breaststroke', 'frontcrawl', 'diving', 'cliffdiving', 'taichi']",False,True
v_FrontCrawl_g02_c01.avi,frontcrawl,breaststroke,"['breaststroke', 'frontcrawl', 'rowing', 'balancebeam', 'handstandwalking']",False,True
v_FrontCrawl_g02_c02.avi,frontcrawl,breaststroke,"['breaststroke', 'frontcrawl', 'rowing', 'balancebeam', 'diving']",False,True
v_FrontCrawl_g02_c03.avi,frontcrawl,breaststroke,"['breaststroke', 'frontcrawl', 'rowing', 'balancebeam', 'handstandwalking']",False,True
v_FrontCrawl_g02_c04.avi,frontcrawl,breaststroke,"['breaststroke', 'frontcrawl', 'rowing', 'diving', 'balancebeam']",False,True
v_FrontCrawl_g03_c01.avi,frontcrawl,breaststroke,"['breaststroke', 'frontcrawl', 'rowing', 'golfswing', 'diving']",False,True
v_FrontCrawl_g03_c02.avi,frontcrawl,frontcrawl,"['frontcrawl', 'breaststroke', 'golfswing', 'diving', 'tennisswing']",True,True
v_GolfSwing_g01_c01.avi,golfswing,golfswing,"['golfswing', 'hammering', 'swing', 'hammerthrow', 'tennisswing']",True,True
v_GolfSwing_g01_c02.avi,golfswing,golfswing,"['golfswing', 'hammering', 'hammerthrow', 'swing', 'tennisswing']",True,True
v_GolfSwing_g01_c03.avi,golfswing,golfswing,"['golfswing', 'swing', 'tennisswing', 'hammering', 'hammerthrow']",True,True
v_GolfSwing_g01_c04.avi,golfswing,golfswing,"['golfswing', 'hammering', 'tennisswing', 'swing', 'hammerthrow']",True,True
v_GolfSwing_g01_c05.avi,golfswing,golfswing,"['golfswing', 'swing', 'hammering', 'tennisswing', 'shotput']",True,True
v_GolfSwing_g02_c01.avi,golfswing,golfswing,"['golfswing', 'swing', 'balancebeam', 'tennisswing', 'billiards']",True,True
v_GolfSwing_g02_c02.avi,golfswing,golfswing,"['golfswing', 'hammering', 'archery', 'hammerthrow', 'horserace']",True,True
v_GolfSwing_g02_c03.avi,golfswing,golfswing,"['golfswing', 'hammering', 'hammerthrow', 'archery', 'baseballpitch']",True,True
v_Haircut_g01_c01.avi,haircut,haircut,"['haircut', 'blowdryhair', 'applyeyemakeup', 'surfing', 'shavingbeard']",True,True
v_Haircut_g01_c02.avi,haircut,haircut,"['haircut', 'shavingbeard', 'blowdryhair', 'salsaspin', 'applyeyemakeup']",True,True
v_Haircut_g01_c03.avi,haircut,blowdryhair,"['blowdryhair', 'haircut', 'headmassage', 'shavingbeard', 'applyeyemakeup']",False,True
v_Haircut_g01_c04.avi,haircut,blowdryhair,"['blowdryhair', 'haircut', 'applyeyemakeup', 'headmassage', 'salsaspin']",False,True
v_Haircut_g02_c01.avi,haircut,haircut,"['haircut', 'shavingbeard', 'blowdryhair', 'headmassage', 'salsaspin']",True,True
v_Haircut_g02_c02.avi,haircut,haircut,"['haircut', 'blowdryhair', 'shavingbeard', 'salsaspin', 'headmassage']",True,True
v_Haircut_g02_c03.avi,haircut,headmassage,"['headmassage', 'haircut', 'blowdryhair', 'horserace', 'punch']",False,True
v_Haircut_g02_c04.avi,haircut,headmassage,"['headmassage', 'haircut', 'blowdryhair', 'salsaspin', 'horserace']",False,True
v_Haircut_g03_c01.avi,haircut,blowdryhair,"['blowdryhair', 'haircut', 'headmassage', 'applylipstick', 'surfing']",False,True
v_Haircut_g03_c02.avi,haircut,haircut,"['haircut', 'blowdryhair', 'knitting', 'salsaspin', 'pommelhorse']",True,True
v_Hammering_g01_c01.avi,hammering,shavingbeard,"['shavingbeard', 'haircut', 'soccerpenalty', 'blowdryhair', 'applylipstick']",False,False
v_Hammering_g01_c02.avi,hammering,shavingbeard,"['shavingbeard', 'applyeyemakeup', 'parallelbars', 'haircut', 'applylipstick']",False,False
v_Hammering_g01_c03.avi,hammering,brushingteeth,"['brushingteeth', 'blowdryhair', 'haircut', 'applylipstick', 'pullups']",False,False
v_Hammering_g01_c04.avi,hammering,babycrawling,"['babycrawling', 'wallpushups', 'pullups', 'stillrings', 'cliffdiving']",False,False
v_Hammering_g02_c01.avi,hammering,hammering,"['hammering', 'golfswing', 'punch', 'nunchucks', 'archery']",True,True
v_Hammering_g02_c02.avi,hammering,hammering,"['hammering', 'cuttinginkitchen', 'nunchucks', 'punch', 'archery']",True,True
v_Hammering_g02_c03.avi,hammering,hammering,"['hammering', 'golfswing', 'cuttinginkitchen', 'archery', 'punch']",True,True
v_Hammering_g02_c04.avi,hammering,hammering,"['hammering', 'archery', 'golfswing', 'nunchucks', 'cuttinginkitchen']",True,True
v_Hammering_g03_c01.avi,hammering,hammering,"['hammering', 'moppingfloor', 'parallelbars', 'cuttinginkitchen', 'balancebeam']",True,True
v_Hammering_g03_c02.avi,hammering,hammering,"['hammering', 'longjump', 'cuttinginkitchen', 'yoyo', 'balancebeam']",True,True
v_HammerThrow_g01_c01.avi,hammerthrow,hammerthrow,"['hammerthrow', 'throwdiscus', 'fencing', 'shotput', 'hammering']",True,True
v_HammerThrow_g01_c02.avi,hammerthrow,hammerthrow,"['hammerthrow', 'shotput', 'throwdiscus', 'bowling', 'soccerjuggling']",True,True
v_HammerThrow_g01_c03.avi,hammerthrow,hammerthrow,"['hammerthrow', 'throwdiscus', 'shotput', 'fencing', 'hammering']",True,True
v_HammerThrow_g01_c04.avi,hammerthrow,hammerthrow,"['hammerthrow', 'throwdiscus', 'shotput', 'hammering', 'fencing']",True,True
v_HammerThrow_g01_c05.avi,hammerthrow,hammerthrow,"['hammerthrow', 'shotput', 'throwdiscus', 'hammering', 'bowling']",True,True
v_HammerThrow_g01_c06.avi,hammerthrow,hammerthrow,"['hammerthrow', 'hammering', 'throwdiscus', 'shotput', 'floorgymnastics']",True,True
v_HammerThrow_g02_c01.avi,hammerthrow,hammerthrow,"['hammerthrow', 'shotput', 'hammering', 'golfswing', 'fencing']",True,True
v_HammerThrow_g02_c02.avi,hammerthrow,hammerthrow,"['hammerthrow', 'shotput', 'hammering', 'throwdiscus', 'golfswing']",True,True
v_HammerThrow_g02_c03.avi,hammerthrow,hammerthrow,"['hammerthrow', 'shotput', 'hammering', 'throwdiscus', 'floorgymnastics']",True,True
v_HammerThrow_g02_c04.avi,hammerthrow,hammerthrow,"['hammerthrow', 'hammering', 'shotput', 'golfswing', 'throwdiscus']",True,True
v_HandStandPushups_g01_c01.avi,handstandpushups,handstandpushups,"['handstandpushups', 'pushups', 'wallpushups', 'handstandwalking', 'swing']",True,True
v_HandStandPushups_g01_c02.avi,handstandpushups,handstandpushups,"['handstandpushups', 'pushups', 'wallpushups', 'handstandwalking', 'benchpress']",True,True
v_HandStandPushups_g01_c03.avi,handstandpushups,handstandpushups,"['handstandpushups', 'pushups', 'handstandwalking', 'wallpushups', 'benchpress']",True,True
v_HandStandPushups_g01_c04.avi,handstandpushups,handstandpushups,"['handstandpushups', 'pushups', 'wallpushups', 'handstandwalking', 'benchpress']",True,True
v_HandStandPushups_g02_c01.avi,handstandpushups,handstandpushups,"['handstandpushups', 'handstandwalking', 'pushups', 'wallpushups', 'floorgymnastics']",True,True
v_HandStandPushups_g02_c02.avi,handstandpushups,handstandpushups,"['handstandpushups', 'handstandwalking', 'pushups', 'wallpushups', 'yoyo']",True,True
v_HandStandPushups_g02_c03.avi,handstandpushups,handstandpushups,"['handstandpushups', 'handstandwalking', 'pushups', 'wallpushups', 'yoyo']",True,True
v_HandStandPushups_g02_c04.avi,handstandpushups,handstandpushups,"['handstandpushups', 'handstandwalking', 'pushups', 'wallpushups', 'floorgymnastics']",True,True
v_HandStandPushups_g03_c01.avi,handstandpushups,balancebeam,"['balancebeam', 'handstandwalking', 'handstandpushups', 'floorgymnastics', 'breaststroke']",False,True
v_HandStandPushups_g03_c02.avi,handstandpushups,balancebeam,"['balancebeam', 'handstandwalking', 'handstandpushups', 'floorgymnastics', 'icedancing']",False,True
v_HandstandWalking_g01_c01.avi,handstandwalking,handstandpushups,"['handstandpushups', 'pushups', 'wallpushups', 'handstandwalking', 'benchpress']",False,True
v_HandstandWalking_g01_c02.avi,handstandwalking,pushups,"['pushups', 'handstandpushups', 'wallpushups', 'handstandwalking', 'benchpress']",False,True
v_HandstandWalking_g01_c03.avi,handstandwalking,handstandwalking,"['handstandwalking', 'handstandpushups', 'pushups', 'babycrawling', 'wallpushups']",True,True
v_HandstandWalking_g01_c04.avi,handstandwalking,handstandpushups,"['handstandpushups', 'handstandwalking', 'pushups', 'wallpushups', 'balancebeam']",False,True
v_HandstandWalking_g02_c01.avi,handstandwalking,basketballdunk,"['basketballdunk', 'pullups', 'basketball', 'archery', 'balancebeam']",False,False
v_HandstandWalking_g02_c02.avi,handstandwalking,handstandpushups,"['handstandpushups', 'handstandwalking', 'pullups', 'balancebeam', 'basketball']",False,True
v_HandstandWalking_g02_c03.avi,handstandwalking,handstandwalking,"['handstandwalking', 'handstandpushups', 'floorgymnastics', 'balancebeam', 'lunges']",True,True
v_HandstandWalking_g02_c04.avi,handstandwalking,handstandpushups,"['handstandpushups', 'handstandwalking', 'balancebeam', 'benchpress', 'lunges']",False,True
v_HandstandWalking_g03_c01.avi,handstandwalking,handstandwalking,"['handstandwalking', 'handstandpushups', 'wallpushups', 'pushups', 'floorgymnastics']",True,True
v_HandstandWalking_g03_c02.avi,handstandwalking,handstandpushups,"['handstandpushups', 'handstandwalking', 'pushups', 'wallpushups', 'sumowrestling']",False,True
v_HeadMassage_g01_c01.avi,headmassage,headmassage,"['headmassage', 'blowdryhair', 'haircut', 'punch', 'salsaspin']",True,True
v_HeadMassage_g01_c02.avi,headmassage,headmassage,"['headmassage', 'blowdryhair', 'haircut', 'punch', 'playingdhol']",True,True
v_HeadMassage_g01_c03.avi,headmassage,headmassage,"['headmassage', 'blowdryhair', 'haircut', 'punch', 'playingdhol']",True,True
v_HeadMassage_g01_c04.avi,headmassage,headmassage,"['headmassage', 'blowdryhair', 'haircut', 'cricketbowling', 'golfswing']",True,True
v_HeadMassage_g01_c05.avi,headmassage,headmassage,"['headmassage', 'blowdryhair', 'haircut', 'cricketbowling', 'punch']",True,True
v_HeadMassage_g02_c01.avi,headmassage,headmassage,"['headmassage', 'haircut', 'playingtabla', 'cricketbowling', 'blowdryhair']",True,True
v_HeadMassage_g02_c02.avi,headmassage,headmassage,"['headmassage', 'haircut', 'playingtabla', 'cricketbowling', 'blowdryhair']",True,True
v_HeadMassage_g02_c03.avi,headmassage,headmassage,"['headmassage', 'haircut', 'playingtabla', 'cricketbowling', 'playingsitar']",True,True
v_HeadMassage_g02_c04.avi,headmassage,headmassage,"['headmassage', 'haircut', 'playingtabla', 'cricketbowling', 'playingsitar']",True,True
v_HeadMassage_g02_c05.avi,headmassage,headmassage,"['headmassage', 'haircut', 'playingtabla', 'cricketbowling', 'playingsitar']",True,True
v_HighJump_g01_c01.avi,highjump,highjump,"['highjump', 'longjump', 'balancebeam', 'rockclimbingindoor', 'floorgymnastics']",True,True
v_HighJump_g01_c02.avi,highjump,highjump,"['highjump', 'longjump', 'balancebeam', 'polevault', 'boxingspeedbag']",True,True
v_HighJump_g01_c03.avi,highjump,highjump,"['highjump', 'longjump', 'balancebeam', 'jumpingjack', 'skijet']",True,True
v_HighJump_g01_c04.avi,highjump,highjump,"['highjump', 'longjump', 'balancebeam', 'basketball', 'basketballdunk']",True,True
v_HighJump_g01_c05.avi,highjump,highjump,"['highjump', 'longjump', 'balancebeam', 'boxingspeedbag', 'polevault']",True,True
v_HighJump_g02_c01.avi,highjump,longjump,"['longjump', 'highjump', 'polevault', 'balancebeam', 'jumprope']",False,True
v_HighJump_g02_c02.avi,highjump,longjump,"['longjump', 'highjump', 'balancebeam', 'polevault', 'handstandwalking']",False,True
v_HighJump_g02_c03.avi,highjump,highjump,"['highjump', 'longjump', 'balancebeam', 'diving', 'boxingspeedbag']",True,True
v_HighJump_g02_c04.avi,highjump,highjump,"['highjump', 'longjump', 'jumpingjack', 'boxingspeedbag', 'trampolinejumping']",True,True
v_HighJump_g02_c05.avi,highjump,highjump,"['highjump', 'longjump', 'balancebeam', 'unevenbars', 'diving']",True,True
v_HorseRace_g01_c01.avi,horserace,horserace,"['horserace', 'horseriding', 'biking', 'soccerpenalty', 'archery']",True,True
v_HorseRace_g01_c02.avi,horserace,horserace,"['horserace', 'horseriding', 'jumpingjack', 'biking', 'skijet']",True,True
v_HorseRace_g01_c03.avi,horserace,horserace,"['horserace', 'horseriding', 'jumpingjack', 'skijet', 'archery']",True,True
v_HorseRace_g01_c04.avi,horserace,horserace,"['horserace', 'horseriding', 'jumpingjack', 'skijet', 'biking']",True,True
v_HorseRace_g02_c01.avi,horserace,horserace,"['horserace', 'horseriding', 'boxingspeedbag', 'biking', 'archery']",True,True
v_HorseRace_g02_c02.avi,horserace,horserace,"['horserace', 'horseriding', 'archery', 'billiards', 'taichi']",True,True
v_HorseRace_g02_c03.avi,horserace,horserace,"['horserace', 'horseriding', 'billiards', 'jumpingjack', 'punch']",True,True
v_HorseRace_g02_c04.avi,horserace,horserace,"['horserace', 'horseriding', 'punch', 'biking', 'jumpingjack']",True,True
v_HorseRace_g03_c01.avi,horserace,horserace,"['horserace', 'horseriding', 'pommelhorse', 'jumpingjack', 'punch']",True,True
v_HorseRace_g03_c02.avi,horserace,horserace,"['horserace', 'horseriding', 'punch', 'archery', 'jumpingjack']",True,True
v_HorseRiding_g01_c01.avi,horseriding,horseriding,"['horseriding', 'horserace', 'skijet', 'archery', 'balancebeam']",True,True
v_HorseRiding_g01_c02.avi,horseriding,horseriding,"['horseriding', 'archery', 'horserace', 'skijet', 'billiards']",True,True
v_HorseRiding_g01_c03.avi,horseriding,horseriding,"['horseriding', 'horserace', 'archery', 'skijet', 'cricketshot']",True,True
v_HorseRiding_g01_c04.avi,horseriding,horseriding,"['horseriding', 'horserace', 'archery', 'skijet', 'handstandwalking']",True,True
v_HorseRiding_g01_c05.avi,horseriding,horseriding,"['horseriding', 'horserace', 'archery', 'handstandwalking', 'skijet']",True,True
v_HorseRiding_g01_c06.avi,horseriding,horseriding,"['horseriding', 'archery', 'horserace', 'skijet', 'balancebeam']",True,True
v_HorseRiding_g01_c07.avi,horseriding,horseriding,"['horseriding', 'horserace', 'archery', 'skijet', 'balancebeam']",True,True
v_HorseRiding_g02_c01.avi,horseriding,horseriding,"['horseriding', 'horserace', 'archery', 'skijet', 'handstandwalking']",True,True
v_HorseRiding_g02_c02.avi,horseriding,horseriding,"['horseriding', 'horserace', 'archery', 'pommelhorse', 'skijet']",True,True
v_HorseRiding_g02_c03.avi,horseriding,horseriding,"['horseriding', 'horserace', 'archery', 'jumpingjack', 'salsaspin']",True,True
v_HulaHoop_g01_c01.avi,hulahoop,hulahoop,"['hulahoop', 'jumprope', 'knitting', 'bandmarching', 'salsaspin']",True,True
v_HulaHoop_g01_c02.avi,hulahoop,hulahoop,"['hulahoop', 'balancebeam', 'knitting', 'skijet', 'icedancing']",True,True
v_HulaHoop_g01_c03.avi,hulahoop,hulahoop,"['hulahoop', 'jumprope', 'hammerthrow', 'yoyo', 'salsaspin']",True,True
v_HulaHoop_g01_c04.avi,hulahoop,hulahoop,"['hulahoop', 'jumprope', 'bandmarching', 'knitting', 'hammerthrow']",True,True
v_HulaHoop_g01_c05.avi,hulahoop,hulahoop,"['hulahoop', 'jumprope', 'hammerthrow', 'knitting', 'stillrings']",True,True
v_HulaHoop_g01_c06.avi,hulahoop,hulahoop,"['hulahoop', 'hammerthrow', 'bandmarching', 'jumprope', 'icedancing']",True,True
v_HulaHoop_g01_c07.avi,hulahoop,hulahoop,"['hulahoop', 'hammerthrow', 'jumprope', 'bandmarching', 'archery']",True,True
v_HulaHoop_g02_c01.avi,hulahoop,hulahoop,"['hulahoop', 'salsaspin', 'jumprope', 'stillrings', 'yoyo']",True,True
v_HulaHoop_g02_c02.avi,hulahoop,hulahoop,"['hulahoop', 'salsaspin', 'jumprope', 'stillrings', 'hammerthrow']",True,True
v_HulaHoop_g02_c03.avi,hulahoop,hulahoop,"['hulahoop', 'salsaspin', 'jumprope', 'stillrings', 'yoyo']",True,True
v_IceDancing_g01_c01.avi,icedancing,icedancing,"['icedancing', 'floorgymnastics', 'tennisswing', 'bandmarching', 'stillrings']",True,True
v_IceDancing_g01_c02.avi,icedancing,icedancing,"['icedancing', 'floorgymnastics', 'stillrings', 'diving', 'tennisswing']",True,True
v_IceDancing_g01_c03.avi,icedancing,icedancing,"['icedancing', 'floorgymnastics', 'horseriding', 'tennisswing', 'stillrings']",True,True
v_IceDancing_g01_c04.avi,icedancing,icedancing,"['icedancing', 'floorgymnastics', 'bandmarching', 'skijet', 'skiing']",True,True
v_IceDancing_g01_c05.avi,icedancing,icedancing,"['icedancing', 'floorgymnastics', 'balancebeam', 'handstandwalking', 'tennisswing']",True,True
v_IceDancing_g01_c06.avi,icedancing,icedancing,"['icedancing', 'floorgymnastics', 'balancebeam', 'stillrings', 'tennisswing']",True,True
v_IceDancing_g01_c07.avi,icedancing,icedancing,"['icedancing', 'floorgymnastics', 'handstandwalking', 'tennisswing', 'diving']",True,True
v_IceDancing_g02_c01.avi,icedancing,icedancing,"['icedancing', 'floorgymnastics', 'diving', 'tennisswing', 'balancebeam']",True,True
v_IceDancing_g02_c02.avi,icedancing,icedancing,"['icedancing', 'floorgymnastics', 'balancebeam', 'swing', 'tennisswing']",True,True
v_IceDancing_g02_c03.avi,icedancing,icedancing,"['icedancing', 'floorgymnastics', 'tennisswing', 'swing', 'balancebeam']",True,True
v_JavelinThrow_g01_c01.avi,javelinthrow,hammerthrow,"['hammerthrow', 'polevault', 'shotput', 'javelinthrow', 'fieldhockeypenalty']",False,True
v_JavelinThrow_g01_c02.avi,javelinthrow,javelinthrow,"['javelinthrow', 'polevault', 'hammerthrow', 'shotput', 'billiards']",True,True
v_JavelinThrow_g01_c03.avi,javelinthrow,polevault,"['polevault', 'hammerthrow', 'javelinthrow', 'longjump', 'balancebeam']",False,True
v_JavelinThrow_g01_c04.avi,javelinthrow,polevault,"['polevault', 'balancebeam', 'hammerthrow', 'frontcrawl', 'shotput']",False,False
v_JavelinThrow_g02_c01.avi,javelinthrow,javelinthrow,"['javelinthrow', 'hammerthrow', 'throwdiscus', 'baseballpitch', 'cricketshot']",True,True
v_JavelinThrow_g02_c02.avi,javelinthrow,javelinthrow,"['javelinthrow', 'hammerthrow', 'baseballpitch', 'throwdiscus', 'jumpingjack']",True,True
v_JavelinThrow_g02_c03.avi,javelinthrow,javelinthrow,"['javelinthrow', 'hammerthrow', 'throwdiscus', 'shotput', 'longjump']",True,True
v_JavelinThrow_g02_c04.avi,javelinthrow,longjump,"['longjump', 'javelinthrow', 'highjump', 'polevault', 'hammerthrow']",False,True
v_JavelinThrow_g03_c01.avi,javelinthrow,polevault,"['polevault', 'balancebeam', 'javelinthrow', 'shotput', 'longjump']",False,True
v_JavelinThrow_g03_c02.avi,javelinthrow,shotput,"['shotput', 'javelinthrow', 'longjump', 'hammerthrow', 'frontcrawl']",False,True
v_JugglingBalls_g01_c01.avi,jugglingballs,jugglingballs,"['jugglingballs', 'soccerjuggling', 'billiards', 'lunges', 'balancebeam']",True,True
v_JugglingBalls_g01_c02.avi,jugglingballs,jugglingballs,"['jugglingballs', 'soccerjuggling', 'billiards', 'bowling', 'cricketbowling']",True,True
v_JugglingBalls_g01_c03.avi,jugglingballs,jugglingballs,"['jugglingballs', 'soccerjuggling', 'billiards', 'balancebeam', 'lunges']",True,True
v_JugglingBalls_g01_c04.avi,jugglingballs,jugglingballs,"['jugglingballs', 'soccerjuggling', 'billiards', 'balancebeam', 'lunges']",True,True
v_JugglingBalls_g02_c01.avi,jugglingballs,jugglingballs,"['jugglingballs', 'soccerjuggling', 'billiards', 'drumming', 'moppingfloor']",True,True
v_JugglingBalls_g02_c02.avi,jugglingballs,jugglingballs,"['jugglingballs', 'soccerjuggling', 'billiards', 'balancebeam', 'taichi']",True,True
v_JugglingBalls_g02_c03.avi,jugglingballs,jugglingballs,"['jugglingballs', 'soccerjuggling', 'billiards', 'balancebeam', 'taichi']",True,True
v_JugglingBalls_g02_c04.avi,jugglingballs,jugglingballs,"['jugglingballs', 'soccerjuggling', 'drumming', 'billiards', 'taichi']",True,True
v_JugglingBalls_g02_c05.avi,jugglingballs,jugglingballs,"['jugglingballs', 'soccerjuggling', 'billiards', 'drumming', 'taichi']",True,True
v_JugglingBalls_g02_c06.avi,jugglingballs,jugglingballs,"['jugglingballs', 'soccerjuggling', 'billiards', 'taichi', 'headmassage']",True,True
v_JumpingJack_g01_c01.avi,jumpingjack,lunges,"['lunges', 'icedancing', 'balancebeam', 'floorgymnastics', 'golfswing']",False,False
v_JumpingJack_g01_c02.avi,jumpingjack,lunges,"['lunges', 'balancebeam', 'icedancing', 'floorgymnastics', 'hulahoop']",False,False
v_JumpingJack_g01_c03.avi,jumpingjack,lunges,"['lunges', 'balancebeam', 'floorgymnastics', 'icedancing', 'golfswing']",False,False
v_JumpingJack_g01_c04.avi,jumpingjack,lunges,"['lunges', 'balancebeam', 'hulahoop', 'icedancing', 'floorgymnastics']",False,False
v_JumpingJack_g01_c05.avi,jumpingjack,lunges,"['lunges', 'balancebeam', 'icedancing', 'floorgymnastics', 'hulahoop']",False,False
v_JumpingJack_g01_c06.avi,jumpingjack,lunges,"['lunges', 'icedancing', 'balancebeam', 'floorgymnastics', 'hulahoop']",False,False
v_JumpingJack_g01_c07.avi,jumpingjack,lunges,"['lunges', 'balancebeam', 'icedancing', 'floorgymnastics', 'hulahoop']",False,False
v_JumpingJack_g02_c01.avi,jumpingjack,lunges,"['lunges', 'handstandwalking', 'nunchucks', 'handstandpushups', 'cleanandjerk']",False,False
v_JumpingJack_g02_c02.avi,jumpingjack,lunges,"['lunges', 'handstandwalking', 'cleanandjerk', 'nunchucks', 'shotput']",False,False
v_JumpingJack_g02_c03.avi,jumpingjack,lunges,"['lunges', 'handstandwalking', 'nunchucks', 'cleanandjerk', 'handstandpushups']",False,False
v_JumpRope_g01_c01.avi,jumprope,jumprope,"['jumprope', 'hulahoop', 'archery', 'wallpushups', 'volleyballspiking']",True,True
v_JumpRope_g01_c02.avi,jumprope,archery,"['archery', 'jumprope', 'hulahoop', 'volleyballspiking', 'javelinthrow']",False,True
v_JumpRope_g01_c03.avi,jumprope,jumprope,"['jumprope', 'hulahoop', 'jumpingjack', 'tennisswing', 'wallpushups']",True,True
v_JumpRope_g01_c04.avi,jumprope,jumprope,"['jumprope', 'wallpushups', 'hulahoop', 'yoyo', 'baseballpitch']",True,True
v_JumpRope_g02_c01.avi,jumprope,jumprope,"['jumprope', 'lunges', 'hulahoop', 'hammerthrow', 'throwdiscus']",True,True
v_JumpRope_g02_c02.avi,jumprope,soccerjuggling,"['soccerjuggling', 'jumprope', 'jumpingjack', 'hulahoop', 'lunges']",False,True
v_JumpRope_g02_c03.avi,jumprope,boxingspeedbag,"['boxingspeedbag', 'jumprope', 'hulahoop', 'punch', 'jumpingjack']",False,True
v_JumpRope_g02_c04.avi,jumprope,hulahoop,"['hulahoop', 'jumprope', 'throwdiscus', 'soccerjuggling', 'lunges']",False,True
v_JumpRope_g02_c05.avi,jumprope,lunges,"['lunges', 'jumprope', 'soccerjuggling', 'hulahoop', 'boxingspeedbag']",False,True
v_JumpRope_g02_c06.avi,jumprope,jumpingjack,"['jumpingjack', 'lunges', 'jumprope', 'hulahoop', 'soccerjuggling']",False,True
v_Kayaking_g01_c01.avi,kayaking,kayaking,"['kayaking', 'rowing', 'rafting', 'lunges', 'frontcrawl']",True,True
v_Kayaking_g01_c02.avi,kayaking,kayaking,"['kayaking', 'rowing', 'rafting', 'lunges', 'frontcrawl']",True,True
v_Kayaking_g01_c03.avi,kayaking,kayaking,"['kayaking', 'rowing', 'rafting', 'lunges', 'frontcrawl']",True,True
v_Kayaking_g01_c04.avi,kayaking,kayaking,"['kayaking', 'rowing', 'rafting', 'lunges', 'frontcrawl']",True,True
v_Kayaking_g01_c05.avi,kayaking,kayaking,"['kayaking', 'rowing', 'rafting', 'lunges', 'frontcrawl']",True,True
v_Kayaking_g01_c06.avi,kayaking,kayaking,"['kayaking', 'rowing', 'rafting', 'lunges', 'frontcrawl']",True,True
v_Kayaking_g02_c01.avi,kayaking,kayaking,"['kayaking', 'rafting', 'rowing', 'cliffdiving', 'frontcrawl']",True,True
v_Kayaking_g02_c02.avi,kayaking,kayaking,"['kayaking', 'rafting', 'cliffdiving', 'rowing', 'balancebeam']",True,True
v_Kayaking_g02_c03.avi,kayaking,kayaking,"['kayaking', 'rafting', 'cliffdiving', 'rowing', 'diving']",True,True
v_Kayaking_g02_c04.avi,kayaking,kayaking,"['kayaking', 'rafting', 'rowing', 'cliffdiving', 'diving']",True,True
v_Knitting_g01_c01.avi,knitting,knitting,"['knitting', 'hammering', 'icedancing', 'skijet', 'jumprope']",True,True
v_Knitting_g01_c02.avi,knitting,knitting,"['knitting', 'hammering', 'icedancing', 'javelinthrow', 'rowing']",True,True
v_Knitting_g01_c03.avi,knitting,knitting,"['knitting', 'hammering', 'icedancing', 'rowing', 'breaststroke']",True,True
v_Knitting_g01_c04.avi,knitting,knitting,"['knitting', 'hammering', 'icedancing', 'jumprope', 'skijet']",True,True
v_Knitting_g02_c01.avi,knitting,knitting,"['knitting', 'hammering', 'icedancing', 'brushingteeth', 'jumpingjack']",True,True
v_Knitting_g02_c02.avi,knitting,knitting,"['knitting', 'hammering', 'icedancing', 'rowing', 'breaststroke']",True,True
v_Knitting_g02_c03.avi,knitting,knitting,"['knitting', 'hammering', 'icedancing', 'jumpingjack', 'brushingteeth']",True,True
v_Knitting_g02_c04.avi,knitting,knitting,"['knitting', 'hammering', 'icedancing', 'brushingteeth', 'typing']",True,True
v_Knitting_g02_c05.avi,knitting,knitting,"['knitting', 'hammering', 'jumpingjack', 'breaststroke', 'icedancing']",True,True
v_Knitting_g03_c01.avi,knitting,knitting,"['knitting', 'hammering', 'icedancing', 'surfing', 'rowing']",True,True
v_LongJump_g01_c01.avi,longjump,longjump,"['longjump', 'jumprope', 'polevault', 'highjump', 'diving']",True,True
v_LongJump_g01_c02.avi,longjump,longjump,"['longjump', 'jumprope', 'diving', 'cricketbowling', 'basketball']",True,True
v_LongJump_g01_c03.avi,longjump,longjump,"['longjump', 'mixing', 'diving', 'punch', 'jumprope']",True,True
v_LongJump_g01_c04.avi,longjump,longjump,"['longjump', 'mixing', 'punch', 'diving', 'highjump']",True,True
v_LongJump_g01_c05.avi,longjump,longjump,"['longjump', 'punch', 'diving', 'mixing', 'highjump']",True,True
v_LongJump_g01_c06.avi,longjump,longjump,"['longjump', 'mixing', 'diving', 'punch', 'jumprope']",True,True
v_LongJump_g01_c07.avi,longjump,longjump,"['longjump', 'mixing', 'punch', 'highjump', 'diving']",True,True
v_LongJump_g02_c01.avi,longjump,longjump,"['longjump', 'diving', 'polevault', 'punch', 'lunges']",True,True
v_LongJump_g02_c02.avi,longjump,longjump,"['longjump', 'mixing', 'polevault', 'golfswing', 'punch']",True,True
v_LongJump_g02_c03.avi,longjump,longjump,"['longjump', 'polevault', 'punch', 'mixing', 'golfswing']",True,True
v_Lunges_g01_c01.avi,lunges,lunges,"['lunges', 'shotput', 'boxingpunchingbag', 'punch', 'handstandwalking']",True,True
v_Lunges_g01_c02.avi,lunges,lunges,"['lunges', 'shotput', 'boxingpunchingbag', 'throwdiscus', 'bodyweightsquats']",True,True
v_Lunges_g01_c03.avi,lunges,lunges,"['lunges', 'shotput', 'throwdiscus', 'bodyweightsquats', 'hammerthrow']",True,True
v_Lunges_g01_c04.avi,lunges,shotput,"['shotput', 'lunges', 'hammerthrow', 'throwdiscus', 'punch']",False,True
v_Lunges_g01_c05.avi,lunges,lunges,"['lunges', 'boxingspeedbag', 'boxingpunchingbag', 'punch', 'shotput']",True,True
v_Lunges_g01_c06.avi,lunges,lunges,"['lunges', 'punch', 'shotput', 'boxingpunchingbag', 'boxingspeedbag']",True,True
v_Lunges_g01_c07.avi,lunges,lunges,"['lunges', 'punch', 'handstandwalking', 'boxingpunchingbag', 'boxingspeedbag']",True,True
v_Lunges_g02_c01.avi,lunges,lunges,"['lunges', 'longjump', 'cleanandjerk', 'javelinthrow', 'shotput']",True,True
v_Lunges_g02_c02.avi,lunges,lunges,"['lunges', 'longjump', 'cleanandjerk', 'bodyweightsquats', 'shotput']",True,True
v_Lunges_g02_c03.avi,lunges,lunges,"['lunges', 'longjump', 'cleanandjerk', 'shotput', 'javelinthrow']",True,True
v_MilitaryParade_g01_c01.avi,militaryparade,militaryparade,"['militaryparade', 'bandmarching', 'rafting', 'floorgymnastics', 'playingdaf']",True,True
v_MilitaryParade_g01_c02.avi,militaryparade,militaryparade,"['militaryparade', 'bandmarching', 'rafting', 'floorgymnastics', 'handstandwalking']",True,True
v_MilitaryParade_g01_c03.avi,militaryparade,militaryparade,"['militaryparade', 'bandmarching', 'handstandwalking', 'playingdaf', 'golfswing']",True,True
v_MilitaryParade_g01_c04.avi,militaryparade,militaryparade,"['militaryparade', 'bandmarching', 'rafting', 'handstandwalking', 'playingdaf']",True,True
v_MilitaryParade_g01_c05.avi,militaryparade,militaryparade,"['militaryparade', 'bandmarching', 'handstandwalking', 'floorgymnastics', 'hammering']",True,True
v_MilitaryParade_g01_c06.avi,militaryparade,militaryparade,"['militaryparade', 'bandmarching', 'rafting', 'hammering', 'basketball']",True,True
v_MilitaryParade_g01_c07.avi,militaryparade,militaryparade,"['militaryparade', 'bandmarching', 'floorgymnastics', 'rafting', 'handstandwalking']",True,True
v_MilitaryParade_g02_c01.avi,militaryparade,militaryparade,"['militaryparade', 'bandmarching', 'rafting', 'diving', 'golfswing']",True,True
v_MilitaryParade_g02_c02.avi,militaryparade,militaryparade,"['militaryparade', 'bandmarching', 'playingdaf', 'golfswing', 'floorgymnastics']",True,True
v_MilitaryParade_g02_c03.avi,militaryparade,militaryparade,"['militaryparade', 'bandmarching', 'handstandwalking', 'golfswing', 'fencing']",True,True
v_Mixing_g01_c01.avi,mixing,mixing,"['mixing', 'yoyo', 'billiards', 'cuttinginkitchen', 'icedancing']",True,True
v_Mixing_g01_c02.avi,mixing,cuttinginkitchen,"['cuttinginkitchen', 'mixing', 'icedancing', 'billiards', 'horseriding']",False,True
v_Mixing_g01_c03.avi,mixing,cuttinginkitchen,"['cuttinginkitchen', 'mixing', 'billiards', 'icedancing', 'drumming']",False,True
v_Mixing_g01_c04.avi,mixing,cuttinginkitchen,"['cuttinginkitchen', 'icedancing', 'yoyo', 'mixing', 'billiards']",False,True
v_Mixing_g01_c05.avi,mixing,cuttinginkitchen,"['cuttinginkitchen', 'icedancing', 'mixing', 'yoyo', 'billiards']",False,True
v_Mixing_g01_c06.avi,mixing,cuttinginkitchen,"['cuttinginkitchen', 'billiards', 'icedancing', 'mixing', 'punch']",False,True
v_Mixing_g01_c07.avi,mixing,cuttinginkitchen,"['cuttinginkitchen', 'billiards', 'yoyo', 'mixing', 'biking']",False,True
v_Mixing_g02_c01.avi,mixing,moppingfloor,"['moppingfloor', 'cuttinginkitchen', 'blowingcandles', 'javelinthrow', 'rafting']",False,False
v_Mixing_g02_c02.avi,mixing,cuttinginkitchen,"['cuttinginkitchen', 'moppingfloor', 'knitting', 'jumprope', 'volleyballspiking']",False,False
v_Mixing_g02_c03.avi,mixing,moppingfloor,"['moppingfloor', 'frisbeecatch', 'blowingcandles', 'cuttinginkitchen', 'javelinthrow']",False,False
v_MoppingFloor_g01_c01.avi,moppingfloor,moppingfloor,"['moppingfloor', 'jumprope', 'walkingwithdog', 'archery', 'javelinthrow']",True,True
v_MoppingFloor_g01_c02.avi,moppingfloor,moppingfloor,"['moppingfloor', 'jumprope', 'frisbeecatch', 'hulahoop', 'cricketbowling']",True,True
v_MoppingFloor_g01_c03.avi,moppingfloor,moppingfloor,"['moppingfloor', 'jumprope', 'hulahoop', 'hammering', 'cricketbowling']",True,True
v_MoppingFloor_g01_c04.avi,moppingfloor,moppingfloor,"['moppingfloor', 'jumprope', 'cricketbowling', 'hammering', 'fieldhockeypenalty']",True,True
v_MoppingFloor_g02_c01.avi,moppingfloor,moppingfloor,"['moppingfloor', 'golfswing', 'hammering', 'writingonboard', 'billiards']",True,True
v_MoppingFloor_g02_c02.avi,moppingfloor,moppingfloor,"['moppingfloor', 'golfswing', 'longjump', 'hammering', 'billiards']",True,True
v_MoppingFloor_g02_c03.avi,moppingfloor,moppingfloor,"['moppingfloor', 'golfswing', 'writingonboard', 'billiards', 'longjump']",True,True
v_MoppingFloor_g02_c04.avi,moppingfloor,moppingfloor,"['moppingfloor', 'hammering', 'golfswing', 'frontcrawl', 'longjump']",True,True
v_MoppingFloor_g02_c05.avi,moppingfloor,moppingfloor,"['moppingfloor', 'golfswing', 'writingonboard', 'hammering', 'lunges']",True,True
v_MoppingFloor_g02_c06.avi,moppingfloor,moppingfloor,"['moppingfloor', 'golfswing', 'billiards', 'lunges', 'cricketbowling']",True,True
v_Nunchucks_g01_c01.avi,nunchucks,hulahoop,"['hulahoop', 'archery', 'nunchucks', 'jumprope', 'tennisswing']",False,True
v_Nunchucks_g01_c02.avi,nunchucks,hulahoop,"['hulahoop', 'tennisswing', 'frisbeecatch', 'soccerjuggling', 'jumprope']",False,False
v_Nunchucks_g01_c03.avi,nunchucks,frisbeecatch,"['frisbeecatch', 'tennisswing', 'soccerjuggling', 'nunchucks', 'jumprope']",False,True
v_Nunchucks_g01_c04.avi,nunchucks,hulahoop,"['hulahoop', 'frisbeecatch', 'jumprope', 'tennisswing', 'nunchucks']",False,True
v_Nunchucks_g02_c01.avi,nunchucks,nunchucks,"['nunchucks', 'archery', 'balancebeam', 'hulahoop', 'jumprope']",True,True
v_Nunchucks_g02_c02.avi,nunchucks,archery,"['archery', 'nunchucks', 'balancebeam', 'hulahoop', 'playingviolin']",False,True
v_Nunchucks_g02_c03.avi,nunchucks,archery,"['archery', 'hulahoop', 'nunchucks', 'jumprope', 'soccerjuggling']",False,True
v_Nunchucks_g02_c04.avi,nunchucks,soccerjuggling,"['soccerjuggling', 'nunchucks', 'archery', 'jumprope', 'hulahoop']",False,True
v_Nunchucks_g02_c05.avi,nunchucks,nunchucks,"['nunchucks', 'soccerjuggling', 'archery', 'punch', 'taichi']",True,True
v_Nunchucks_g02_c06.avi,nunchucks,archery,"['archery', 'hulahoop', 'nunchucks', 'jumprope', 'hammerthrow']",False,True
v_ParallelBars_g01_c01.avi,parallelbars,floorgymnastics,"['floorgymnastics', 'balancebeam', 'polevault', 'highjump', 'handstandwalking']",False,False
v_ParallelBars_g01_c02.avi,parallelbars,highjump,"['highjump', 'floorgymnastics', 'balancebeam', 'longjump', 'fencing']",False,False
v_ParallelBars_g01_c03.avi,parallelbars,floorgymnastics,"['floorgymnastics', 'balancebeam', 'handstandwalking', 'highjump', 'diving']",False,False
v_ParallelBars_g01_c04.avi,parallelbars,balancebeam,"['balancebeam', 'handstandwalking', 'floorgymnastics', 'handstandpushups', 'diving']",False,False
v_ParallelBars_g02_c01.avi,parallelbars,balancebeam,"['balancebeam', 'floorgymnastics', 'handstandwalking', 'highjump', 'stillrings']",False,False
v_ParallelBars_g02_c02.avi,parallelbars,floorgymnastics,"['floorgymnastics', 'balancebeam', 'handstandwalking', 'diving', 'handstandpushups']",False,False
v_ParallelBars_g02_c03.avi,parallelbars,floorgymnastics,"['floorgymnastics', 'handstandwalking', 'balancebeam', 'bodyweightsquats', 'tabletennisshot']",False,False
v_ParallelBars_g02_c04.avi,parallelbars,floorgymnastics,"['floorgymnastics', 'polevault', 'balancebeam', 'handstandwalking', 'pommelhorse']",False,False
v_ParallelBars_g03_c01.avi,parallelbars,floorgymnastics,"['floorgymnastics', 'handstandwalking', 'balancebeam', 'trampolinejumping', 'highjump']",False,False
v_ParallelBars_g03_c02.avi,parallelbars,floorgymnastics,"['floorgymnastics', 'balancebeam', 'handstandwalking', 'highjump', 'polevault']",False,False
v_PizzaTossing_g01_c01.avi,pizzatossing,pizzatossing,"['pizzatossing', 'frisbeecatch', 'hulahoop', 'throwdiscus', 'skateboarding']",True,True
v_PizzaTossing_g01_c02.avi,pizzatossing,pizzatossing,"['pizzatossing', 'throwdiscus', 'boxingpunchingbag', 'frisbeecatch', 'tabletennisshot']",True,True
v_PizzaTossing_g01_c03.avi,pizzatossing,pizzatossing,"['pizzatossing', 'hulahoop', 'throwdiscus', 'boxingpunchingbag', 'cuttinginkitchen']",True,True
v_PizzaTossing_g01_c04.avi,pizzatossing,pizzatossing,"['pizzatossing', 'hulahoop', 'throwdiscus', 'boxingpunchingbag', 'cuttinginkitchen']",True,True
v_PizzaTossing_g02_c01.avi,pizzatossing,taichi,"['taichi', 'balancebeam', 'nunchucks', 'headmassage', 'cuttinginkitchen']",False,False
v_PizzaTossing_g02_c02.avi,pizzatossing,playingtabla,"['playingtabla', 'playingflute', 'taichi', 'nunchucks', 'balancebeam']",False,False
v_PizzaTossing_g02_c03.avi,pizzatossing,cuttinginkitchen,"['cuttinginkitchen', 'skijet', 'pizzatossing', 'jumpingjack', 'sumowrestling']",False,True
v_PizzaTossing_g02_c04.avi,pizzatossing,hulahoop,"['hulahoop', 'taichi', 'cuttinginkitchen', 'playingtabla', 'balancebeam']",False,False
v_PizzaTossing_g02_c05.avi,pizzatossing,frisbeecatch,"['frisbeecatch', 'moppingfloor', 'pizzatossing', 'playingtabla', 'throwdiscus']",False,True
v_PizzaTossing_g03_c01.avi,pizzatossing,frisbeecatch,"['frisbeecatch', 'pizzatossing', 'throwdiscus', 'tabletennisshot', 'playingdaf']",False,True
v_PlayingCello_g01_c01.avi,playingcello,playingcello,"['playingcello', 'pommelhorse', 'playingviolin', 'throwdiscus', 'horseriding']",True,True
v_PlayingCello_g01_c02.avi,playingcello,playingcello,"['playingcello', 'playingviolin', 'pommelhorse', 'throwdiscus', 'breaststroke']",True,True
v_PlayingCello_g01_c03.avi,playingcello,playingcello,"['playingcello', 'playingviolin', 'pommelhorse', 'throwdiscus', 'horseriding']",True,True
v_PlayingCello_g01_c04.avi,playingcello,playingcello,"['playingcello', 'pommelhorse', 'playingviolin', 'throwdiscus', 'horseriding']",True,True
v_PlayingCello_g01_c05.avi,playingcello,playingcello,"['playingcello', 'pommelhorse', 'playingviolin', 'horseriding', 'throwdiscus']",True,True
v_PlayingCello_g01_c06.avi,playingcello,playingcello,"['playingcello', 'pommelhorse', 'playingviolin', 'throwdiscus', 'horseriding']",True,True
v_PlayingCello_g01_c07.avi,playingcello,playingcello,"['playingcello', 'pommelhorse', 'playingviolin', 'throwdiscus', 'horseriding']",True,True
v_PlayingCello_g02_c01.avi,playingcello,playingcello,"['playingcello', 'pommelhorse', 'playingviolin', 'horseriding', 'floorgymnastics']",True,True
v_PlayingCello_g02_c02.avi,playingcello,playingcello,"['playingcello', 'playingviolin', 'floorgymnastics', 'horseriding', 'pommelhorse']",True,True
v_PlayingCello_g02_c03.avi,playingcello,playingcello,"['playingcello', 'playingviolin', 'pommelhorse', 'hulahoop', 'horseriding']",True,True
v_PlayingDaf_g01_c01.avi,playingdaf,playingtabla,"['playingtabla', 'drumming', 'playingdhol', 'bandmarching', 'playingcello']",False,False
v_PlayingDaf_g01_c02.avi,playingdaf,playingtabla,"['playingtabla', 'drumming', 'playingdhol', 'bandmarching', 'frisbeecatch']",False,False
v_PlayingDaf_g01_c03.avi,playingdaf,playingtabla,"['playingtabla', 'drumming', 'playingdhol', 'playingsitar', 'bandmarching']",False,False
v_PlayingDaf_g01_c04.avi,playingdaf,drumming,"['drumming', 'playingtabla', 'frisbeecatch', 'bandmarching', 'playingdhol']",False,False
v_PlayingDaf_g02_c01.avi,playingdaf,frisbeecatch,"['frisbeecatch', 'playingtabla', 'tennisswing', 'drumming', 'throwdiscus']",False,False
v_PlayingDaf_g02_c02.avi,playingdaf,frisbeecatch,"['frisbeecatch', 'playingtabla', 'drumming', 'hulahoop', 'tennisswing']",False,False
v_PlayingDaf_g02_c03.avi,playingdaf,frisbeecatch,"['frisbeecatch', 'playingtabla', 'hulahoop', 'drumming', 'bandmarching']",False,False
v_PlayingDaf_g02_c04.avi,playingdaf,playingtabla,"['playingtabla', 'frisbeecatch', 'drumming', 'hulahoop', 'tennisswing']",False,False
v_PlayingDaf_g02_c05.avi,playingdaf,playingtabla,"['playingtabla', 'drumming', 'frisbeecatch', 'bandmarching', 'playingdhol']",False,False
v_PlayingDaf_g02_c06.avi,playingdaf,playingtabla,"['playingtabla', 'frisbeecatch', 'drumming', 'playingdhol', 'throwdiscus']",False,False
v_PlayingDhol_g01_c01.avi,playingdhol,drumming,"['drumming', 'playingdhol', 'playingtabla', 'bandmarching', 'punch']",False,True
v_PlayingDhol_g01_c02.avi,playingdhol,playingdhol,"['playingdhol', 'drumming', 'playingtabla', 'bandmarching', 'playingsitar']",True,True
v_PlayingDhol_g01_c03.avi,playingdhol,playingdhol,"['playingdhol', 'drumming', 'playingtabla', 'bandmarching', 'cricketbowling']",True,True
v_PlayingDhol_g01_c04.avi,playingdhol,playingdhol,"['playingdhol', 'drumming', 'playingtabla', 'bandmarching', 'cricketbowling']",True,True
v_PlayingDhol_g01_c05.avi,playingdhol,playingdhol,"['playingdhol', 'drumming', 'playingtabla', 'bandmarching', 'playingsitar']",True,True
v_PlayingDhol_g01_c06.avi,playingdhol,playingdhol,"['playingdhol', 'drumming', 'playingtabla', 'bandmarching', 'playingsitar']",True,True
v_PlayingDhol_g01_c07.avi,playingdhol,playingdhol,"['playingdhol', 'drumming', 'playingtabla', 'bandmarching', 'playingsitar']",True,True
v_PlayingDhol_g02_c01.avi,playingdhol,drumming,"['drumming', 'playingdhol', 'playingtabla', 'bandmarching', 'handstandwalking']",False,True
v_PlayingDhol_g02_c02.avi,playingdhol,drumming,"['drumming', 'playingdhol', 'playingtabla', 'bandmarching', 'handstandwalking']",False,True
v_PlayingDhol_g02_c03.avi,playingdhol,drumming,"['drumming', 'playingdhol', 'playingtabla', 'bandmarching', 'javelinthrow']",False,True
v_PlayingFlute_g01_c01.avi,playingflute,playingflute,"['playingflute', 'balancebeam', 'floorgymnastics', 'playingviolin', 'icedancing']",True,True
v_PlayingFlute_g01_c02.avi,playingflute,playingflute,"['playingflute', 'balancebeam', 'floorgymnastics', 'playingviolin', 'icedancing']",True,True
v_PlayingFlute_g01_c03.avi,playingflute,playingflute,"['playingflute', 'balancebeam', 'floorgymnastics', 'playingviolin', 'icedancing']",True,True
v_PlayingFlute_g01_c04.avi,playingflute,playingflute,"['playingflute', 'balancebeam', 'playingviolin', 'floorgymnastics', 'golfswing']",True,True
v_PlayingFlute_g01_c05.avi,playingflute,playingflute,"['playingflute', 'balancebeam', 'floorgymnastics', 'playingviolin', 'icedancing']",True,True
v_PlayingFlute_g01_c06.avi,playingflute,playingflute,"['playingflute', 'playingviolin', 'balancebeam', 'floorgymnastics', 'icedancing']",True,True
v_PlayingFlute_g01_c07.avi,playingflute,playingflute,"['playingflute', 'playingviolin', 'balancebeam', 'floorgymnastics', 'icedancing']",True,True
v_PlayingFlute_g02_c01.avi,playingflute,playingflute,"['playingflute', 'playingviolin', 'taichi', 'icedancing', 'balancebeam']",True,True
v_PlayingFlute_g02_c02.avi,playingflute,playingflute,"['playingflute', 'playingviolin', 'taichi', 'balancebeam', 'icedancing']",True,True
v_PlayingFlute_g02_c03.avi,playingflute,playingflute,"['playingflute', 'playingviolin', 'taichi', 'icedancing', 'bandmarching']",True,True
v_PlayingGuitar_g01_c01.avi,playingguitar,playingguitar,"['playingguitar', 'horseriding', 'playingviolin', 'soccerjuggling', 'brushingteeth']",True,True
v_PlayingGuitar_g01_c02.avi,playingguitar,playingguitar,"['playingguitar', 'horseriding', 'playingviolin', 'soccerjuggling', 'brushingteeth']",True,True
v_PlayingGuitar_g01_c03.avi,playingguitar,playingguitar,"['playingguitar', 'horseriding', 'playingviolin', 'soccerjuggling', 'brushingteeth']",True,True
v_PlayingGuitar_g01_c04.avi,playingguitar,playingguitar,"['playingguitar', 'horseriding', 'playingviolin', 'brushingteeth', 'soccerjuggling']",True,True
v_PlayingGuitar_g01_c05.avi,playingguitar,playingguitar,"['playingguitar', 'horseriding', 'playingviolin', 'bandmarching', 'archery']",True,True
v_PlayingGuitar_g01_c06.avi,playingguitar,playingguitar,"['playingguitar', 'horseriding', 'playingviolin', 'soccerjuggling', 'bandmarching']",True,True
v_PlayingGuitar_g02_c01.avi,playingguitar,playingguitar,"['playingguitar', 'horseriding', 'playingviolin', 'playingsitar', 'bandmarching']",True,True
v_PlayingGuitar_g02_c02.avi,playingguitar,playingguitar,"['playingguitar', 'horseriding', 'playingviolin', 'playingsitar', 'bandmarching']",True,True
v_PlayingGuitar_g02_c03.avi,playingguitar,playingguitar,"['playingguitar', 'horseriding', 'playingviolin', 'bandmarching', 'golfswing']",True,True
v_PlayingGuitar_g02_c04.avi,playingguitar,playingguitar,"['playingguitar', 'horseriding', 'playingviolin', 'rowing', 'lunges']",True,True
v_PlayingPiano_g01_c01.avi,playingpiano,playingpiano,"['playingpiano', 'playingcello', 'pommelhorse', 'billiards', 'playingviolin']",True,True
v_PlayingPiano_g01_c02.avi,playingpiano,playingpiano,"['playingpiano', 'playingcello', 'pommelhorse', 'billiards', 'playingviolin']",True,True
v_PlayingPiano_g01_c03.avi,playingpiano,playingpiano,"['playingpiano', 'playingcello', 'pommelhorse', 'playingviolin', 'billiards']",True,True
v_PlayingPiano_g01_c04.avi,playingpiano,playingpiano,"['playingpiano', 'playingcello', 'playingviolin', 'pommelhorse', 'playingflute']",True,True
v_PlayingPiano_g02_c01.avi,playingpiano,playingpiano,"['playingpiano', 'playingcello', 'playingviolin', 'playingflute', 'billiards']",True,True
v_PlayingPiano_g02_c02.avi,playingpiano,playingpiano,"['playingpiano', 'playingviolin', 'playingcello', 'playingflute', 'billiards']",True,True
v_PlayingPiano_g02_c03.avi,playingpiano,playingpiano,"['playingpiano', 'playingcello', 'playingviolin', 'playingflute', 'billiards']",True,True
v_PlayingPiano_g02_c04.avi,playingpiano,playingpiano,"['playingpiano', 'playingviolin', 'playingcello', 'playingflute', 'pommelhorse']",True,True
v_PlayingPiano_g03_c01.avi,playingpiano,playingpiano,"['playingpiano', 'playingviolin', 'playingflute', 'playingcello', 'billiards']",True,True
v_PlayingPiano_g03_c02.avi,playingpiano,playingpiano,"['playingpiano', 'playingviolin', 'playingflute', 'playingcello', 'billiards']",True,True
v_PlayingSitar_g01_c01.avi,playingsitar,playingcello,"['playingcello', 'playingpiano', 'playingguitar', 'playingflute', 'skijet']",False,False
v_PlayingSitar_g01_c02.avi,playingsitar,playingguitar,"['playingguitar', 'playingsitar', 'playingcello', 'playingflute', 'surfing']",False,True
v_PlayingSitar_g01_c03.avi,playingsitar,playingguitar,"['playingguitar', 'playingsitar', 'playingcello', 'playingflute', 'playingviolin']",False,True
v_PlayingSitar_g01_c04.avi,playingsitar,playingguitar,"['playingguitar', 'playingsitar', 'playingcello', 'jumpingjack', 'surfing']",False,True
v_PlayingSitar_g02_c01.avi,playingsitar,playingguitar,"['playingguitar', 'playingsitar', 'playingcello', 'billiards', 'swing']",False,True
v_PlayingSitar_g02_c02.avi,playingsitar,playingsitar,"['playingsitar', 'playingguitar', 'playingcello', 'billiards', 'lunges']",True,True
v_PlayingSitar_g02_c03.avi,playingsitar,playingguitar,"['playingguitar', 'playingsitar', 'playingcello', 'billiards', 'horseriding']",False,True
v_PlayingSitar_g02_c04.avi,playingsitar,playingsitar,"['playingsitar', 'playingguitar', 'taichi', 'icedancing', 'nunchucks']",True,True
v_PlayingSitar_g02_c05.avi,playingsitar,playingsitar,"['playingsitar', 'playingguitar', 'icedancing', 'taichi', 'nunchucks']",True,True
v_PlayingSitar_g02_c06.avi,playingsitar,playingsitar,"['playingsitar', 'playingguitar', 'icedancing', 'taichi', 'nunchucks']",True,True
v_PlayingTabla_g01_c01.avi,playingtabla,drumming,"['drumming', 'playingtabla', 'playingflute', 'playingdhol', 'playingsitar']",False,True
v_PlayingTabla_g01_c02.avi,playingtabla,drumming,"['drumming', 'playingtabla', 'playingflute', 'playingsitar', 'bandmarching']",False,True
v_PlayingTabla_g01_c03.avi,playingtabla,drumming,"['drumming', 'playingtabla', 'playingflute', 'playingsitar', 'bandmarching']",False,True
v_PlayingTabla_g01_c04.avi,playingtabla,drumming,"['drumming', 'playingtabla', 'playingsitar', 'playingflute', 'playingdhol']",False,True
v_PlayingTabla_g02_c01.avi,playingtabla,playingtabla,"['playingtabla', 'drumming', 'playingdhol', 'playingflute', 'bandmarching']",True,True
v_PlayingTabla_g02_c02.avi,playingtabla,playingtabla,"['playingtabla', 'drumming', 'playingdhol', 'playingsitar', 'bandmarching']",True,True
v_PlayingTabla_g02_c03.avi,playingtabla,playingtabla,"['playingtabla', 'drumming', 'playingdhol', 'playingsitar', 'playingflute']",True,True
v_PlayingTabla_g02_c04.avi,playingtabla,playingtabla,"['playingtabla', 'drumming', 'playingdhol', 'playingsitar', 'bandmarching']",True,True
v_PlayingTabla_g03_c01.avi,playingtabla,playingtabla,"['playingtabla', 'playingsitar', 'drumming', 'playingflute', 'playingdhol']",True,True
v_PlayingTabla_g03_c02.avi,playingtabla,playingtabla,"['playingtabla', 'playingsitar', 'playingflute', 'drumming', 'playingdhol']",True,True
v_PlayingViolin_g01_c01.avi,playingviolin,playingviolin,"['playingviolin', 'playingcello', 'horseriding', 'playingflute', 'horserace']",True,True
v_PlayingViolin_g01_c02.avi,playingviolin,playingviolin,"['playingviolin', 'playingcello', 'horseriding', 'horserace', 'longjump']",True,True
v_PlayingViolin_g01_c03.avi,playingviolin,playingviolin,"['playingviolin', 'playingcello', 'horseriding', 'horserace', 'longjump']",True,True
v_PlayingViolin_g01_c04.avi,playingviolin,playingviolin,"['playingviolin', 'playingcello', 'playingflute', 'horseriding', 'horserace']",True,True
v_PlayingViolin_g02_c01.avi,playingviolin,playingviolin,"['playingviolin', 'playingcello', 'playingflute', 'horseriding', 'golfswing']",True,True
v_PlayingViolin_g02_c02.avi,playingviolin,playingviolin,"['playingviolin', 'playingcello', 'diving', 'playingflute', 'horseriding']",True,True
v_PlayingViolin_g02_c03.avi,playingviolin,playingviolin,"['playingviolin', 'playingcello', 'diving', 'horseriding', 'playingflute']",True,True
v_PlayingViolin_g02_c04.avi,playingviolin,playingviolin,"['playingviolin', 'playingcello', 'playingpiano', 'swing', 'diving']",True,True
v_PlayingViolin_g03_c01.avi,playingviolin,playingviolin,"['playingviolin', 'playingcello', 'playingflute', 'hammering', 'horserace']",True,True
v_PlayingViolin_g03_c02.avi,playingviolin,playingviolin,"['playingviolin', 'playingcello', 'playingflute', 'hammering', 'horserace']",True,True
v_PoleVault_g01_c01.avi,polevault,polevault,"['polevault', 'balancebeam', 'highjump', 'longjump', 'rowing']",True,True
v_PoleVault_g01_c02.avi,polevault,polevault,"['polevault', 'balancebeam', 'archery', 'fieldhockeypenalty', 'rowing']",True,True
v_PoleVault_g01_c03.avi,polevault,polevault,"['polevault', 'balancebeam', 'highjump', 'fieldhockeypenalty', 'longjump']",True,True
v_PoleVault_g01_c04.avi,polevault,polevault,"['polevault', 'balancebeam', 'highjump', 'longjump', 'horserace']",True,True
v_PoleVault_g01_c05.avi,polevault,polevault,"['polevault', 'balancebeam', 'highjump', 'fieldhockeypenalty', 'rowing']",True,True
v_PoleVault_g02_c01.avi,polevault,polevault,"['polevault', 'trampolinejumping', 'highjump', 'floorgymnastics', 'longjump']",True,True
v_PoleVault_g02_c02.avi,polevault,polevault,"['polevault', 'highjump', 'trampolinejumping', 'balancebeam', 'floorgymnastics']",True,True
v_PoleVault_g02_c03.avi,polevault,polevault,"['polevault', 'trampolinejumping', 'balancebeam', 'highjump', 'floorgymnastics']",True,True
v_PoleVault_g02_c04.avi,polevault,polevault,"['polevault', 'highjump', 'balancebeam', 'trampolinejumping', 'longjump']",True,True
v_PoleVault_g02_c05.avi,polevault,polevault,"['polevault', 'balancebeam', 'floorgymnastics', 'trampolinejumping', 'highjump']",True,True
v_PommelHorse_g01_c01.avi,pommelhorse,floorgymnastics,"['floorgymnastics', 'highjump', 'pommelhorse', 'balancebeam', 'longjump']",False,True
v_PommelHorse_g01_c02.avi,pommelhorse,floorgymnastics,"['floorgymnastics', 'pommelhorse', 'highjump', 'balancebeam', 'stillrings']",False,True
v_PommelHorse_g01_c03.avi,pommelhorse,floorgymnastics,"['floorgymnastics', 'highjump', 'longjump', 'pommelhorse', 'rockclimbingindoor']",False,True
v_PommelHorse_g01_c04.avi,pommelhorse,floorgymnastics,"['floorgymnastics', 'pommelhorse', 'highjump', 'longjump', 'rockclimbingindoor']",False,True
v_PommelHorse_g01_c05.avi,pommelhorse,floorgymnastics,"['floorgymnastics', 'pommelhorse', 'longjump', 'highjump', 'rockclimbingindoor']",False,True
v_PommelHorse_g01_c06.avi,pommelhorse,floorgymnastics,"['floorgymnastics', 'pommelhorse', 'longjump', 'highjump', 'playingdaf']",False,True
v_PommelHorse_g01_c07.avi,pommelhorse,floorgymnastics,"['floorgymnastics', 'highjump', 'pommelhorse', 'balancebeam', 'fencing']",False,True
v_PommelHorse_g02_c01.avi,pommelhorse,tennisswing,"['tennisswing', 'tabletennisshot', 'archery', 'shotput', 'rowing']",False,False
v_PommelHorse_g02_c02.avi,pommelhorse,balancebeam,"['balancebeam', 'floorgymnastics', 'polevault', 'tennisswing', 'highjump']",False,False
v_PommelHorse_g02_c03.avi,pommelhorse,floorgymnastics,"['floorgymnastics', 'balancebeam', 'polevault', 'longjump', 'highjump']",False,False
v_PullUps_g01_c01.avi,pullups,pullups,"['pullups', 'balancebeam', 'handstandwalking', 'handstandpushups', 'lunges']",True,True
v_PullUps_g01_c02.avi,pullups,pullups,"['pullups', 'balancebeam', 'handstandwalking', 'handstandpushups', 'lunges']",True,True
v_PullUps_g01_c03.avi,pullups,pullups,"['pullups', 'balancebeam', 'rockclimbingindoor', 'handstandwalking', 'handstandpushups']",True,True
v_PullUps_g01_c04.avi,pullups,pullups,"['pullups', 'balancebeam', 'handstandwalking', 'lunges', 'handstandpushups']",True,True
v_PullUps_g02_c01.avi,pullups,pullups,"['pullups', 'handstandwalking', 'handstandpushups', 'balancebeam', 'golfswing']",True,True
v_PullUps_g02_c02.avi,pullups,pullups,"['pullups', 'handstandwalking', 'handstandpushups', 'balancebeam', 'golfswing']",True,True
v_PullUps_g02_c03.avi,pullups,pullups,"['pullups', 'handstandwalking', 'handstandpushups', 'wallpushups', 'golfswing']",True,True
v_PullUps_g02_c04.avi,pullups,pullups,"['pullups', 'handstandwalking', 'handstandpushups', 'wallpushups', 'golfswing']",True,True
v_PullUps_g03_c01.avi,pullups,pullups,"['pullups', 'handstandpushups', 'wallpushups', 'handstandwalking', 'pushups']",True,True
v_PullUps_g03_c02.avi,pullups,pullups,"['pullups', 'handstandpushups', 'handstandwalking', 'wallpushups', 'pushups']",True,True
v_Punch_g01_c01.avi,punch,boxingpunchingbag,"['boxingpunchingbag', 'punch', 'boxingspeedbag', 'horserace', 'horseriding']",False,True
v_Punch_g01_c02.avi,punch,punch,"['punch', 'boxingpunchingbag', 'boxingspeedbag', 'jumpingjack', 'unevenbars']",True,True
v_Punch_g01_c03.avi,punch,punch,"['punch', 'boxingspeedbag', 'boxingpunchingbag', 'nunchucks', 'fencing']",True,True
v_Punch_g01_c04.avi,punch,punch,"['punch', 'boxingpunchingbag', 'boxingspeedbag', 'jumpingjack', 'unevenbars']",True,True
v_Punch_g01_c05.avi,punch,punch,"['punch', 'boxingpunchingbag', 'boxingspeedbag', 'sumowrestling', 'shotput']",True,True
v_Punch_g02_c01.avi,punch,boxingspeedbag,"['boxingspeedbag', 'boxingpunchingbag', 'punch', 'horserace', 'horseriding']",False,True
v_Punch_g02_c02.avi,punch,boxingspeedbag,"['boxingspeedbag', 'punch', 'boxingpunchingbag', 'blowdryhair', 'horserace']",False,True
v_Punch_g02_c03.avi,punch,boxingspeedbag,"['boxingspeedbag', 'punch', 'boxingpunchingbag', 'horserace', 'blowdryhair']",False,True
v_Punch_g02_c04.avi,punch,boxingspeedbag,"['boxingspeedbag', 'punch', 'boxingpunchingbag', 'horserace', 'blowdryhair']",False,True
v_Punch_g03_c01.avi,punch,boxingspeedbag,"['boxingspeedbag', 'boxingpunchingbag', 'punch', 'jumpingjack', 'horserace']",False,True
v_PushUps_g01_c01.avi,pushups,pushups,"['pushups', 'wallpushups', 'handstandpushups', 'lunges', 'handstandwalking']",True,True
v_PushUps_g01_c02.avi,pushups,pushups,"['pushups', 'wallpushups', 'lunges', 'handstandpushups', 'handstandwalking']",True,True
v_PushUps_g01_c03.avi,pushups,pushups,"['pushups', 'wallpushups', 'handstandpushups', 'lunges', 'benchpress']",True,True
v_PushUps_g01_c04.avi,pushups,pushups,"['pushups', 'handstandpushups', 'lunges', 'wallpushups', 'handstandwalking']",True,True
v_PushUps_g01_c05.avi,pushups,pushups,"['pushups', 'wallpushups', 'handstandpushups', 'lunges', 'billiards']",True,True
v_PushUps_g02_c01.avi,pushups,pushups,"['pushups', 'lunges', 'handstandpushups', 'wallpushups', 'benchpress']",True,True
v_PushUps_g02_c02.avi,pushups,lunges,"['lunges', 'pushups', 'handstandpushups', 'wallpushups', 'benchpress']",False,True
v_PushUps_g02_c03.avi,pushups,pushups,"['pushups', 'lunges', 'handstandpushups', 'wallpushups', 'benchpress']",True,True
v_PushUps_g02_c04.avi,pushups,pushups,"['pushups', 'lunges', 'handstandpushups', 'wallpushups', 'benchpress']",True,True
v_PushUps_g03_c01.avi,pushups,pushups,"['pushups', 'wallpushups', 'lunges', 'handstandpushups', 'golfswing']",True,True
v_Rafting_g01_c01.avi,rafting,rafting,"['rafting', 'kayaking', 'rowing', 'cliffdiving', 'skijet']",True,True
v_Rafting_g01_c02.avi,rafting,rafting,"['rafting', 'kayaking', 'cliffdiving', 'rowing', 'skijet']",True,True
v_Rafting_g01_c03.avi,rafting,rafting,"['rafting', 'kayaking', 'cliffdiving', 'skijet', 'rowing']",True,True
v_Rafting_g01_c04.avi,rafting,rafting,"['rafting', 'kayaking', 'cliffdiving', 'rowing', 'skijet']",True,True
v_Rafting_g02_c01.avi,rafting,kayaking,"['kayaking', 'rafting', 'surfing', 'rowing', 'skijet']",False,True
v_Rafting_g02_c02.avi,rafting,kayaking,"['kayaking', 'rafting', 'surfing', 'rowing', 'skijet']",False,True
v_Rafting_g02_c03.avi,rafting,kayaking,"['kayaking', 'rafting', 'rowing', 'surfing', 'skijet']",False,True
v_Rafting_g02_c04.avi,rafting,kayaking,"['kayaking', 'rafting', 'rowing', 'skijet', 'jumpingjack']",False,True
v_Rafting_g03_c01.avi,rafting,surfing,"['surfing', 'cliffdiving', 'kayaking', 'skijet', 'rafting']",False,True
v_Rafting_g03_c02.avi,rafting,kayaking,"['kayaking', 'rafting', 'rowing', 'cliffdiving', 'horserace']",False,True
v_RockClimbingIndoor_g01_c01.avi,rockclimbingindoor,rockclimbingindoor,"['rockclimbingindoor', 'ropeclimbing', 'cliffdiving', 'horserace', 'pullups']",True,True
v_RockClimbingIndoor_g01_c02.avi,rockclimbingindoor,rockclimbingindoor,"['rockclimbingindoor', 'ropeclimbing', 'cliffdiving', 'rowing', 'horserace']",True,True
v_RockClimbingIndoor_g01_c03.avi,rockclimbingindoor,rockclimbingindoor,"['rockclimbingindoor', 'ropeclimbing', 'cliffdiving', 'rowing', 'horserace']",True,True
v_RockClimbingIndoor_g01_c04.avi,rockclimbingindoor,rockclimbingindoor,"['rockclimbingindoor', 'ropeclimbing', 'cliffdiving', 'rowing', 'billiards']",True,True
v_RockClimbingIndoor_g01_c05.avi,rockclimbingindoor,rockclimbingindoor,"['rockclimbingindoor', 'ropeclimbing', 'cliffdiving', 'rowing', 'billiards']",True,True
v_RockClimbingIndoor_g02_c01.avi,rockclimbingindoor,rockclimbingindoor,"['rockclimbingindoor', 'ropeclimbing', 'billiards', 'cliffdiving', 'rowing']",True,True
v_RockClimbingIndoor_g02_c02.avi,rockclimbingindoor,rockclimbingindoor,"['rockclimbingindoor', 'ropeclimbing', 'cliffdiving', 'billiards', 'baseballpitch']",True,True
v_RockClimbingIndoor_g02_c03.avi,rockclimbingindoor,rockclimbingindoor,"['rockclimbingindoor', 'ropeclimbing', 'billiards', 'rowing', 'cliffdiving']",True,True
v_RockClimbingIndoor_g02_c04.avi,rockclimbingindoor,rockclimbingindoor,"['rockclimbingindoor', 'ropeclimbing', 'billiards', 'cliffdiving', 'rowing']",True,True
v_RockClimbingIndoor_g02_c05.avi,rockclimbingindoor,rockclimbingindoor,"['rockclimbingindoor', 'ropeclimbing', 'cliffdiving', 'billiards', 'breaststroke']",True,True
v_RopeClimbing_g01_c01.avi,ropeclimbing,polevault,"['polevault', 'balancebeam', 'ropeclimbing', 'pullups', 'swing']",False,True
v_RopeClimbing_g01_c02.avi,ropeclimbing,ropeclimbing,"['ropeclimbing', 'pullups', 'balancebeam', 'rockclimbingindoor', 'cliffdiving']",True,True
v_RopeClimbing_g01_c03.avi,ropeclimbing,ropeclimbing,"['ropeclimbing', 'pullups', 'rockclimbingindoor', 'balancebeam', 'cliffdiving']",True,True
v_RopeClimbing_g01_c04.avi,ropeclimbing,ropeclimbing,"['ropeclimbing', 'pullups', 'balancebeam', 'rockclimbingindoor', 'polevault']",True,True
v_RopeClimbing_g02_c01.avi,ropeclimbing,ropeclimbing,"['ropeclimbing', 'balancebeam', 'jumprope', 'pullups', 'handstandwalking']",True,True
v_RopeClimbing_g02_c02.avi,ropeclimbing,ropeclimbing,"['ropeclimbing', 'pullups', 'jumprope', 'swing', 'balancebeam']",True,True
v_RopeClimbing_g02_c03.avi,ropeclimbing,ropeclimbing,"['ropeclimbing', 'jumprope', 'pullups', 'swing', 'balancebeam']",True,True
v_RopeClimbing_g02_c04.avi,ropeclimbing,ropeclimbing,"['ropeclimbing', 'jumprope', 'pullups', 'swing', 'balancebeam']",True,True
v_RopeClimbing_g02_c05.avi,ropeclimbing,ropeclimbing,"['ropeclimbing', 'pullups', 'jumprope', 'swing', 'balancebeam']",True,True
v_RopeClimbing_g02_c06.avi,ropeclimbing,ropeclimbing,"['ropeclimbing', 'jumprope', 'swing', 'pullups', 'rockclimbingindoor']",True,True
v_Rowing_g01_c01.avi,rowing,rowing,"['rowing', 'kayaking', 'rafting', 'balancebeam', 'lunges']",True,True
v_Rowing_g01_c02.avi,rowing,rowing,"['rowing', 'kayaking', 'rafting', 'balancebeam', 'shotput']",True,True
v_Rowing_g01_c03.avi,rowing,rowing,"['rowing', 'balancebeam', 'rafting', 'bandmarching', 'kayaking']",True,True
v_Rowing_g01_c04.avi,rowing,rowing,"['rowing', 'rafting', 'militaryparade', 'balancebeam', 'skiing']",True,True
v_Rowing_g02_c01.avi,rowing,kayaking,"['kayaking', 'rowing', 'lunges', 'rafting', 'polevault']",False,True
v_Rowing_g02_c02.avi,rowing,rowing,"['rowing', 'kayaking', 'polevault', 'lunges', 'rafting']",True,True
v_Rowing_g02_c03.avi,rowing,kayaking,"['kayaking', 'rowing', 'surfing', 'lunges', 'rafting']",False,True
v_Rowing_g02_c04.avi,rowing,rowing,"['rowing', 'kayaking', 'rafting', 'lunges', 'horserace']",True,True
v_Rowing_g02_c05.avi,rowing,rowing,"['rowing', 'kayaking', 'lunges', 'rafting', 'polevault']",True,True
v_Rowing_g02_c06.avi,rowing,rowing,"['rowing', 'rafting', 'kayaking', 'billiards', 'writingonboard']",True,True
v_SalsaSpin_g01_c01.avi,salsaspin,horseriding,"['horseriding', 'swing', 'golfswing', 'horserace', 'headmassage']",False,False
v_SalsaSpin_g01_c02.avi,salsaspin,swing,"['swing', 'headmassage', 'punch', 'golfswing', 'horseriding']",False,False
v_SalsaSpin_g01_c03.avi,salsaspin,swing,"['swing', 'punch', 'longjump', 'highjump', 'golfswing']",False,False
v_SalsaSpin_g01_c04.avi,salsaspin,swing,"['swing', 'longjump', 'golfswing', 'skijet', 'balancebeam']",False,False
v_SalsaSpin_g01_c05.avi,salsaspin,swing,"['swing', 'highjump', 'balancebeam', 'punch', 'longjump']",False,False
v_SalsaSpin_g01_c06.avi,salsaspin,swing,"['swing', 'golfswing', 'longjump', 'horseriding', 'highjump']",False,False
v_SalsaSpin_g01_c07.avi,salsaspin,swing,"['swing', 'longjump', 'highjump', 'punch', 'skateboarding']",False,False
v_SalsaSpin_g02_c01.avi,salsaspin,swing,"['swing', 'punch', 'balancebeam', 'highjump', 'boxingpunchingbag']",False,False
v_SalsaSpin_g02_c02.avi,salsaspin,swing,"['swing', 'balancebeam', 'icedancing', 'floorgymnastics', 'tennisswing']",False,False
v_SalsaSpin_g02_c03.avi,salsaspin,balancebeam,"['balancebeam', 'swing', 'highjump', 'handstandwalking', 'diving']",False,False
v_ShavingBeard_g01_c01.avi,shavingbeard,shavingbeard,"['shavingbeard', 'haircut', 'unevenbars', 'salsaspin', 'playingguitar']",True,True
v_ShavingBeard_g01_c02.avi,shavingbeard,shavingbeard,"['shavingbeard', 'haircut', 'unevenbars', 'salsaspin', 'cuttinginkitchen']",True,True
v_ShavingBeard_g01_c03.avi,shavingbeard,shavingbeard,"['shavingbeard', 'haircut', 'unevenbars', 'salsaspin', 'boxingspeedbag']",True,True
v_ShavingBeard_g01_c04.avi,shavingbeard,shavingbeard,"['shavingbeard', 'haircut', 'salsaspin', 'cuttinginkitchen', 'unevenbars']",True,True
v_ShavingBeard_g02_c01.avi,shavingbeard,shavingbeard,"['shavingbeard', 'applyeyemakeup', 'haircut', 'applylipstick', 'jumpingjack']",True,True
v_ShavingBeard_g02_c02.avi,shavingbeard,shavingbeard,"['shavingbeard', 'haircut', 'applyeyemakeup', 'applylipstick', 'unevenbars']",True,True
v_ShavingBeard_g02_c03.avi,shavingbeard,shavingbeard,"['shavingbeard', 'cuttinginkitchen', 'brushingteeth', 'unevenbars', 'haircut']",True,True
v_ShavingBeard_g02_c04.avi,shavingbeard,shavingbeard,"['shavingbeard', 'brushingteeth', 'unevenbars', 'cuttinginkitchen', 'blowingcandles']",True,True
v_ShavingBeard_g02_c05.avi,shavingbeard,shavingbeard,"['shavingbeard', 'brushingteeth', 'unevenbars', 'blowingcandles', 'applylipstick']",True,True
v_ShavingBeard_g02_c06.avi,shavingbeard,shavingbeard,"['shavingbeard', 'brushingteeth', 'unevenbars', 'cuttinginkitchen', 'applylipstick']",True,True
v_Shotput_g01_c01.avi,shotput,shotput,"['shotput', 'hammerthrow', 'throwdiscus', 'bowling', 'longjump']",True,True
v_Shotput_g01_c02.avi,shotput,shotput,"['shotput', 'hammerthrow', 'throwdiscus', 'longjump', 'bowling']",True,True
v_Shotput_g01_c03.avi,shotput,shotput,"['shotput', 'hammerthrow', 'throwdiscus', 'longjump', 'bowling']",True,True
v_Shotput_g01_c04.avi,shotput,shotput,"['shotput', 'hammerthrow', 'throwdiscus', 'bowling', 'longjump']",True,True
v_Shotput_g01_c05.avi,shotput,shotput,"['shotput', 'hammerthrow', 'throwdiscus', 'jumpingjack', 'longjump']",True,True
v_Shotput_g01_c06.avi,shotput,hammerthrow,"['hammerthrow', 'shotput', 'throwdiscus', 'golfswing', 'hammering']",False,True
v_Shotput_g01_c07.avi,shotput,shotput,"['shotput', 'hammerthrow', 'throwdiscus', 'longjump', 'javelinthrow']",True,True
v_Shotput_g02_c01.avi,shotput,hammerthrow,"['hammerthrow', 'baseballpitch', 'throwdiscus', 'shotput', 'frisbeecatch']",False,True
v_Shotput_g02_c02.avi,shotput,baseballpitch,"['baseballpitch', 'throwdiscus', 'longjump', 'hammerthrow', 'shotput']",False,True
v_Shotput_g02_c03.avi,shotput,throwdiscus,"['throwdiscus', 'longjump', 'hammerthrow', 'shotput', 'baseballpitch']",False,True
v_SkateBoarding_g01_c01.avi,skateboarding,skateboarding,"['skateboarding', 'walkingwithdog', 'handstandwalking', 'surfing', 'cliffdiving']",True,True
v_SkateBoarding_g01_c02.avi,skateboarding,skateboarding,"['skateboarding', 'walkingwithdog', 'biking', 'yoyo', 'cricketshot']",True,True
v_SkateBoarding_g01_c03.avi,skateboarding,skateboarding,"['skateboarding', 'skiing', 'surfing', 'skijet', 'handstandwalking']",True,True
v_SkateBoarding_g01_c04.avi,skateboarding,skateboarding,"['skateboarding', 'surfing', 'walkingwithdog', 'handstandwalking', 'frisbeecatch']",True,True
v_SkateBoarding_g02_c01.avi,skateboarding,skateboarding,"['skateboarding', 'hammerthrow', 'wallpushups', 'ropeclimbing', 'surfing']",True,True
v_SkateBoarding_g02_c02.avi,skateboarding,skateboarding,"['skateboarding', 'surfing', 'cliffdiving', 'hammerthrow', 'skiing']",True,True
v_SkateBoarding_g02_c03.avi,skateboarding,skateboarding,"['skateboarding', 'surfing', 'skijet', 'skiing', 'cliffdiving']",True,True
v_SkateBoarding_g02_c04.avi,skateboarding,skateboarding,"['skateboarding', 'surfing', 'diving', 'walkingwithdog', 'handstandwalking']",True,True
v_SkateBoarding_g02_c05.avi,skateboarding,skateboarding,"['skateboarding', 'surfing', 'skiing', 'hammering', 'golfswing']",True,True
v_SkateBoarding_g02_c06.avi,skateboarding,skateboarding,"['skateboarding', 'surfing', 'handstandwalking', 'walkingwithdog', 'balancebeam']",True,True
v_Skiing_g01_c01.avi,skiing,skiing,"['skiing', 'surfing', 'skijet', 'horseriding', 'hammering']",True,True
v_Skiing_g01_c02.avi,skiing,skiing,"['skiing', 'surfing', 'icedancing', 'cliffdiving', 'rockclimbingindoor']",True,True
v_Skiing_g01_c03.avi,skiing,skiing,"['skiing', 'skijet', 'jumpingjack', 'salsaspin', 'balancebeam']",True,True
v_Skiing_g01_c04.avi,skiing,skiing,"['skiing', 'biking', 'rockclimbingindoor', 'balancebeam', 'skijet']",True,True
v_Skiing_g01_c05.avi,skiing,skiing,"['skiing', 'icedancing', 'rockclimbingindoor', 'brushingteeth', 'hammering']",True,True
v_Skiing_g01_c06.avi,skiing,skiing,"['skiing', 'cliffdiving', 'rockclimbingindoor', 'biking', 'balancebeam']",True,True
v_Skiing_g02_c01.avi,skiing,skiing,"['skiing', 'horserace', 'salsaspin', 'boxingspeedbag', 'skijet']",True,True
v_Skiing_g02_c02.avi,skiing,skiing,"['skiing', 'boxingspeedbag', 'salsaspin', 'horserace', 'fieldhockeypenalty']",True,True
v_Skiing_g02_c03.avi,skiing,skiing,"['skiing', 'horserace', 'highjump', 'longjump', 'salsaspin']",True,True
v_Skiing_g02_c04.avi,skiing,skiing,"['skiing', 'salsaspin', 'boxingspeedbag', 'skijet', 'highjump']",True,True
v_Skijet_g01_c01.avi,skijet,skijet,"['skijet', 'jumpingjack', 'breaststroke', 'salsaspin', 'swing']",True,True
v_Skijet_g01_c02.avi,skijet,skijet,"['skijet', 'jumpingjack', 'breaststroke', 'salsaspin', 'billiards']",True,True
v_Skijet_g01_c03.avi,skijet,skijet,"['skijet', 'jumpingjack', 'breaststroke', 'salsaspin', 'lunges']",True,True
v_Skijet_g01_c04.avi,skijet,skijet,"['skijet', 'jumpingjack', 'breaststroke', 'salsaspin', 'swing']",True,True
v_Skijet_g02_c01.avi,skijet,skijet,"['skijet', 'jumpingjack', 'billiards', 'biking', 'swing']",True,True
v_Skijet_g02_c02.avi,skijet,skijet,"['skijet', 'jumpingjack', 'billiards', 'biking', 'swing']",True,True
v_Skijet_g02_c03.avi,skijet,skijet,"['skijet', 'jumpingjack', 'surfing', 'billiards', 'biking']",True,True
v_Skijet_g02_c04.avi,skijet,skijet,"['skijet', 'surfing', 'jumpingjack', 'biking', 'skiing']",True,True
v_Skijet_g03_c01.avi,skijet,skijet,"['skijet', 'jumpingjack', 'salsaspin', 'breaststroke', 'lunges']",True,True
v_Skijet_g03_c02.avi,skijet,skijet,"['skijet', 'jumpingjack', 'breaststroke', 'salsaspin', 'lunges']",True,True
v_SkyDiving_g01_c01.avi,skydiving,skydiving,"['skydiving', 'highjump', 'diving', 'jumpingjack', 'longjump']",True,True
v_SkyDiving_g01_c02.avi,skydiving,skydiving,"['skydiving', 'highjump', 'diving', 'longjump', 'swing']",True,True
v_SkyDiving_g01_c03.avi,skydiving,skydiving,"['skydiving', 'highjump', 'diving', 'jumpingjack', 'longjump']",True,True
v_SkyDiving_g01_c04.avi,skydiving,skydiving,"['skydiving', 'highjump', 'diving', 'skijet', 'swing']",True,True
v_SkyDiving_g02_c01.avi,skydiving,skydiving,"['skydiving', 'sumowrestling', 'icedancing', 'trampolinejumping', 'handstandwalking']",True,True
v_SkyDiving_g02_c02.avi,skydiving,skydiving,"['skydiving', 'diving', 'highjump', 'icedancing', 'jumpingjack']",True,True
v_SkyDiving_g02_c03.avi,skydiving,skydiving,"['skydiving', 'skijet', 'highjump', 'diving', 'jumpingjack']",True,True
v_SkyDiving_g02_c04.avi,skydiving,skydiving,"['skydiving', 'diving', 'highjump', 'skijet', 'jumpingjack']",True,True
v_SkyDiving_g03_c01.avi,skydiving,skydiving,"['skydiving', 'highjump', 'diving', 'skijet', 'balancebeam']",True,True
v_SkyDiving_g03_c02.avi,skydiving,skydiving,"['skydiving', 'diving', 'highjump', 'jumpingjack', 'skijet']",True,True
v_SoccerJuggling_g01_c01.avi,soccerjuggling,soccerjuggling,"['soccerjuggling', 'lunges', 'jumpingjack', 'jugglingballs', 'soccerpenalty']",True,True
v_SoccerJuggling_g01_c03.avi,soccerjuggling,soccerjuggling,"['soccerjuggling', 'jugglingballs', 'jumpingjack', 'soccerpenalty', 'lunges']",True,True
v_SoccerJuggling_g01_c04.avi,soccerjuggling,soccerjuggling,"['soccerjuggling', 'jumpingjack', 'basketballdunk', 'soccerpenalty', 'diving']",True,True
v_SoccerJuggling_g01_c05.avi,soccerjuggling,soccerjuggling,"['soccerjuggling', 'jumpingjack', 'yoyo', 'jugglingballs', 'skijet']",True,True
v_SoccerJuggling_g02_c01.avi,soccerjuggling,soccerjuggling,"['soccerjuggling', 'soccerpenalty', 'jumpingjack', 'highjump', 'fieldhockeypenalty']",True,True
v_SoccerJuggling_g02_c02.avi,soccerjuggling,soccerjuggling,"['soccerjuggling', 'soccerpenalty', 'highjump', 'volleyballspiking', 'diving']",True,True
v_SoccerJuggling_g02_c04.avi,soccerjuggling,soccerjuggling,"['soccerjuggling', 'soccerpenalty', 'diving', 'highjump', 'volleyballspiking']",True,True
v_SoccerJuggling_g02_c05.avi,soccerjuggling,soccerjuggling,"['soccerjuggling', 'soccerpenalty', 'diving', 'jumpingjack', 'highjump']",True,True
v_SoccerPenalty_g01_c01.avi,soccerpenalty,soccerpenalty,"['soccerpenalty', 'fieldhockeypenalty', 'soccerjuggling', 'handstandwalking', 'baseballpitch']",True,True
v_SoccerPenalty_g01_c02.avi,soccerpenalty,soccerpenalty,"['soccerpenalty', 'fieldhockeypenalty', 'soccerjuggling', 'golfswing', 'baseballpitch']",True,True
v_SoccerPenalty_g01_c03.avi,soccerpenalty,soccerpenalty,"['soccerpenalty', 'handstandwalking', 'fieldhockeypenalty', 'golfswing', 'soccerjuggling']",True,True
v_SoccerPenalty_g01_c04.avi,soccerpenalty,soccerpenalty,"['soccerpenalty', 'golfswing', 'handstandwalking', 'fieldhockeypenalty', 'cricketbowling']",True,True
v_SoccerPenalty_g01_c05.avi,soccerpenalty,soccerpenalty,"['soccerpenalty', 'fieldhockeypenalty', 'baseballpitch', 'golfswing', 'handstandwalking']",True,True
v_SoccerPenalty_g01_c06.avi,soccerpenalty,soccerpenalty,"['soccerpenalty', 'fieldhockeypenalty', 'soccerjuggling', 'handstandwalking', 'volleyballspiking']",True,True
v_SoccerPenalty_g02_c01.avi,soccerpenalty,soccerpenalty,"['soccerpenalty', 'soccerjuggling', 'jumpingjack', 'fieldhockeypenalty', 'baseballpitch']",True,True
v_SoccerPenalty_g02_c02.avi,soccerpenalty,soccerpenalty,"['soccerpenalty', 'soccerjuggling', 'knitting', 'fieldhockeypenalty', 'diving']",True,True
v_SoccerPenalty_g02_c03.avi,soccerpenalty,soccerpenalty,"['soccerpenalty', 'fieldhockeypenalty', 'knitting', 'diving', 'soccerjuggling']",True,True
v_SoccerPenalty_g02_c04.avi,soccerpenalty,soccerpenalty,"['soccerpenalty', 'fieldhockeypenalty', 'soccerjuggling', 'jumpingjack', 'diving']",True,True
v_StillRings_g01_c01.avi,stillrings,floorgymnastics,"['floorgymnastics', 'polevault', 'handstandwalking', 'balancebeam', 'pullups']",False,False
v_StillRings_g01_c02.avi,stillrings,polevault,"['polevault', 'balancebeam', 'floorgymnastics', 'rockclimbingindoor', 'cliffdiving']",False,False
v_StillRings_g01_c03.avi,stillrings,floorgymnastics,"['floorgymnastics', 'balancebeam', 'handstandwalking', 'polevault', 'rowing']",False,False
v_StillRings_g01_c04.avi,stillrings,floorgymnastics,"['floorgymnastics', 'balancebeam', 'polevault', 'handstandwalking', 'fencing']",False,False
v_StillRings_g01_c05.avi,stillrings,handstandwalking,"['handstandwalking', 'handstandpushups', 'floorgymnastics', 'balancebeam', 'polevault']",False,False
v_StillRings_g02_c01.avi,stillrings,floorgymnastics,"['floorgymnastics', 'handstandwalking', 'volleyballspiking', 'polevault', 'balancebeam']",False,False
v_StillRings_g02_c02.avi,stillrings,floorgymnastics,"['floorgymnastics', 'polevault', 'balancebeam', 'fencing', 'trampolinejumping']",False,False
v_StillRings_g02_c03.avi,stillrings,floorgymnastics,"['floorgymnastics', 'hammerthrow', 'pommelhorse', 'polevault', 'throwdiscus']",False,False
v_StillRings_g02_c04.avi,stillrings,floorgymnastics,"['floorgymnastics', 'handstandwalking', 'balancebeam', 'tennisswing', 'fencing']",False,False
v_StillRings_g03_c01.avi,stillrings,balancebeam,"['balancebeam', 'floorgymnastics', 'handstandwalking', 'polevault', 'trampolinejumping']",False,False
v_SumoWrestling_g01_c01.avi,sumowrestling,sumowrestling,"['sumowrestling', 'shotput', 'hammerthrow', 'throwdiscus', 'salsaspin']",True,True
v_SumoWrestling_g01_c02.avi,sumowrestling,sumowrestling,"['sumowrestling', 'taichi', 'punch', 'boxingpunchingbag', 'shotput']",True,True
v_SumoWrestling_g01_c03.avi,sumowrestling,sumowrestling,"['sumowrestling', 'punch', 'boxingpunchingbag', 'shotput', 'taichi']",True,True
v_SumoWrestling_g01_c04.avi,sumowrestling,sumowrestling,"['sumowrestling', 'punch', 'taichi', 'benchpress', 'boxingpunchingbag']",True,True
v_SumoWrestling_g02_c01.avi,sumowrestling,sumowrestling,"['sumowrestling', 'taichi', 'punch', 'shotput', 'archery']",True,True
v_SumoWrestling_g02_c02.avi,sumowrestling,sumowrestling,"['sumowrestling', 'punch', 'taichi', 'boxingpunchingbag', 'cliffdiving']",True,True
v_SumoWrestling_g02_c03.avi,sumowrestling,sumowrestling,"['sumowrestling', 'taichi', 'benchpress', 'cliffdiving', 'boxingpunchingbag']",True,True
v_SumoWrestling_g02_c04.avi,sumowrestling,sumowrestling,"['sumowrestling', 'boxingpunchingbag', 'punch', 'shotput', 'benchpress']",True,True
v_SumoWrestling_g03_c01.avi,sumowrestling,sumowrestling,"['sumowrestling', 'boxingpunchingbag', 'taichi', 'punch', 'handstandwalking']",True,True
v_SumoWrestling_g03_c02.avi,sumowrestling,sumowrestling,"['sumowrestling', 'boxingpunchingbag', 'shotput', 'hammerthrow', 'throwdiscus']",True,True
v_Surfing_g01_c01.avi,surfing,surfing,"['surfing', 'skateboarding', 'hammering', 'stillrings', 'golfswing']",True,True
v_Surfing_g01_c02.avi,surfing,surfing,"['surfing', 'skateboarding', 'golfswing', 'skijet', 'stillrings']",True,True
v_Surfing_g01_c03.avi,surfing,surfing,"['surfing', 'skateboarding', 'hammering', 'stillrings', 'balancebeam']",True,True
v_Surfing_g01_c04.avi,surfing,surfing,"['surfing', 'skateboarding', 'hammering', 'balancebeam', 'stillrings']",True,True
v_Surfing_g01_c05.avi,surfing,surfing,"['surfing', 'skateboarding', 'balancebeam', 'hammering', 'stillrings']",True,True
v_Surfing_g01_c06.avi,surfing,surfing,"['surfing', 'skateboarding', 'hammering', 'stillrings', 'golfswing']",True,True
v_Surfing_g01_c07.avi,surfing,surfing,"['surfing', 'skateboarding', 'hammering', 'stillrings', 'balancebeam']",True,True
v_Surfing_g02_c01.avi,surfing,surfing,"['surfing', 'skateboarding', 'golfswing', 'hammering', 'breaststroke']",True,True
v_Surfing_g02_c02.avi,surfing,surfing,"['surfing', 'skateboarding', 'golfswing', 'polevault', 'balancebeam']",True,True
v_Surfing_g02_c03.avi,surfing,surfing,"['surfing', 'skateboarding', 'stillrings', 'hammering', 'skijet']",True,True
v_Swing_g01_c01.avi,swing,biking,"['biking', 'walkingwithdog', 'baseballpitch', 'swing', 'frisbeecatch']",False,True
v_Swing_g01_c02.avi,swing,skateboarding,"['skateboarding', 'swing', 'horseriding', 'surfing', 'baseballpitch']",False,True
v_Swing_g01_c03.avi,swing,swing,"['swing', 'cliffdiving', 'punch', 'baseballpitch', 'skateboarding']",True,True
v_Swing_g01_c04.avi,swing,swing,"['swing', 'kayaking', 'nunchucks', 'baseballpitch', 'tennisswing']",True,True
v_Swing_g01_c05.avi,swing,swing,"['swing', 'baseballpitch', 'highjump', 'balancebeam', 'polevault']",True,True
v_Swing_g02_c01.avi,swing,swing,"['swing', 'nunchucks', 'polevault', 'balancebeam', 'jumprope']",True,True
v_Swing_g02_c02.avi,swing,swing,"['swing', 'tennisswing', 'hulahoop', 'golfswing', 'balancebeam']",True,True
v_Swing_g02_c03.avi,swing,swing,"['swing', 'tennisswing', 'hulahoop', 'jumprope', 'basketball']",True,True
v_Swing_g02_c04.avi,swing,swing,"['swing', 'tennisswing', 'babycrawling', 'lunges', 'javelinthrow']",True,True
v_Swing_g02_c05.avi,swing,swing,"['swing', 'tennisswing', 'lunges', 'jumprope', 'yoyo']",True,True
v_TableTennisShot_g01_c01.avi,tabletennisshot,tennisswing,"['tennisswing', 'tabletennisshot', 'handstandwalking', 'soccerjuggling', 'jugglingballs']",False,True
v_TableTennisShot_g01_c02.avi,tabletennisshot,tennisswing,"['tennisswing', 'tabletennisshot', 'handstandwalking', 'nunchucks', 'lunges']",False,True
v_TableTennisShot_g01_c03.avi,tabletennisshot,tennisswing,"['tennisswing', 'tabletennisshot', 'handstandwalking', 'handstandpushups', 'basketballdunk']",False,True
v_TableTennisShot_g01_c04.avi,tabletennisshot,tennisswing,"['tennisswing', 'tabletennisshot', 'shotput', 'lunges', 'handstandwalking']",False,True
v_TableTennisShot_g01_c05.avi,tabletennisshot,tennisswing,"['tennisswing', 'tabletennisshot', 'handstandpushups', 'handstandwalking', 'floorgymnastics']",False,True
v_TableTennisShot_g01_c06.avi,tabletennisshot,tennisswing,"['tennisswing', 'lunges', 'tabletennisshot', 'handstandpushups', 'horserace']",False,True
v_TableTennisShot_g02_c01.avi,tabletennisshot,tabletennisshot,"['tabletennisshot', 'frisbeecatch', 'tennisswing', 'nunchucks', 'playingtabla']",True,True
v_TableTennisShot_g02_c02.avi,tabletennisshot,tabletennisshot,"['tabletennisshot', 'frisbeecatch', 'tennisswing', 'playingtabla', 'pizzatossing']",True,True
v_TableTennisShot_g02_c03.avi,tabletennisshot,tabletennisshot,"['tabletennisshot', 'frisbeecatch', 'fencing', 'playingtabla', 'tennisswing']",True,True
v_TableTennisShot_g02_c04.avi,tabletennisshot,tabletennisshot,"['tabletennisshot', 'tennisswing', 'frisbeecatch', 'punch', 'fencing']",True,True
v_TaiChi_g01_c01.avi,taichi,taichi,"['taichi', 'nunchucks', 'punch', 'billiards', 'golfswing']",True,True
v_TaiChi_g01_c02.avi,taichi,taichi,"['taichi', 'nunchucks', 'punch', 'golfswing', 'yoyo']",True,True
v_TaiChi_g01_c03.avi,taichi,taichi,"['taichi', 'nunchucks', 'golfswing', 'billiards', 'archery']",True,True
v_TaiChi_g01_c04.avi,taichi,taichi,"['taichi', 'nunchucks', 'shotput', 'hulahoop', 'archery']",True,True
v_TaiChi_g02_c01.avi,taichi,nunchucks,"['nunchucks', 'handstandwalking', 'taichi', 'militaryparade', 'balancebeam']",False,True
v_TaiChi_g02_c02.avi,taichi,militaryparade,"['militaryparade', 'nunchucks', 'taichi', 'balancebeam', 'basketball']",False,True
v_TaiChi_g02_c03.avi,taichi,nunchucks,"['nunchucks', 'militaryparade', 'taichi', 'handstandwalking', 'balancebeam']",False,True
v_TaiChi_g02_c04.avi,taichi,militaryparade,"['militaryparade', 'nunchucks', 'taichi', 'hulahoop', 'hammerthrow']",False,True
v_TaiChi_g03_c01.avi,taichi,nunchucks,"['nunchucks', 'taichi', 'lunges', 'balancebeam', 'horseriding']",False,True
v_TaiChi_g03_c02.avi,taichi,nunchucks,"['nunchucks', 'lunges', 'taichi', 'horseriding', 'archery']",False,True
v_TennisSwing_g01_c01.avi,tennisswing,tennisswing,"['tennisswing', 'handstandwalking', 'bandmarching', 'unevenbars', 'lunges']",True,True
v_TennisSwing_g01_c02.avi,tennisswing,tennisswing,"['tennisswing', 'bandmarching', 'icedancing', 'horserace', 'stillrings']",True,True
v_TennisSwing_g01_c03.avi,tennisswing,tennisswing,"['tennisswing', 'bandmarching', 'handstandwalking', 'horserace', 'tabletennisshot']",True,True
v_TennisSwing_g01_c04.avi,tennisswing,tennisswing,"['tennisswing', 'nunchucks', 'lunges', 'tabletennisshot', 'bandmarching']",True,True
v_TennisSwing_g01_c05.avi,tennisswing,tennisswing,"['tennisswing', 'bandmarching', 'handstandwalking', 'icedancing', 'horserace']",True,True
v_TennisSwing_g01_c06.avi,tennisswing,tennisswing,"['tennisswing', 'bandmarching', 'handstandwalking', 'icedancing', 'nunchucks']",True,True
v_TennisSwing_g01_c07.avi,tennisswing,tennisswing,"['tennisswing', 'bandmarching', 'tabletennisshot', 'handstandwalking', 'horserace']",True,True
v_TennisSwing_g02_c01.avi,tennisswing,tennisswing,"['tennisswing', 'nunchucks', 'fencing', 'blowingcandles', 'javelinthrow']",True,True
v_TennisSwing_g02_c02.avi,tennisswing,tennisswing,"['tennisswing', 'javelinthrow', 'polevault', 'nunchucks', 'blowingcandles']",True,True
v_TennisSwing_g02_c03.avi,tennisswing,tennisswing,"['tennisswing', 'blowingcandles', 'tabletennisshot', 'basketballdunk', 'punch']",True,True
v_ThrowDiscus_g01_c01.avi,throwdiscus,throwdiscus,"['throwdiscus', 'shotput', 'hammerthrow', 'jumpingjack', 'cricketbowling']",True,True
v_ThrowDiscus_g01_c02.avi,throwdiscus,throwdiscus,"['throwdiscus', 'shotput', 'hammerthrow', 'jumpingjack', 'bowling']",True,True
v_ThrowDiscus_g01_c03.avi,throwdiscus,throwdiscus,"['throwdiscus', 'shotput', 'hammerthrow', 'bowling', 'cricketbowling']",True,True
v_ThrowDiscus_g01_c04.avi,throwdiscus,throwdiscus,"['throwdiscus', 'shotput', 'hammerthrow', 'jumpingjack', 'cricketbowling']",True,True
v_ThrowDiscus_g02_c01.avi,throwdiscus,throwdiscus,"['throwdiscus', 'hammerthrow', 'jumpingjack', 'hammering', 'hulahoop']",True,True
v_ThrowDiscus_g02_c02.avi,throwdiscus,throwdiscus,"['throwdiscus', 'hammerthrow', 'shotput', 'jumpingjack', 'horseriding']",True,True
v_ThrowDiscus_g02_c03.avi,throwdiscus,hammerthrow,"['hammerthrow', 'throwdiscus', 'hammering', 'shotput', 'fencing']",False,True
v_ThrowDiscus_g02_c04.avi,throwdiscus,hammerthrow,"['hammerthrow', 'throwdiscus', 'hammering', 'shotput', 'jumpingjack']",False,True
v_ThrowDiscus_g02_c05.avi,throwdiscus,hammerthrow,"['hammerthrow', 'throwdiscus', 'hammering', 'shotput', 'fencing']",False,True
v_ThrowDiscus_g02_c06.avi,throwdiscus,throwdiscus,"['throwdiscus', 'hammerthrow', 'shotput', 'jumpingjack', 'horseriding']",True,True
v_TrampolineJumping_g01_c01.avi,trampolinejumping,trampolinejumping,"['trampolinejumping', 'hammering', 'highjump', 'sumowrestling', 'boxingpunchingbag']",True,True
v_TrampolineJumping_g01_c02.avi,trampolinejumping,trampolinejumping,"['trampolinejumping', 'highjump', 'basketballdunk', 'hammering', 'jumpingjack']",True,True
v_TrampolineJumping_g01_c03.avi,trampolinejumping,trampolinejumping,"['trampolinejumping', 'jumpingjack', 'jumprope', 'hulahoop', 'highjump']",True,True
v_TrampolineJumping_g01_c04.avi,trampolinejumping,trampolinejumping,"['trampolinejumping', 'highjump', 'jumpingjack', 'jumprope', 'floorgymnastics']",True,True
v_TrampolineJumping_g02_c01.avi,trampolinejumping,trampolinejumping,"['trampolinejumping', 'highjump', 'floorgymnastics', 'balancebeam', 'icedancing']",True,True
v_TrampolineJumping_g02_c02.avi,trampolinejumping,trampolinejumping,"['trampolinejumping', 'highjump', 'balancebeam', 'icedancing', 'floorgymnastics']",True,True
v_TrampolineJumping_g02_c03.avi,trampolinejumping,trampolinejumping,"['trampolinejumping', 'highjump', 'balancebeam', 'floorgymnastics', 'jumprope']",True,True
v_TrampolineJumping_g02_c04.avi,trampolinejumping,trampolinejumping,"['trampolinejumping', 'highjump', 'balancebeam', 'floorgymnastics', 'icedancing']",True,True
v_TrampolineJumping_g02_c05.avi,trampolinejumping,trampolinejumping,"['trampolinejumping', 'highjump', 'icedancing', 'balancebeam', 'floorgymnastics']",True,True
v_TrampolineJumping_g02_c06.avi,trampolinejumping,trampolinejumping,"['trampolinejumping', 'highjump', 'balancebeam', 'floorgymnastics', 'icedancing']",True,True
v_Typing_g01_c01.avi,typing,surfing,"['surfing', 'icedancing', 'typing', 'horseriding', 'breaststroke']",False,True
v_Typing_g01_c02.avi,typing,surfing,"['surfing', 'typing', 'icedancing', 'breaststroke', 'handstandpushups']",False,True
v_Typing_g01_c03.avi,typing,surfing,"['surfing', 'icedancing', 'typing', 'horseriding', 'breaststroke']",False,True
v_Typing_g01_c04.avi,typing,surfing,"['surfing', 'icedancing', 'typing', 'horseriding', 'breaststroke']",False,True
v_Typing_g01_c05.avi,typing,surfing,"['surfing', 'icedancing', 'typing', 'horseriding', 'breaststroke']",False,True
v_Typing_g01_c06.avi,typing,surfing,"['surfing', 'icedancing', 'typing', 'horseriding', 'handstandpushups']",False,True
v_Typing_g01_c07.avi,typing,surfing,"['surfing', 'icedancing', 'horseriding', 'typing', 'breaststroke']",False,True
v_Typing_g02_c01.avi,typing,surfing,"['surfing', 'breaststroke', 'horseriding', 'typing', 'billiards']",False,True
v_Typing_g02_c02.avi,typing,surfing,"['surfing', 'typing', 'breaststroke', 'billiards', 'horseriding']",False,True
v_Typing_g02_c03.avi,typing,surfing,"['surfing', 'typing', 'horseriding', 'billiards', 'breaststroke']",False,True
v_UnevenBars_g01_c01.avi,unevenbars,floorgymnastics,"['floorgymnastics', 'polevault', 'balancebeam', 'handstandwalking', 'pommelhorse']",False,False
v_UnevenBars_g01_c02.avi,unevenbars,floorgymnastics,"['floorgymnastics', 'balancebeam', 'polevault', 'handstandwalking', 'trampolinejumping']",False,False
v_UnevenBars_g01_c03.avi,unevenbars,floorgymnastics,"['floorgymnastics', 'handstandwalking', 'balancebeam', 'polevault', 'diving']",False,False
v_UnevenBars_g01_c04.avi,unevenbars,floorgymnastics,"['floorgymnastics', 'polevault', 'balancebeam', 'highjump', 'fencing']",False,False
v_UnevenBars_g02_c01.avi,unevenbars,floorgymnastics,"['floorgymnastics', 'polevault', 'balancebeam', 'diving', 'highjump']",False,False
v_UnevenBars_g02_c02.avi,unevenbars,floorgymnastics,"['floorgymnastics', 'polevault', 'balancebeam', 'highjump', 'trampolinejumping']",False,False
v_UnevenBars_g02_c03.avi,unevenbars,floorgymnastics,"['floorgymnastics', 'highjump', 'balancebeam', 'diving', 'handstandwalking']",False,False
v_UnevenBars_g02_c04.avi,unevenbars,floorgymnastics,"['floorgymnastics', 'polevault', 'handstandwalking', 'balancebeam', 'volleyballspiking']",False,False
v_UnevenBars_g03_c01.avi,unevenbars,floorgymnastics,"['floorgymnastics', 'balancebeam', 'handstandwalking', 'trampolinejumping', 'diving']",False,False
v_UnevenBars_g03_c02.avi,unevenbars,floorgymnastics,"['floorgymnastics', 'balancebeam', 'fencing', 'handstandwalking', 'polevault']",False,False
v_VolleyballSpiking_g01_c01.avi,volleyballspiking,volleyballspiking,"['volleyballspiking', 'basketball', 'balancebeam', 'horseriding', 'diving']",True,True
v_VolleyballSpiking_g01_c02.avi,volleyballspiking,volleyballspiking,"['volleyballspiking', 'basketball', 'basketballdunk', 'hulahoop', 'jumprope']",True,True
v_VolleyballSpiking_g01_c03.avi,volleyballspiking,volleyballspiking,"['volleyballspiking', 'basketball', 'basketballdunk', 'hulahoop', 'jumprope']",True,True
v_VolleyballSpiking_g01_c04.avi,volleyballspiking,volleyballspiking,"['volleyballspiking', 'balancebeam', 'basketball', 'handstandwalking', 'highjump']",True,True
v_VolleyballSpiking_g02_c01.avi,volleyballspiking,volleyballspiking,"['volleyballspiking', 'balancebeam', 'handstandwalking', 'basketball', 'highjump']",True,True
v_VolleyballSpiking_g02_c02.avi,volleyballspiking,volleyballspiking,"['volleyballspiking', 'basketball', 'balancebeam', 'breaststroke', 'baseballpitch']",True,True
v_VolleyballSpiking_g02_c03.avi,volleyballspiking,volleyballspiking,"['volleyballspiking', 'basketball', 'basketballdunk', 'balancebeam', 'polevault']",True,True
v_VolleyballSpiking_g02_c04.avi,volleyballspiking,volleyballspiking,"['volleyballspiking', 'basketball', 'jumprope', 'basketballdunk', 'hammering']",True,True
v_VolleyballSpiking_g03_c01.avi,volleyballspiking,volleyballspiking,"['volleyballspiking', 'basketball', 'balancebeam', 'highjump', 'horseriding']",True,True
v_VolleyballSpiking_g03_c02.avi,volleyballspiking,volleyballspiking,"['volleyballspiking', 'basketball', 'basketballdunk', 'balancebeam', 'diving']",True,True
v_WalkingWithDog_g01_c01.avi,walkingwithdog,walkingwithdog,"['walkingwithdog', 'basketball', 'soccerpenalty', 'basketballdunk', 'soccerjuggling']",True,True
v_WalkingWithDog_g01_c02.avi,walkingwithdog,walkingwithdog,"['walkingwithdog', 'lunges', 'jumprope', 'bandmarching', 'javelinthrow']",True,True
v_WalkingWithDog_g01_c03.avi,walkingwithdog,walkingwithdog,"['walkingwithdog', 'lunges', 'horseriding', 'taichi', 'jumprope']",True,True
v_WalkingWithDog_g01_c04.avi,walkingwithdog,walkingwithdog,"['walkingwithdog', 'taichi', 'lunges', 'jumpingjack', 'jumprope']",True,True
v_WalkingWithDog_g02_c01.avi,walkingwithdog,walkingwithdog,"['walkingwithdog', 'lunges', 'icedancing', 'jumprope', 'jumpingjack']",True,True
v_WalkingWithDog_g02_c02.avi,walkingwithdog,walkingwithdog,"['walkingwithdog', 'lunges', 'icedancing', 'jumprope', 'skateboarding']",True,True
v_WalkingWithDog_g02_c03.avi,walkingwithdog,walkingwithdog,"['walkingwithdog', 'lunges', 'jumprope', 'icedancing', 'jumpingjack']",True,True
v_WalkingWithDog_g02_c04.avi,walkingwithdog,walkingwithdog,"['walkingwithdog', 'lunges', 'jumprope', 'jumpingjack', 'taichi']",True,True
v_WalkingWithDog_g02_c05.avi,walkingwithdog,walkingwithdog,"['walkingwithdog', 'lunges', 'jumpingjack', 'jumprope', 'taichi']",True,True
v_WalkingWithDog_g02_c06.avi,walkingwithdog,walkingwithdog,"['walkingwithdog', 'lunges', 'icedancing', 'punch', 'jumprope']",True,True
v_WallPushups_g01_c01.avi,wallpushups,wallpushups,"['wallpushups', 'handstandpushups', 'handstandwalking', 'pullups', 'balancebeam']",True,True
v_WallPushups_g01_c02.avi,wallpushups,wallpushups,"['wallpushups', 'handstandwalking', 'handstandpushups', 'pullups', 'balancebeam']",True,True
v_WallPushups_g01_c03.avi,wallpushups,wallpushups,"['wallpushups', 'handstandwalking', 'handstandpushups', 'balancebeam', 'pullups']",True,True
v_WallPushups_g01_c04.avi,wallpushups,wallpushups,"['wallpushups', 'handstandpushups', 'pullups', 'handstandwalking', 'punch']",True,True
v_WallPushups_g02_c01.avi,wallpushups,throwdiscus,"['throwdiscus', 'golfswing', 'lunges', 'hammerthrow', 'fencing']",False,False
v_WallPushups_g02_c02.avi,wallpushups,throwdiscus,"['throwdiscus', 'lunges', 'golfswing', 'punch', 'fencing']",False,False
v_WallPushups_g02_c03.avi,wallpushups,lunges,"['lunges', 'throwdiscus', 'golfswing', 'punch', 'pullups']",False,False
v_WallPushups_g02_c04.avi,wallpushups,lunges,"['lunges', 'throwdiscus', 'golfswing', 'punch', 'nunchucks']",False,False
v_WallPushups_g03_c01.avi,wallpushups,balancebeam,"['balancebeam', 'nunchucks', 'headmassage', 'handstandwalking', 'billiards']",False,False
v_WallPushups_g03_c02.avi,wallpushups,balancebeam,"['balancebeam', 'nunchucks', 'handstandwalking', 'headmassage', 'handstandpushups']",False,False
v_WritingOnBoard_g01_c01.avi,writingonboard,writingonboard,"['writingonboard', 'longjump', 'surfing', 'polevault', 'handstandwalking']",True,True
v_WritingOnBoard_g01_c02.avi,writingonboard,writingonboard,"['writingonboard', 'longjump', 'polevault', 'breaststroke', 'cliffdiving']",True,True
v_WritingOnBoard_g01_c03.avi,writingonboard,writingonboard,"['writingonboard', 'longjump', 'polevault', 'breaststroke', 'horserace']",True,True
v_WritingOnBoard_g01_c04.avi,writingonboard,writingonboard,"['writingonboard', 'longjump', 'handstandwalking', 'icedancing', 'surfing']",True,True
v_WritingOnBoard_g01_c05.avi,writingonboard,writingonboard,"['writingonboard', 'longjump', 'polevault', 'handstandwalking', 'surfing']",True,True
v_WritingOnBoard_g01_c06.avi,writingonboard,writingonboard,"['writingonboard', 'longjump', 'polevault', 'surfing', 'breaststroke']",True,True
v_WritingOnBoard_g01_c07.avi,writingonboard,writingonboard,"['writingonboard', 'breaststroke', 'longjump', 'handstandwalking', 'horserace']",True,True
v_WritingOnBoard_g02_c01.avi,writingonboard,writingonboard,"['writingonboard', 'polevault', 'longjump', 'surfing', 'horserace']",True,True
v_WritingOnBoard_g02_c02.avi,writingonboard,writingonboard,"['writingonboard', 'polevault', 'longjump', 'surfing', 'horserace']",True,True
v_WritingOnBoard_g02_c03.avi,writingonboard,writingonboard,"['writingonboard', 'polevault', 'longjump', 'surfing', 'billiards']",True,True
v_YoYo_g01_c01.avi,yoyo,nunchucks,"['nunchucks', 'yoyo', 'taichi', 'skateboarding', 'baseballpitch']",False,True
v_YoYo_g01_c02.avi,yoyo,yoyo,"['yoyo', 'nunchucks', 'soccerjuggling', 'baseballpitch', 'taichi']",True,True
v_YoYo_g01_c03.avi,yoyo,yoyo,"['yoyo', 'soccerjuggling', 'nunchucks', 'taichi', 'baseballpitch']",True,True
v_YoYo_g01_c04.avi,yoyo,yoyo,"['yoyo', 'soccerjuggling', 'boxingpunchingbag', 'taichi', 'jugglingballs']",True,True
v_YoYo_g01_c05.avi,yoyo,nunchucks,"['nunchucks', 'punch', 'boxingpunchingbag', 'yoyo', 'billiards']",False,True
v_YoYo_g01_c06.avi,yoyo,nunchucks,"['nunchucks', 'taichi', 'archery', 'punch', 'golfswing']",False,False
v_YoYo_g01_c07.avi,yoyo,boxingpunchingbag,"['boxingpunchingbag', 'taichi', 'nunchucks', 'yoyo', 'hulahoop']",False,True
v_YoYo_g02_c01.avi,yoyo,soccerjuggling,"['soccerjuggling', 'fencing', 'jugglingballs', 'playingviolin', 'yoyo']",False,True
v_YoYo_g02_c02.avi,yoyo,fencing,"['fencing', 'drumming', 'jugglingballs', 'archery', 'stillrings']",False,False
v_YoYo_g02_c03.avi,yoyo,fencing,"['fencing', 'stillrings', 'balancebeam', 'playingviolin', 'jugglingballs']",False,False
