video,true_label,top1_pred,top5_preds,top1_correct,top5_correct
v_ApplyEyeMakeup_g01_c01.avi,applyeyemakeup,applyeyemakeup,"['applyeyemakeup', 'applylipstick', 'blowdryhair', 'headmassage', 'blowingcandles']",True,True
v_ApplyEyeMakeup_g01_c02.avi,applyeyemakeup,applyeyemakeup,"['applyeyemakeup', 'applylipstick', 'blowdryhair', 'headmassage', 'benchpress']",True,True
v_ApplyEyeMakeup_g01_c03.avi,applyeyemakeup,applyeyemakeup,"['applyeyemakeup', 'applylipstick', 'blowdryhair', 'hammering', 'headmassage']",True,True
v_ApplyEyeMakeup_g01_c04.avi,applyeyemakeup,applyeyemakeup,"['applyeyemakeup', 'applylipstick', 'blowdryhair', 'playingflute', 'headmassage']",True,True
v_ApplyEyeMakeup_g01_c05.avi,applyeyemakeup,applyeyemakeup,"['applyeyemakeup', 'applylipstick', 'blowdryhair', 'unevenbars', 'headmassage']",True,True
v_ApplyEyeMakeup_g01_c06.avi,applyeyemakeup,applyeyemakeup,"['applyeyemakeup', 'applylipstick', 'blowdryhair', 'headmassage', 'haircut']",True,True
v_ApplyEyeMakeup_g02_c01.avi,applyeyemakeup,applyeyemakeup,"['applyeyemakeup', 'applylipstick', 'brushingteeth', 'yoyo', 'cricketshot']",True,True
v_ApplyEyeMakeup_g02_c02.avi,applyeyemakeup,applyeyemakeup,"['applyeyemakeup', 'applylipstick', 'brushingteeth', 'blowdryhair', 'headmassage']",True,True
v_ApplyEyeMakeup_g02_c03.avi,applyeyemakeup,applyeyemakeup,"['applyeyemakeup', 'applylipstick', 'brushingteeth', 'cricketshot', 'unevenbars']",True,True
v_ApplyEyeMakeup_g02_c04.avi,applyeyemakeup,applyeyemakeup,"['applyeyemakeup', 'applylipstick', 'headmassage', 'blowdryhair', 'haircut']",True,True
v_ApplyLipstick_g01_c01.avi,applylipstick,applylipstick,"['applylipstick', 'brushingteeth', 'playingflute', 'pizzatossing', 'applyeyemakeup']",True,True
v_ApplyLipstick_g01_c02.avi,applylipstick,applylipstick,"['applylipstick', 'headmassage', 'applyeyemakeup', 'taichi', 'playingflute']",True,True
v_ApplyLipstick_g01_c03.avi,applylipstick,applylipstick,"['applylipstick', 'applyeyemakeup', 'brushingteeth', 'blowdryhair', 'taichi']",True,True
v_ApplyLipstick_g01_c04.avi,applylipstick,applylipstick,"['applylipstick', 'applyeyemakeup', 'playingflute', 'brushingteeth', 'yoyo']",True,True
v_ApplyLipstick_g01_c05.avi,applylipstick,applylipstick,"['applylipstick', 'applyeyemakeup', 'brushingteeth', 'playingflute', 'taichi']",True,True
v_ApplyLipstick_g02_c01.avi,applylipstick,applyeyemakeup,"['applyeyemakeup', 'applylipstick', 'salsaspin', 'brushingteeth', 'unevenbars']",False,True
v_ApplyLipstick_g02_c02.avi,applylipstick,applyeyemakeup,"['applyeyemakeup', 'applylipstick', 'salsaspin', 'unevenbars', 'brushingteeth']",False,True
v_ApplyLipstick_g02_c03.avi,applylipstick,applyeyemakeup,"['applyeyemakeup', 'applylipstick', 'salsaspin', 'unevenbars', 'brushingteeth']",False,True
v_ApplyLipstick_g02_c04.avi,applylipstick,applylipstick,"['applylipstick', 'applyeyemakeup', 'brushingteeth', 'salsaspin', 'cuttinginkitchen']",True,True
v_ApplyLipstick_g03_c01.avi,applylipstick,applylipstick,"['applylipstick', 'knitting', 'brushingteeth', 'typing', 'pizzatossing']",True,True
v_Archery_g01_c01.avi,archery,archery,"['archery', 'fencing', 'hulahoop', 'polevault', 'hammerthrow']",True,True
v_Archery_g01_c02.avi,archery,archery,"['archery', 'hulahoop', 'tennisswing', 'hammerthrow', 'polevault']",True,True
v_Archery_g01_c03.avi,archery,archery,"['archery', 'hulahoop', 'tennisswing', 'fencing', 'hammerthrow']",True,True
v_Archery_g01_c04.avi,archery,archery,"['archery', 'hulahoop', 'fencing', 'hammerthrow', 'tennisswing']",True,True
v_Archery_g01_c05.avi,archery,archery,"['archery', 'fencing', 'polevault', 'hammerthrow', 'billiards']",True,True
v_Archery_g01_c06.avi,archery,archery,"['archery', 'fencing', 'polevault', 'billiards', 'nunchucks']",True,True
v_Archery_g01_c07.avi,archery,archery,"['archery', 'fencing', 'hulahoop', 'polevault', 'hammerthrow']",True,True
v_Archery_g02_c01.avi,archery,archery,"['archery', 'hulahoop', 'hammering', 'nunchucks', 'golfswing']",True,True
v_Archery_g02_c02.avi,archery,archery,"['archery', 'hulahoop', 'ropeclimbing', 'hammering', 'fencing']",True,True
v_Archery_g02_c03.avi,archery,archery,"['archery', 'hulahoop', 'nunchucks', 'fencing', 'tennisswing']",True,True
v_BabyCrawling_g01_c01.avi,babycrawling,babycrawling,"['babycrawling', 'balancebeam', 'pushups', 'handstandwalking', 'wallpushups']",True,True
v_BabyCrawling_g01_c02.avi,babycrawling,babycrawling,"['babycrawling', 'balancebeam', 'pushups', 'wallpushups', 'frontcrawl']",True,True
v_BabyCrawling_g01_c03.avi,babycrawling,babycrawling,"['babycrawling', 'pushups', 'balancebeam', 'handstandwalking', 'handstandpushups']",True,True
v_BabyCrawling_g01_c04.avi,babycrawling,babycrawling,"['babycrawling', 'balancebeam', 'pushups', 'frontcrawl', 'handstandwalking']",True,True
v_BabyCrawling_g02_c01.avi,babycrawling,babycrawling,"['babycrawling', 'pushups', 'wallpushups', 'moppingfloor', 'lunges']",True,True
v_BabyCrawling_g02_c02.avi,babycrawling,babycrawling,"['babycrawling', 'pushups', 'wallpushups', 'handstandwalking', 'lunges']",True,True
v_BabyCrawling_g02_c03.avi,babycrawling,babycrawling,"['babycrawling', 'pushups', 'handstandwalking', 'wallpushups', 'handstandpushups']",True,True
v_BabyCrawling_g02_c04.avi,babycrawling,babycrawling,"['babycrawling', 'pushups', 'handstandwalking', 'wallpushups', 'handstandpushups']",True,True
v_BabyCrawling_g02_c05.avi,babycrawling,babycrawling,"['babycrawling', 'pushups', 'wallpushups', 'handstandwalking', 'handstandpushups']",True,True
v_BabyCrawling_g02_c06.avi,babycrawling,babycrawling,"['babycrawling', 'pushups', 'handstandwalking', 'wallpushups', 'balancebeam']",True,True
v_BalanceBeam_g01_c01.avi,balancebeam,balancebeam,"['balancebeam', 'floorgymnastics', 'polevault', 'highjump', 'rockclimbingindoor']",True,True
v_BalanceBeam_g01_c02.avi,balancebeam,floorgymnastics,"['floorgymnastics', 'balancebeam', 'highjump', 'polevault', 'longjump']",False,True
v_BalanceBeam_g01_c03.avi,balancebeam,floorgymnastics,"['floorgymnastics', 'balancebeam', 'polevault', 'highjump', 'longjump']",False,True
v_BalanceBeam_g01_c04.avi,balancebeam,highjump,"['highjump', 'longjump', 'polevault', 'floorgymnastics', 'balancebeam']",False,True
v_BalanceBeam_g02_c01.avi,balancebeam,floorgymnastics,"['floorgymnastics', 'balancebeam', 'highjump', 'polevault', 'longjump']",False,True
v_BalanceBeam_g02_c02.avi,balancebeam,floorgymnastics,"['floorgymnastics', 'balancebeam', 'highjump', 'polevault', 'longjump']",False,True
v_BalanceBeam_g02_c03.avi,balancebeam,floorgymnastics,"['floorgymnastics', 'balancebeam', 'highjump', 'longjump', 'polevault']",False,True
v_BalanceBeam_g02_c04.avi,balancebeam,floorgymnastics,"['floorgymnastics', 'balancebeam', 'highjump', 'longjump', 'polevault']",False,True
v_BalanceBeam_g03_c01.avi,balancebeam,floorgymnastics,"['floorgymnastics', 'balancebeam', 'highjump', 'polevault', 'longjump']",False,True
v_BalanceBeam_g03_c02.avi,balancebeam,floorgymnastics,"['floorgymnastics', 'balancebeam', 'highjump', 'longjump', 'icedancing']",False,True
v_BandMarching_g01_c01.avi,bandmarching,bandmarching,"['bandmarching', 'militaryparade', 'drumming', 'playingdhol', 'playingdaf']",True,True
v_BandMarching_g01_c02.avi,bandmarching,bandmarching,"['bandmarching', 'militaryparade', 'drumming', 'playingdhol', 'jumpingjack']",True,True
v_BandMarching_g01_c03.avi,bandmarching,bandmarching,"['bandmarching', 'militaryparade', 'drumming', 'mixing', 'parallelbars']",True,True
v_BandMarching_g01_c04.avi,bandmarching,bandmarching,"['bandmarching', 'militaryparade', 'drumming', 'playingdhol', 'playingflute']",True,True
v_BandMarching_g01_c05.avi,bandmarching,bandmarching,"['bandmarching', 'militaryparade', 'playingdhol', 'playingflute', 'drumming']",True,True
v_BandMarching_g01_c06.avi,bandmarching,bandmarching,"['bandmarching', 'militaryparade', 'playingdhol', 'drumming', 'playingflute']",True,True
v_BandMarching_g01_c07.avi,bandmarching,bandmarching,"['bandmarching', 'militaryparade', 'drumming', 'playingdhol', 'blowingcandles']",True,True
v_BandMarching_g02_c01.avi,bandmarching,militaryparade,"['militaryparade', 'bandmarching', 'drumming', 'playingdhol', 'playingdaf']",False,True
v_BandMarching_g02_c02.avi,bandmarching,militaryparade,"['militaryparade', 'bandmarching', 'drumming', 'playingdhol', 'playingdaf']",False,True
v_BandMarching_g02_c03.avi,bandmarching,militaryparade,"['militaryparade', 'bandmarching', 'drumming', 'playingdhol', 'playingdaf']",False,True
v_BaseballPitch_g01_c01.avi,baseballpitch,frisbeecatch,"['frisbeecatch', 'soccerjuggling', 'jugglingballs', 'golfswing', 'throwdiscus']",False,False
v_BaseballPitch_g01_c02.avi,baseballpitch,soccerjuggling,"['soccerjuggling', 'frisbeecatch', 'jugglingballs', 'throwdiscus', 'hammerthrow']",False,False
v_BaseballPitch_g01_c03.avi,baseballpitch,frisbeecatch,"['frisbeecatch', 'cricketshot', 'throwdiscus', 'soccerjuggling', 'hulahoop']",False,False
v_BaseballPitch_g01_c04.avi,baseballpitch,frisbeecatch,"['frisbeecatch', 'soccerjuggling', 'throwdiscus', 'trampolinejumping', 'hammerthrow']",False,False
v_BaseballPitch_g01_c05.avi,baseballpitch,hulahoop,"['hulahoop', 'cricketshot', 'handstandwalking', 'throwdiscus', 'frisbeecatch']",False,False
v_BaseballPitch_g01_c06.avi,baseballpitch,hulahoop,"['hulahoop', 'handstandwalking', 'frisbeecatch', 'swing', 'cricketshot']",False,False
v_BaseballPitch_g02_c01.avi,baseballpitch,baseballpitch,"['baseballpitch', 'hammerthrow', 'cricketshot', 'javelinthrow', 'shotput']",True,True
v_BaseballPitch_g02_c02.avi,baseballpitch,baseballpitch,"['baseballpitch', 'cricketshot', 'hammerthrow', 'swing', 'javelinthrow']",True,True
v_BaseballPitch_g02_c03.avi,baseballpitch,baseballpitch,"['baseballpitch', 'cricketshot', 'hammerthrow', 'javelinthrow', 'swing']",True,True
v_BaseballPitch_g02_c04.avi,baseballpitch,baseballpitch,"['baseballpitch', 'cricketshot', 'hammerthrow', 'swing', 'shotput']",True,True
v_Basketball_g01_c01.avi,basketball,basketballdunk,"['basketballdunk', 'basketball', 'hulahoop', 'hammerthrow', 'highjump']",False,True
v_Basketball_g01_c02.avi,basketball,basketball,"['basketball', 'basketballdunk', 'hulahoop', 'cricketshot', 'hammerthrow']",True,True
v_Basketball_g01_c03.avi,basketball,basketball,"['basketball', 'basketballdunk', 'hulahoop', 'hammerthrow', 'tennisswing']",True,True
v_Basketball_g01_c04.avi,basketball,basketball,"['basketball', 'basketballdunk', 'hulahoop', 'hammerthrow', 'cricketshot']",True,True
v_Basketball_g01_c05.avi,basketball,basketballdunk,"['basketballdunk', 'basketball', 'hulahoop', 'hammerthrow', 'cricketshot']",False,True
v_Basketball_g01_c06.avi,basketball,basketball,"['basketball', 'basketballdunk', 'hulahoop', 'hammerthrow', 'tennisswing']",True,True
v_Basketball_g01_c07.avi,basketball,basketballdunk,"['basketballdunk', 'basketball', 'hulahoop', 'highjump', 'tennisswing']",False,True
v_Basketball_g02_c01.avi,basketball,basketballdunk,"['basketballdunk', 'basketball', 'hulahoop', 'jugglingballs', 'frisbeecatch']",False,True
v_Basketball_g02_c02.avi,basketball,basketball,"['basketball', 'basketballdunk', 'hulahoop', 'jugglingballs', 'frisbeecatch']",True,True
v_Basketball_g02_c03.avi,basketball,basketball,"['basketball', 'basketballdunk', 'hulahoop', 'jugglingballs', 'frisbeecatch']",True,True
v_BasketballDunk_g01_c01.avi,basketballdunk,basketball,"['basketball', 'basketballdunk', 'highjump', 'swing', 'hulahoop']",False,True
v_BasketballDunk_g01_c02.avi,basketballdunk,basketball,"['basketball', 'basketballdunk', 'highjump', 'cricketshot', 'punch']",False,True
v_BasketballDunk_g01_c03.avi,basketballdunk,basketball,"['basketball', 'basketballdunk', 'highjump', 'stillrings', 'punch']",False,True
v_BasketballDunk_g01_c04.avi,basketballdunk,basketball,"['basketball', 'basketballdunk', 'cricketshot', 'punch', 'highjump']",False,True
v_BasketballDunk_g01_c05.avi,basketballdunk,basketball,"['basketball', 'basketballdunk', 'punch', 'highjump', 'hulahoop']",False,True
v_BasketballDunk_g01_c06.avi,basketballdunk,basketball,"['basketball', 'basketballdunk', 'punch', 'highjump', 'longjump']",False,True
v_BasketballDunk_g01_c07.avi,basketballdunk,basketball,"['basketball', 'basketballdunk', 'highjump', 'hulahoop', 'punch']",False,True
v_BasketballDunk_g02_c01.avi,basketballdunk,basketball,"['basketball', 'basketballdunk', 'highjump', 'horserace', 'cricketshot']",False,True
v_BasketballDunk_g02_c02.avi,basketballdunk,basketball,"['basketball', 'basketballdunk', 'highjump', 'punch', 'swing']",False,True
v_BasketballDunk_g02_c03.avi,basketballdunk,basketball,"['basketball', 'basketballdunk', 'highjump', 'longjump', 'swing']",False,True
v_BenchPress_g01_c01.avi,benchpress,benchpress,"['benchpress', 'pullups', 'cleanandjerk', 'pushups', 'lunges']",True,True
v_BenchPress_g01_c02.avi,benchpress,benchpress,"['benchpress', 'pullups', 'pushups', 'cleanandjerk', 'bodyweightsquats']",True,True
v_BenchPress_g01_c03.avi,benchpress,benchpress,"['benchpress', 'pullups', 'cleanandjerk', 'pushups', 'bodyweightsquats']",True,True
v_BenchPress_g01_c04.avi,benchpress,benchpress,"['benchpress', 'pullups', 'cleanandjerk', 'pushups', 'bodyweightsquats']",True,True
v_BenchPress_g01_c05.avi,benchpress,benchpress,"['benchpress', 'pullups', 'pushups', 'cleanandjerk', 'handstandpushups']",True,True
v_BenchPress_g01_c06.avi,benchpress,benchpress,"['benchpress', 'pullups', 'pushups', 'handstandpushups', 'lunges']",True,True
v_BenchPress_g02_c01.avi,benchpress,benchpress,"['benchpress', 'bodyweightsquats', 'cleanandjerk', 'pullups', 'lunges']",True,True
v_BenchPress_g02_c02.avi,benchpress,benchpress,"['benchpress', 'bodyweightsquats', 'pullups', 'cleanandjerk', 'lunges']",True,True
v_BenchPress_g02_c03.avi,benchpress,benchpress,"['benchpress', 'bodyweightsquats', 'pullups', 'cleanandjerk', 'lunges']",True,True
v_BenchPress_g02_c04.avi,benchpress,benchpress,"['benchpress', 'bodyweightsquats', 'pullups', 'cleanandjerk', 'lunges']",True,True
v_Biking_g01_c01.avi,biking,biking,"['biking', 'tennisswing', 'highjump', 'lunges', 'balancebeam']",True,True
v_Biking_g01_c02.avi,biking,biking,"['biking', 'lunges', 'trampolinejumping', 'handstandwalking', 'longjump']",True,True
v_Biking_g01_c03.avi,biking,biking,"['biking', 'highjump', 'lunges', 'longjump', 'frisbeecatch']",True,True
v_Biking_g01_c04.avi,biking,biking,"['biking', 'tennisswing', 'longjump', 'lunges', 'highjump']",True,True
v_Biking_g02_c01.avi,biking,biking,"['biking', 'highjump', 'longjump', 'balancebeam', 'lunges']",True,True
v_Biking_g02_c02.avi,biking,biking,"['biking', 'highjump', 'lunges', 'balancebeam', 'horserace']",True,True
v_Biking_g02_c03.avi,biking,biking,"['biking', 'highjump', 'balancebeam', 'lunges', 'shotput']",True,True
v_Biking_g02_c04.avi,biking,biking,"['biking', 'highjump', 'balancebeam', 'lunges', 'longjump']",True,True
v_Biking_g02_c05.avi,biking,biking,"['biking', 'highjump', 'longjump', 'horserace', 'balancebeam']",True,True
v_Biking_g02_c06.avi,biking,biking,"['biking', 'highjump', 'trampolinejumping', 'balancebeam', 'longjump']",True,True
v_Billiards_g01_c01.avi,billiards,billiards,"['billiards', 'bowling', 'balancebeam', 'jugglingballs', 'tabletennisshot']",True,True
v_Billiards_g01_c02.avi,billiards,billiards,"['billiards', 'bowling', 'tabletennisshot', 'parallelbars', 'balancebeam']",True,True
v_Billiards_g01_c03.avi,billiards,billiards,"['billiards', 'bowling', 'cricketshot', 'tabletennisshot', 'jugglingballs']",True,True
v_Billiards_g01_c04.avi,billiards,billiards,"['billiards', 'tabletennisshot', 'bowling', 'balancebeam', 'jugglingballs']",True,True
v_Billiards_g01_c05.avi,billiards,billiards,"['billiards', 'bowling', 'tabletennisshot', 'jugglingballs', 'balancebeam']",True,True
v_Billiards_g01_c06.avi,billiards,billiards,"['billiards', 'bowling', 'cricketshot', 'jugglingballs', 'tabletennisshot']",True,True
v_Billiards_g02_c01.avi,billiards,billiards,"['billiards', 'bowling', 'tabletennisshot', 'cricketshot', 'cricketbowling']",True,True
v_Billiards_g02_c02.avi,billiards,billiards,"['billiards', 'tabletennisshot', 'bowling', 'balancebeam', 'jugglingballs']",True,True
v_Billiards_g02_c03.avi,billiards,billiards,"['billiards', 'bowling', 'cricketshot', 'cricketbowling', 'tabletennisshot']",True,True
v_Billiards_g02_c04.avi,billiards,billiards,"['billiards', 'bowling', 'cricketshot', 'tabletennisshot', 'cricketbowling']",True,True
v_BlowDryHair_g01_c01.avi,blowdryhair,blowdryhair,"['blowdryhair', 'haircut', 'headmassage', 'cuttinginkitchen', 'nunchucks']",True,True
v_BlowDryHair_g01_c02.avi,blowdryhair,blowdryhair,"['blowdryhair', 'haircut', 'headmassage', 'applyeyemakeup', 'pommelhorse']",True,True
v_BlowDryHair_g01_c03.avi,blowdryhair,blowdryhair,"['blowdryhair', 'haircut', 'headmassage', 'nunchucks', 'pullups']",True,True
v_BlowDryHair_g01_c04.avi,blowdryhair,blowdryhair,"['blowdryhair', 'haircut', 'headmassage', 'nunchucks', 'applyeyemakeup']",True,True
v_BlowDryHair_g02_c01.avi,blowdryhair,haircut,"['haircut', 'blowdryhair', 'headmassage', 'balancebeam', 'pommelhorse']",False,True
v_BlowDryHair_g02_c02.avi,blowdryhair,haircut,"['haircut', 'blowdryhair', 'headmassage', 'balancebeam', 'yoyo']",False,True
v_BlowDryHair_g02_c03.avi,blowdryhair,blowdryhair,"['blowdryhair', 'haircut', 'headmassage', 'pommelhorse', 'balancebeam']",True,True
v_BlowDryHair_g02_c04.avi,blowdryhair,blowdryhair,"['blowdryhair', 'haircut', 'headmassage', 'pommelhorse', 'balancebeam']",True,True
v_BlowDryHair_g02_c05.avi,blowdryhair,blowdryhair,"['blowdryhair', 'haircut', 'headmassage', 'taichi', 'shavingbeard']",True,True
v_BlowDryHair_g03_c01.avi,blowdryhair,headmassage,"['headmassage', 'blowdryhair', 'applylipstick', 'blowingcandles', 'applyeyemakeup']",False,True
v_BlowingCandles_g01_c01.avi,blowingcandles,blowingcandles,"['blowingcandles', 'unevenbars', 'punch', 'mixing', 'knitting']",True,True
v_BlowingCandles_g01_c02.avi,blowingcandles,blowingcandles,"['blowingcandles', 'babycrawling', 'taichi', 'cuttinginkitchen', 'golfswing']",True,True
v_BlowingCandles_g01_c03.avi,blowingcandles,blowingcandles,"['blowingcandles', 'babycrawling', 'mixing', 'haircut', 'unevenbars']",True,True
v_BlowingCandles_g01_c04.avi,blowingcandles,blowingcandles,"['blowingcandles', 'babycrawling', 'unevenbars', 'knitting', 'mixing']",True,True
v_BlowingCandles_g02_c01.avi,blowingcandles,blowingcandles,"['blowingcandles', 'highjump', 'mixing', 'moppingfloor', 'cuttinginkitchen']",True,True
v_BlowingCandles_g02_c02.avi,blowingcandles,blowingcandles,"['blowingcandles', 'highjump', 'mixing', 'moppingfloor', 'cuttinginkitchen']",True,True
v_BlowingCandles_g02_c03.avi,blowingcandles,blowingcandles,"['blowingcandles', 'balancebeam', 'knitting', 'babycrawling', 'brushingteeth']",True,True
v_BlowingCandles_g02_c04.avi,blowingcandles,blowingcandles,"['blowingcandles', 'cuttinginkitchen', 'pizzatossing', 'playingflute', 'punch']",True,True
v_BlowingCandles_g03_c01.avi,blowingcandles,blowingcandles,"['blowingcandles', 'playingtabla', 'pizzatossing', 'cuttinginkitchen', 'knitting']",True,True
v_BlowingCandles_g03_c02.avi,blowingcandles,blowingcandles,"['blowingcandles', 'cuttinginkitchen', 'pizzatossing', 'playingtabla', 'yoyo']",True,True
v_BodyWeightSquats_g01_c01.avi,bodyweightsquats,lunges,"['lunges', 'handstandwalking', 'bodyweightsquats', 'cleanandjerk', 'pullups']",False,True
v_BodyWeightSquats_g01_c02.avi,bodyweightsquats,lunges,"['lunges', 'handstandwalking', 'bodyweightsquats', 'cleanandjerk', 'basketball']",False,True
v_BodyWeightSquats_g01_c03.avi,bodyweightsquats,lunges,"['lunges', 'handstandwalking', 'bodyweightsquats', 'cleanandjerk', 'pullups']",False,True
v_BodyWeightSquats_g01_c04.avi,bodyweightsquats,lunges,"['lunges', 'handstandwalking', 'bodyweightsquats', 'basketball', 'basketballdunk']",False,True
v_BodyWeightSquats_g02_c01.avi,bodyweightsquats,bodyweightsquats,"['bodyweightsquats', 'cleanandjerk', 'benchpress', 'pullups', 'lunges']",True,True
v_BodyWeightSquats_g02_c02.avi,bodyweightsquats,cleanandjerk,"['cleanandjerk', 'bodyweightsquats', 'pullups', 'benchpress', 'lunges']",False,True
v_BodyWeightSquats_g02_c03.avi,bodyweightsquats,cleanandjerk,"['cleanandjerk', 'bodyweightsquats', 'lunges', 'boxingspeedbag', 'pullups']",False,True
v_BodyWeightSquats_g02_c04.avi,bodyweightsquats,pullups,"['pullups', 'bodyweightsquats', 'cleanandjerk', 'lunges', 'benchpress']",False,True
v_BodyWeightSquats_g03_c01.avi,bodyweightsquats,hulahoop,"['hulahoop', 'frisbeecatch', 'soccerjuggling', 'yoyo', 'hammering']",False,False
v_BodyWeightSquats_g03_c02.avi,bodyweightsquats,hulahoop,"['hulahoop', 'frisbeecatch', 'soccerjuggling', 'yoyo', 'swing']",False,False
v_Bowling_g01_c01.avi,bowling,bowling,"['bowling', 'cricketbowling', 'hammerthrow', 'shotput', 'javelinthrow']",True,True
v_Bowling_g01_c02.avi,bowling,bowling,"['bowling', 'cricketbowling', 'hammerthrow', 'balancebeam', 'javelinthrow']",True,True
v_Bowling_g01_c03.avi,bowling,bowling,"['bowling', 'cricketbowling', 'hammerthrow', 'balancebeam', 'shotput']",True,True
v_Bowling_g01_c04.avi,bowling,bowling,"['bowling', 'hammerthrow', 'cricketbowling', 'shotput', 'javelinthrow']",True,True
v_Bowling_g01_c05.avi,bowling,bowling,"['bowling', 'cricketbowling', 'hammerthrow', 'balancebeam', 'jugglingballs']",True,True
v_Bowling_g01_c06.avi,bowling,bowling,"['bowling', 'hammerthrow', 'cricketbowling', 'shotput', 'javelinthrow']",True,True
v_Bowling_g01_c07.avi,bowling,bowling,"['bowling', 'cricketbowling', 'hammerthrow', 'shotput', 'javelinthrow']",True,True
v_Bowling_g02_c01.avi,bowling,bowling,"['bowling', 'cricketbowling', 'hammerthrow', 'shotput', 'jugglingballs']",True,True
v_Bowling_g02_c02.avi,bowling,bowling,"['bowling', 'cricketbowling', 'moppingfloor', 'billiards', 'balancebeam']",True,True
v_Bowling_g02_c03.avi,bowling,bowling,"['bowling', 'cricketbowling', 'hammerthrow', 'jugglingballs', 'balancebeam']",True,True
v_BoxingPunchingBag_g01_c01.avi,boxingpunchingbag,boxingpunchingbag,"['boxingpunchingbag', 'boxingspeedbag', 'punch', 'nunchucks', 'swing']",True,True
v_BoxingPunchingBag_g01_c02.avi,boxingpunchingbag,boxingpunchingbag,"['boxingpunchingbag', 'boxingspeedbag', 'punch', 'nunchucks', 'swing']",True,True
v_BoxingPunchingBag_g01_c03.avi,boxingpunchingbag,boxingpunchingbag,"['boxingpunchingbag', 'boxingspeedbag', 'nunchucks', 'punch', 'swing']",True,True
v_BoxingPunchingBag_g01_c04.avi,boxingpunchingbag,boxingpunchingbag,"['boxingpunchingbag', 'boxingspeedbag', 'punch', 'nunchucks', 'swing']",True,True
v_BoxingPunchingBag_g01_c05.avi,boxingpunchingbag,boxingpunchingbag,"['boxingpunchingbag', 'boxingspeedbag', 'nunchucks', 'swing', 'punch']",True,True
v_BoxingPunchingBag_g01_c06.avi,boxingpunchingbag,boxingpunchingbag,"['boxingpunchingbag', 'boxingspeedbag', 'nunchucks', 'punch', 'swing']",True,True
v_BoxingPunchingBag_g01_c07.avi,boxingpunchingbag,boxingpunchingbag,"['boxingpunchingbag', 'boxingspeedbag', 'nunchucks', 'swing', 'punch']",True,True
v_BoxingPunchingBag_g02_c01.avi,boxingpunchingbag,boxingspeedbag,"['boxingspeedbag', 'boxingpunchingbag', 'punch', 'nunchucks', 'swing']",False,True
v_BoxingPunchingBag_g02_c02.avi,boxingpunchingbag,boxingspeedbag,"['boxingspeedbag', 'boxingpunchingbag', 'punch', 'nunchucks', 'swing']",False,True
v_BoxingPunchingBag_g02_c03.avi,boxingpunchingbag,boxingspeedbag,"['boxingspeedbag', 'boxingpunchingbag', 'punch', 'nunchucks', 'swing']",False,True
v_BoxingSpeedBag_g01_c01.avi,boxingspeedbag,nunchucks,"['nunchucks', 'boxingspeedbag', 'pullups', 'bodyweightsquats', 'boxingpunchingbag']",False,True
v_BoxingSpeedBag_g01_c02.avi,boxingspeedbag,boxingspeedbag,"['boxingspeedbag', 'boxingpunchingbag', 'pullups', 'nunchucks', 'cleanandjerk']",True,True
v_BoxingSpeedBag_g01_c03.avi,boxingspeedbag,boxingspeedbag,"['boxingspeedbag', 'boxingpunchingbag', 'pullups', 'nunchucks', 'cleanandjerk']",True,True
v_BoxingSpeedBag_g01_c04.avi,boxingspeedbag,boxingpunchingbag,"['boxingpunchingbag', 'boxingspeedbag', 'pullups', 'handstandpushups', 'nunchucks']",False,True
v_BoxingSpeedBag_g02_c01.avi,boxingspeedbag,drumming,"['drumming', 'playingtabla', 'mixing', 'playingdhol', 'rockclimbingindoor']",False,False
v_BoxingSpeedBag_g02_c02.avi,boxingspeedbag,drumming,"['drumming', 'playingdhol', 'playingtabla', 'mixing', 'playingcello']",False,False
v_BoxingSpeedBag_g02_c03.avi,boxingspeedbag,drumming,"['drumming', 'playingtabla', 'playingdhol', 'mixing', 'boxingspeedbag']",False,True
v_BoxingSpeedBag_g02_c04.avi,boxingspeedbag,drumming,"['drumming', 'playingdhol', 'playingtabla', 'boxingspeedbag', 'mixing']",False,True
v_BoxingSpeedBag_g03_c01.avi,boxingspeedbag,boxingspeedbag,"['boxingspeedbag', 'cleanandjerk', 'boxingpunchingbag', 'soccerjuggling', 'jugglingballs']",True,True
v_BoxingSpeedBag_g03_c02.avi,boxingspeedbag,boxingspeedbag,"['boxingspeedbag', 'boxingpunchingbag', 'cleanandjerk', 'pullups', 'frisbeecatch']",True,True
v_BreastStroke_g01_c01.avi,breaststroke,breaststroke,"['breaststroke', 'frontcrawl', 'balancebeam', 'diving', 'shotput']",True,True
v_BreastStroke_g01_c02.avi,breaststroke,breaststroke,"['breaststroke', 'frontcrawl', 'diving', 'balancebeam', 'shotput']",True,True
v_BreastStroke_g01_c03.avi,breaststroke,breaststroke,"['breaststroke', 'frontcrawl', 'diving', 'balancebeam', 'shotput']",True,True
v_BreastStroke_g01_c04.avi,breaststroke,breaststroke,"['breaststroke', 'frontcrawl', 'diving', 'balancebeam', 'shotput']",True,True
v_BreastStroke_g02_c01.avi,breaststroke,frontcrawl,"['frontcrawl', 'breaststroke', 'diving', 'cliffdiving', 'wallpushups']",False,True
v_BreastStroke_g02_c02.avi,breaststroke,frontcrawl,"['frontcrawl', 'breaststroke', 'diving', 'cliffdiving', 'rafting']",False,True
v_BreastStroke_g02_c03.avi,breaststroke,frontcrawl,"['frontcrawl', 'breaststroke', 'diving', 'cliffdiving', 'surfing']",False,True
v_BreastStroke_g02_c04.avi,breaststroke,frontcrawl,"['frontcrawl', 'breaststroke', 'diving', 'cliffdiving', 'surfing']",False,True
v_BreastStroke_g03_c01.avi,breaststroke,breaststroke,"['breaststroke', 'frontcrawl', 'diving', 'balancebeam', 'parallelbars']",True,True
v_BreastStroke_g03_c02.avi,breaststroke,breaststroke,"['breaststroke', 'frontcrawl', 'diving', 'balancebeam', 'shotput']",True,True
v_BrushingTeeth_g01_c01.avi,brushingteeth,brushingteeth,"['brushingteeth', 'applylipstick', 'blowingcandles', 'playingflute', 'pizzatossing']",True,True
v_BrushingTeeth_g01_c02.avi,brushingteeth,brushingteeth,"['brushingteeth', 'playingflute', 'blowingcandles', 'applylipstick', 'blowdryhair']",True,True
v_BrushingTeeth_g01_c03.avi,brushingteeth,brushingteeth,"['brushingteeth', 'playingflute', 'blowingcandles', 'applylipstick', 'nunchucks']",True,True
v_BrushingTeeth_g01_c04.avi,brushingteeth,brushingteeth,"['brushingteeth', 'playingflute', 'blowingcandles', 'applylipstick', 'nunchucks']",True,True
v_BrushingTeeth_g02_c01.avi,brushingteeth,headmassage,"['headmassage', 'brushingteeth', 'shavingbeard', 'blowdryhair', 'haircut']",False,True
v_BrushingTeeth_g02_c02.avi,brushingteeth,headmassage,"['headmassage', 'shavingbeard', 'brushingteeth', 'haircut', 'applyeyemakeup']",False,True
v_BrushingTeeth_g02_c03.avi,brushingteeth,headmassage,"['headmassage', 'brushingteeth', 'blowdryhair', 'haircut', 'applyeyemakeup']",False,True
v_BrushingTeeth_g02_c04.avi,brushingteeth,headmassage,"['headmassage', 'brushingteeth', 'shavingbeard', 'haircut', 'applyeyemakeup']",False,True
v_BrushingTeeth_g02_c05.avi,brushingteeth,brushingteeth,"['brushingteeth', 'headmassage', 'shavingbeard', 'blowdryhair', 'haircut']",True,True
v_BrushingTeeth_g02_c06.avi,brushingteeth,brushingteeth,"['brushingteeth', 'blowdryhair', 'haircut', 'headmassage', 'playingflute']",True,True
v_CleanAndJerk_g01_c01.avi,cleanandjerk,cleanandjerk,"['cleanandjerk', 'benchpress', 'bodyweightsquats', 'lunges', 'pullups']",True,True
v_CleanAndJerk_g01_c02.avi,cleanandjerk,cleanandjerk,"['cleanandjerk', 'benchpress', 'bodyweightsquats', 'lunges', 'pullups']",True,True
v_CleanAndJerk_g01_c03.avi,cleanandjerk,cleanandjerk,"['cleanandjerk', 'bodyweightsquats', 'benchpress', 'pullups', 'lunges']",True,True
v_CleanAndJerk_g01_c04.avi,cleanandjerk,cleanandjerk,"['cleanandjerk', 'bodyweightsquats', 'benchpress', 'pullups', 'lunges']",True,True
v_CleanAndJerk_g01_c05.avi,cleanandjerk,cleanandjerk,"['cleanandjerk', 'bodyweightsquats', 'benchpress', 'pullups', 'lunges']",True,True
v_CleanAndJerk_g02_c01.avi,cleanandjerk,floorgymnastics,"['floorgymnastics', 'hammerthrow', 'longjump', 'cleanandjerk', 'shotput']",False,True
v_CleanAndJerk_g02_c02.avi,cleanandjerk,cleanandjerk,"['cleanandjerk', 'hammerthrow', 'floorgymnastics', 'shotput', 'javelinthrow']",True,True
v_CleanAndJerk_g02_c03.avi,cleanandjerk,hammerthrow,"['hammerthrow', 'cleanandjerk', 'floorgymnastics', 'shotput', 'highjump']",False,True
v_CleanAndJerk_g02_c04.avi,cleanandjerk,cleanandjerk,"['cleanandjerk', 'hammerthrow', 'shotput', 'floorgymnastics', 'javelinthrow']",True,True
v_CleanAndJerk_g03_c01.avi,cleanandjerk,cleanandjerk,"['cleanandjerk', 'benchpress', 'bodyweightsquats', 'hammerthrow', 'shotput']",True,True
v_CliffDiving_g01_c01.avi,cliffdiving,cliffdiving,"['cliffdiving', 'diving', 'frontcrawl', 'highjump', 'balancebeam']",True,True
v_CliffDiving_g01_c02.avi,cliffdiving,cliffdiving,"['cliffdiving', 'highjump', 'diving', 'longjump', 'balancebeam']",True,True
v_CliffDiving_g01_c03.avi,cliffdiving,cliffdiving,"['cliffdiving', 'highjump', 'diving', 'balancebeam', 'longjump']",True,True
v_CliffDiving_g01_c04.avi,cliffdiving,cliffdiving,"['cliffdiving', 'highjump', 'diving', 'balancebeam', 'longjump']",True,True
v_CliffDiving_g01_c05.avi,cliffdiving,cliffdiving,"['cliffdiving', 'highjump', 'diving', 'trampolinejumping', 'balancebeam']",True,True
v_CliffDiving_g01_c06.avi,cliffdiving,cliffdiving,"['cliffdiving', 'highjump', 'diving', 'trampolinejumping', 'longjump']",True,True
v_CliffDiving_g02_c01.avi,cliffdiving,cliffdiving,"['cliffdiving', 'frontcrawl', 'diving', 'breaststroke', 'highjump']",True,True
v_CliffDiving_g02_c02.avi,cliffdiving,cliffdiving,"['cliffdiving', 'diving', 'frontcrawl', 'highjump', 'breaststroke']",True,True
v_CliffDiving_g02_c03.avi,cliffdiving,frontcrawl,"['frontcrawl', 'cliffdiving', 'diving', 'breaststroke', 'highjump']",False,True
v_CliffDiving_g02_c04.avi,cliffdiving,cliffdiving,"['cliffdiving', 'diving', 'frontcrawl', 'highjump', 'longjump']",True,True
v_CricketBowling_g01_c01.avi,cricketbowling,cricketshot,"['cricketshot', 'cricketbowling', 'bowling', 'playingdhol', 'punch']",False,True
v_CricketBowling_g01_c02.avi,cricketbowling,cricketshot,"['cricketshot', 'cricketbowling', 'bowling', 'playingdhol', 'punch']",False,True
v_CricketBowling_g01_c03.avi,cricketbowling,cricketshot,"['cricketshot', 'cricketbowling', 'bowling', 'playingdhol', 'punch']",False,True
v_CricketBowling_g01_c04.avi,cricketbowling,cricketshot,"['cricketshot', 'cricketbowling', 'bowling', 'punch', 'playingdhol']",False,True
v_CricketBowling_g01_c05.avi,cricketbowling,cricketshot,"['cricketshot', 'cricketbowling', 'playingdhol', 'bowling', 'punch']",False,True
v_CricketBowling_g01_c06.avi,cricketbowling,cricketshot,"['cricketshot', 'cricketbowling', 'punch', 'bowling', 'playingdhol']",False,True
v_CricketBowling_g01_c07.avi,cricketbowling,cricketshot,"['cricketshot', 'cricketbowling', 'bowling', 'playingdhol', 'punch']",False,True
v_CricketBowling_g02_c01.avi,cricketbowling,cricketshot,"['cricketshot', 'cricketbowling', 'volleyballspiking', 'basketball', 'fencing']",False,True
v_CricketBowling_g02_c02.avi,cricketbowling,cricketbowling,"['cricketbowling', 'cricketshot', 'fencing', 'volleyballspiking', 'basketball']",True,True
v_CricketBowling_g02_c03.avi,cricketbowling,cricketshot,"['cricketshot', 'cricketbowling', 'fencing', 'volleyballspiking', 'basketball']",False,True
v_CricketShot_g01_c01.avi,cricketshot,cricketshot,"['cricketshot', 'cricketbowling', 'bowling', 'playingdhol', 'punch']",True,True
v_CricketShot_g01_c02.avi,cricketshot,cricketshot,"['cricketshot', 'cricketbowling', 'bowling', 'punch', 'playingdhol']",True,True
v_CricketShot_g01_c03.avi,cricketshot,cricketshot,"['cricketshot', 'cricketbowling', 'bowling', 'playingdhol', 'punch']",True,True
v_CricketShot_g01_c04.avi,cricketshot,cricketshot,"['cricketshot', 'cricketbowling', 'bowling', 'playingdhol', 'punch']",True,True
v_CricketShot_g01_c05.avi,cricketshot,cricketshot,"['cricketshot', 'cricketbowling', 'bowling', 'playingdhol', 'punch']",True,True
v_CricketShot_g01_c06.avi,cricketshot,cricketshot,"['cricketshot', 'cricketbowling', 'bowling', 'playingdhol', 'punch']",True,True
v_CricketShot_g01_c07.avi,cricketshot,cricketshot,"['cricketshot', 'cricketbowling', 'bowling', 'playingdhol', 'punch']",True,True
v_CricketShot_g02_c01.avi,cricketshot,cricketshot,"['cricketshot', 'baseballpitch', 'cricketbowling', 'fencing', 'hammerthrow']",True,True
v_CricketShot_g02_c02.avi,cricketshot,cricketshot,"['cricketshot', 'baseballpitch', 'cricketbowling', 'fencing', 'golfswing']",True,True
v_CricketShot_g02_c03.avi,cricketshot,cricketshot,"['cricketshot', 'baseballpitch', 'cricketbowling', 'golfswing', 'fieldhockeypenalty']",True,True
v_CuttingInKitchen_g01_c01.avi,cuttinginkitchen,cuttinginkitchen,"['cuttinginkitchen', 'pizzatossing', 'pommelhorse', 'mixing', 'salsaspin']",True,True
v_CuttingInKitchen_g01_c02.avi,cuttinginkitchen,cuttinginkitchen,"['cuttinginkitchen', 'pizzatossing', 'hammering', 'pommelhorse', 'salsaspin']",True,True
v_CuttingInKitchen_g01_c03.avi,cuttinginkitchen,cuttinginkitchen,"['cuttinginkitchen', 'pizzatossing', 'mixing', 'moppingfloor', 'hammering']",True,True
v_CuttingInKitchen_g01_c04.avi,cuttinginkitchen,cuttinginkitchen,"['cuttinginkitchen', 'pizzatossing', 'mixing', 'hammering', 'moppingfloor']",True,True
v_CuttingInKitchen_g01_c05.avi,cuttinginkitchen,cuttinginkitchen,"['cuttinginkitchen', 'pizzatossing', 'mixing', 'moppingfloor', 'hammering']",True,True
v_CuttingInKitchen_g02_c01.avi,cuttinginkitchen,cuttinginkitchen,"['cuttinginkitchen', 'pizzatossing', 'salsaspin', 'mixing', 'punch']",True,True
v_CuttingInKitchen_g02_c02.avi,cuttinginkitchen,cuttinginkitchen,"['cuttinginkitchen', 'pizzatossing', 'salsaspin', 'mixing', 'punch']",True,True
v_CuttingInKitchen_g02_c03.avi,cuttinginkitchen,cuttinginkitchen,"['cuttinginkitchen', 'pizzatossing', 'salsaspin', 'pommelhorse', 'mixing']",True,True
v_CuttingInKitchen_g02_c04.avi,cuttinginkitchen,cuttinginkitchen,"['cuttinginkitchen', 'pizzatossing', 'salsaspin', 'punch', 'mixing']",True,True
v_CuttingInKitchen_g03_c01.avi,cuttinginkitchen,cuttinginkitchen,"['cuttinginkitchen', 'blowingcandles', 'typing', 'playingdaf', 'yoyo']",True,True
v_Diving_g01_c01.avi,diving,diving,"['diving', 'frontcrawl', 'breaststroke', 'cliffdiving', 'highjump']",True,True
v_Diving_g01_c02.avi,diving,breaststroke,"['breaststroke', 'frontcrawl', 'diving', 'balancebeam', 'cliffdiving']",False,True
v_Diving_g01_c03.avi,diving,diving,"['diving', 'breaststroke', 'frontcrawl', 'cliffdiving', 'balancebeam']",True,True
v_Diving_g01_c04.avi,diving,breaststroke,"['breaststroke', 'diving', 'frontcrawl', 'balancebeam', 'cliffdiving']",False,True
v_Diving_g01_c05.avi,diving,diving,"['diving', 'frontcrawl', 'breaststroke', 'cliffdiving', 'balancebeam']",True,True
v_Diving_g01_c06.avi,diving,breaststroke,"['breaststroke', 'frontcrawl', 'diving', 'cliffdiving', 'balancebeam']",False,True
v_Diving_g01_c07.avi,diving,diving,"['diving', 'breaststroke', 'frontcrawl', 'balancebeam', 'cliffdiving']",True,True
v_Diving_g02_c01.avi,diving,frontcrawl,"['frontcrawl', 'breaststroke', 'diving', 'longjump', 'balancebeam']",False,True
v_Diving_g02_c02.avi,diving,frontcrawl,"['frontcrawl', 'breaststroke', 'diving', 'rafting', 'rowing']",False,True
v_Diving_g02_c03.avi,diving,frontcrawl,"['frontcrawl', 'breaststroke', 'billiards', 'diving', 'balancebeam']",False,True
v_Drumming_g01_c01.avi,drumming,drumming,"['drumming', 'mixing', 'taichi', 'swing', 'playingtabla']",True,True
v_Drumming_g01_c02.avi,drumming,drumming,"['drumming', 'mixing', 'taichi', 'swing', 'playingdhol']",True,True
v_Drumming_g01_c03.avi,drumming,drumming,"['drumming', 'mixing', 'swing', 'taichi', 'playingdhol']",True,True
v_Drumming_g01_c04.avi,drumming,drumming,"['drumming', 'playingtabla', 'mixing', 'swing', 'playingdhol']",True,True
v_Drumming_g01_c05.avi,drumming,drumming,"['drumming', 'mixing', 'swing', 'playingtabla', 'taichi']",True,True
v_Drumming_g01_c06.avi,drumming,drumming,"['drumming', 'mixing', 'playingtabla', 'swing', 'taichi']",True,True
v_Drumming_g01_c07.avi,drumming,drumming,"['drumming', 'mixing', 'playingtabla', 'swing', 'taichi']",True,True
v_Drumming_g02_c01.avi,drumming,drumming,"['drumming', 'mixing', 'playingtabla', 'taichi', 'swing']",True,True
v_Drumming_g02_c02.avi,drumming,drumming,"['drumming', 'mixing', 'playingtabla', 'taichi', 'swing']",True,True
v_Drumming_g02_c03.avi,drumming,drumming,"['drumming', 'mixing', 'playingtabla', 'taichi', 'swing']",True,True
v_Fencing_g01_c01.avi,fencing,fencing,"['fencing', 'floorgymnastics', 'moppingfloor', 'longjump', 'highjump']",True,True
v_Fencing_g01_c02.avi,fencing,fencing,"['fencing', 'floorgymnastics', 'cricketshot', 'tennisswing', 'hammerthrow']",True,True
v_Fencing_g01_c03.avi,fencing,fencing,"['fencing', 'cricketshot', 'cricketbowling', 'tennisswing', 'hammerthrow']",True,True
v_Fencing_g01_c04.avi,fencing,fencing,"['fencing', 'cricketshot', 'tennisswing', 'cricketbowling', 'floorgymnastics']",True,True
v_Fencing_g01_c05.avi,fencing,fencing,"['fencing', 'cricketshot', 'cricketbowling', 'tennisswing', 'hammerthrow']",True,True
v_Fencing_g01_c06.avi,fencing,fencing,"['fencing', 'cricketshot', 'cricketbowling', 'hammerthrow', 'tennisswing']",True,True
v_Fencing_g02_c01.avi,fencing,fencing,"['fencing', 'floorgymnastics', 'highjump', 'parallelbars', 'tabletennisshot']",True,True
v_Fencing_g02_c02.avi,fencing,fencing,"['fencing', 'punch', 'floorgymnastics', 'highjump', 'boxingspeedbag']",True,True
v_Fencing_g02_c03.avi,fencing,fencing,"['fencing', 'icedancing', 'highjump', 'floorgymnastics', 'jumpingjack']",True,True
v_Fencing_g02_c04.avi,fencing,fencing,"['fencing', 'floorgymnastics', 'icedancing', 'highjump', 'tennisswing']",True,True
v_FieldHockeyPenalty_g01_c01.avi,fieldhockeypenalty,fieldhockeypenalty,"['fieldhockeypenalty', 'soccerpenalty', 'jugglingballs', 'soccerjuggling', 'tennisswing']",True,True
v_FieldHockeyPenalty_g01_c02.avi,fieldhockeypenalty,fieldhockeypenalty,"['fieldhockeypenalty', 'soccerpenalty', 'soccerjuggling', 'hammerthrow', 'jugglingballs']",True,True
v_FieldHockeyPenalty_g01_c03.avi,fieldhockeypenalty,fieldhockeypenalty,"['fieldhockeypenalty', 'soccerpenalty', 'soccerjuggling', 'tennisswing', 'jugglingballs']",True,True
v_FieldHockeyPenalty_g01_c04.avi,fieldhockeypenalty,fieldhockeypenalty,"['fieldhockeypenalty', 'soccerpenalty', 'soccerjuggling', 'hammerthrow', 'jugglingballs']",True,True
v_FieldHockeyPenalty_g01_c05.avi,fieldhockeypenalty,fieldhockeypenalty,"['fieldhockeypenalty', 'soccerpenalty', 'jugglingballs', 'soccerjuggling', 'playingdhol']",True,True
v_FieldHockeyPenalty_g02_c01.avi,fieldhockeypenalty,fieldhockeypenalty,"['fieldhockeypenalty', 'longjump', 'volleyballspiking', 'soccerpenalty', 'highjump']",True,True
v_FieldHockeyPenalty_g02_c02.avi,fieldhockeypenalty,fieldhockeypenalty,"['fieldhockeypenalty', 'volleyballspiking', 'longjump', 'highjump', 'soccerpenalty']",True,True
v_FieldHockeyPenalty_g02_c03.avi,fieldhockeypenalty,fieldhockeypenalty,"['fieldhockeypenalty', 'volleyballspiking', 'longjump', 'highjump', 'soccerpenalty']",True,True
v_FieldHockeyPenalty_g02_c04.avi,fieldhockeypenalty,fieldhockeypenalty,"['fieldhockeypenalty', 'volleyballspiking', 'longjump', 'soccerpenalty', 'highjump']",True,True
v_FieldHockeyPenalty_g02_c05.avi,fieldhockeypenalty,fieldhockeypenalty,"['fieldhockeypenalty', 'longjump', 'volleyballspiking', 'soccerpenalty', 'highjump']",True,True
v_FloorGymnastics_g01_c01.avi,floorgymnastics,floorgymnastics,"['floorgymnastics', 'highjump', 'tennisswing', 'longjump', 'balancebeam']",True,True
v_FloorGymnastics_g01_c02.avi,floorgymnastics,floorgymnastics,"['floorgymnastics', 'balancebeam', 'highjump', 'longjump', 'handstandwalking']",True,True
v_FloorGymnastics_g01_c03.avi,floorgymnastics,floorgymnastics,"['floorgymnastics', 'longjump', 'highjump', 'tennisswing', 'balancebeam']",True,True
v_FloorGymnastics_g01_c04.avi,floorgymnastics,floorgymnastics,"['floorgymnastics', 'highjump', 'balancebeam', 'longjump', 'handstandwalking']",True,True
v_FloorGymnastics_g01_c05.avi,floorgymnastics,floorgymnastics,"['floorgymnastics', 'highjump', 'tennisswing', 'longjump', 'balancebeam']",True,True
v_FloorGymnastics_g02_c01.avi,floorgymnastics,floorgymnastics,"['floorgymnastics', 'longjump', 'highjump', 'balancebeam', 'polevault']",True,True
v_FloorGymnastics_g02_c02.avi,floorgymnastics,floorgymnastics,"['floorgymnastics', 'highjump', 'longjump', 'balancebeam', 'icedancing']",True,True
v_FloorGymnastics_g02_c03.avi,floorgymnastics,floorgymnastics,"['floorgymnastics', 'longjump', 'balancebeam', 'highjump', 'icedancing']",True,True
v_FloorGymnastics_g02_c04.avi,floorgymnastics,floorgymnastics,"['floorgymnastics', 'balancebeam', 'highjump', 'longjump', 'polevault']",True,True
v_FloorGymnastics_g03_c01.avi,floorgymnastics,floorgymnastics,"['floorgymnastics', 'highjump', 'balancebeam', 'longjump', 'handstandwalking']",True,True
v_FrisbeeCatch_g01_c01.avi,frisbeecatch,longjump,"['longjump', 'throwdiscus', 'shotput', 'soccerpenalty', 'hammerthrow']",False,False
v_FrisbeeCatch_g01_c02.avi,frisbeecatch,soccerpenalty,"['soccerpenalty', 'throwdiscus', 'longjump', 'fieldhockeypenalty', 'frisbeecatch']",False,True
v_FrisbeeCatch_g01_c03.avi,frisbeecatch,throwdiscus,"['throwdiscus', 'frisbeecatch', 'cricketshot', 'hammerthrow', 'longjump']",False,True
v_FrisbeeCatch_g01_c04.avi,frisbeecatch,longjump,"['longjump', 'frisbeecatch', 'throwdiscus', 'soccerpenalty', 'cricketshot']",False,True
v_FrisbeeCatch_g01_c05.avi,frisbeecatch,throwdiscus,"['throwdiscus', 'shotput', 'hammerthrow', 'frisbeecatch', 'fieldhockeypenalty']",False,True
v_FrisbeeCatch_g01_c06.avi,frisbeecatch,throwdiscus,"['throwdiscus', 'shotput', 'javelinthrow', 'hammerthrow', 'frisbeecatch']",False,True
v_FrisbeeCatch_g02_c01.avi,frisbeecatch,fieldhockeypenalty,"['fieldhockeypenalty', 'cricketshot', 'soccerpenalty', 'cricketbowling', 'frisbeecatch']",False,True
v_FrisbeeCatch_g02_c02.avi,frisbeecatch,fieldhockeypenalty,"['fieldhockeypenalty', 'soccerpenalty', 'cricketshot', 'soccerjuggling', 'frisbeecatch']",False,True
v_FrisbeeCatch_g02_c03.avi,frisbeecatch,fieldhockeypenalty,"['fieldhockeypenalty', 'soccerpenalty', 'soccerjuggling', 'throwdiscus', 'frisbeecatch']",False,True
v_FrisbeeCatch_g02_c04.avi,frisbeecatch,golfswing,"['golfswing', 'longjump', 'cricketshot', 'frisbeecatch', 'fieldhockeypenalty']",False,True
v_FrontCrawl_g01_c01.avi,frontcrawl,breaststroke,"['breaststroke', 'frontcrawl', 'diving', 'balancebeam', 'cliffdiving']",False,True
v_FrontCrawl_g01_c02.avi,frontcrawl,frontcrawl,"['frontcrawl', 'breaststroke', 'diving', 'balancebeam', 'highjump']",True,True
v_FrontCrawl_g01_c03.avi,frontcrawl,breaststroke,"['breaststroke', 'frontcrawl', 'diving', 'balancebeam', 'shotput']",False,True
v_FrontCrawl_g01_c04.avi,frontcrawl,breaststroke,"['breaststroke', 'frontcrawl', 'diving', 'balancebeam', 'cliffdiving']",False,True
v_FrontCrawl_g02_c01.avi,frontcrawl,frontcrawl,"['frontcrawl', 'breaststroke', 'diving', 'cliffdiving', 'balancebeam']",True,True
v_FrontCrawl_g02_c02.avi,frontcrawl,frontcrawl,"['frontcrawl', 'breaststroke', 'diving', 'cliffdiving', 'balancebeam']",True,True
v_FrontCrawl_g02_c03.avi,frontcrawl,frontcrawl,"['frontcrawl', 'breaststroke', 'diving', 'rafting', 'balancebeam']",True,True
v_FrontCrawl_g02_c04.avi,frontcrawl,frontcrawl,"['frontcrawl', 'breaststroke', 'diving', 'rafting', 'cliffdiving']",True,True
v_FrontCrawl_g03_c01.avi,frontcrawl,breaststroke,"['breaststroke', 'frontcrawl', 'diving', 'balancebeam', 'shotput']",False,True
v_FrontCrawl_g03_c02.avi,frontcrawl,breaststroke,"['breaststroke', 'frontcrawl', 'diving', 'balancebeam', 'shotput']",False,True
v_GolfSwing_g01_c01.avi,golfswing,golfswing,"['golfswing', 'swing', 'hammerthrow', 'tennisswing', 'archery']",True,True
v_GolfSwing_g01_c02.avi,golfswing,golfswing,"['golfswing', 'swing', 'tennisswing', 'hammerthrow', 'javelinthrow']",True,True
v_GolfSwing_g01_c03.avi,golfswing,golfswing,"['golfswing', 'swing', 'hammerthrow', 'tennisswing', 'archery']",True,True
v_GolfSwing_g01_c04.avi,golfswing,golfswing,"['golfswing', 'swing', 'hammerthrow', 'cricketshot', 'tennisswing']",True,True
v_GolfSwing_g01_c05.avi,golfswing,golfswing,"['golfswing', 'swing', 'tennisswing', 'hammerthrow', 'taichi']",True,True
v_GolfSwing_g01_c06.avi,golfswing,golfswing,"['golfswing', 'swing', 'hammerthrow', 'tennisswing', 'archery']",True,True
v_GolfSwing_g02_c01.avi,golfswing,highjump,"['highjump', 'golfswing', 'longjump', 'handstandwalking', 'trampolinejumping']",False,True
v_GolfSwing_g02_c02.avi,golfswing,golfswing,"['golfswing', 'frisbeecatch', 'cricketshot', 'hulahoop', 'yoyo']",True,True
v_GolfSwing_g02_c03.avi,golfswing,frisbeecatch,"['frisbeecatch', 'cricketshot', 'golfswing', 'hulahoop', 'soccerjuggling']",False,True
v_GolfSwing_g02_c04.avi,golfswing,golfswing,"['golfswing', 'frisbeecatch', 'hulahoop', 'cricketshot', 'tennisswing']",True,True
v_Haircut_g01_c01.avi,haircut,haircut,"['haircut', 'blowdryhair', 'headmassage', 'cuttinginkitchen', 'applyeyemakeup']",True,True
v_Haircut_g01_c02.avi,haircut,haircut,"['haircut', 'blowdryhair', 'headmassage', 'cuttinginkitchen', 'shavingbeard']",True,True
v_Haircut_g01_c03.avi,haircut,blowdryhair,"['blowdryhair', 'haircut', 'headmassage', 'benchpress', 'knitting']",False,True
v_Haircut_g01_c04.avi,haircut,blowdryhair,"['blowdryhair', 'haircut', 'cuttinginkitchen', 'headmassage', 'brushingteeth']",False,True
v_Haircut_g02_c01.avi,haircut,blowdryhair,"['blowdryhair', 'headmassage', 'haircut', 'shavingbeard', 'brushingteeth']",False,True
v_Haircut_g02_c02.avi,haircut,headmassage,"['headmassage', 'haircut', 'blowdryhair', 'knitting', 'benchpress']",False,True
v_Haircut_g02_c03.avi,haircut,headmassage,"['headmassage', 'blowdryhair', 'haircut', 'benchpress', 'shavingbeard']",False,True
v_Haircut_g02_c04.avi,haircut,headmassage,"['headmassage', 'haircut', 'blowdryhair', 'benchpress', 'pommelhorse']",False,True
v_Haircut_g03_c01.avi,haircut,blowdryhair,"['blowdryhair', 'haircut', 'headmassage', 'pommelhorse', 'cuttinginkitchen']",False,True
v_Haircut_g03_c02.avi,haircut,haircut,"['haircut', 'blowdryhair', 'headmassage', 'knitting', 'cuttinginkitchen']",True,True
v_Hammering_g01_c01.avi,hammering,babycrawling,"['babycrawling', 'brushingteeth', 'haircut', 'balancebeam', 'nunchucks']",False,False
v_Hammering_g01_c02.avi,hammering,haircut,"['haircut', 'babycrawling', 'brushingteeth', 'blowdryhair', 'shavingbeard']",False,False
v_Hammering_g01_c03.avi,hammering,babycrawling,"['babycrawling', 'haircut', 'brushingteeth', 'taichi', 'nunchucks']",False,False
v_Hammering_g01_c04.avi,hammering,babycrawling,"['babycrawling', 'rockclimbingindoor', 'wallpushups', 'pushups', 'hammering']",False,True
v_Hammering_g02_c01.avi,hammering,blowingcandles,"['blowingcandles', 'balancebeam', 'babycrawling', 'hammering', 'knitting']",False,True
v_Hammering_g02_c02.avi,hammering,blowingcandles,"['blowingcandles', 'babycrawling', 'balancebeam', 'pizzatossing', 'brushingteeth']",False,False
v_Hammering_g02_c03.avi,hammering,blowingcandles,"['blowingcandles', 'babycrawling', 'balancebeam', 'haircut', 'pizzatossing']",False,False
v_Hammering_g02_c04.avi,hammering,blowingcandles,"['blowingcandles', 'babycrawling', 'pizzatossing', 'balancebeam', 'haircut']",False,False
v_Hammering_g03_c01.avi,hammering,babycrawling,"['babycrawling', 'moppingfloor', 'hammering', 'balancebeam', 'cuttinginkitchen']",False,True
v_Hammering_g03_c02.avi,hammering,babycrawling,"['babycrawling', 'moppingfloor', 'balancebeam', 'hammering', 'rowing']",False,True
v_HammerThrow_g01_c01.avi,hammerthrow,longjump,"['longjump', 'throwdiscus', 'shotput', 'highjump', 'polevault']",False,False
v_HammerThrow_g01_c02.avi,hammerthrow,fencing,"['fencing', 'hammerthrow', 'baseballpitch', 'swing', 'trampolinejumping']",False,True
v_HammerThrow_g01_c03.avi,hammerthrow,skateboarding,"['skateboarding', 'trampolinejumping', 'fencing', 'baseballpitch', 'longjump']",False,False
v_HammerThrow_g01_c04.avi,hammerthrow,longjump,"['longjump', 'shotput', 'throwdiscus', 'hammerthrow', 'polevault']",False,True
v_HammerThrow_g01_c05.avi,hammerthrow,longjump,"['longjump', 'shotput', 'throwdiscus', 'hammerthrow', 'polevault']",False,True
v_HammerThrow_g01_c06.avi,hammerthrow,swing,"['swing', 'baseballpitch', 'hammerthrow', 'throwdiscus', 'shotput']",False,True
v_HammerThrow_g02_c01.avi,hammerthrow,longjump,"['longjump', 'shotput', 'hammerthrow', 'highjump', 'throwdiscus']",False,True
v_HammerThrow_g02_c02.avi,hammerthrow,shotput,"['shotput', 'longjump', 'hammerthrow', 'polevault', 'throwdiscus']",False,True
v_HammerThrow_g02_c03.avi,hammerthrow,shotput,"['shotput', 'longjump', 'hammerthrow', 'throwdiscus', 'highjump']",False,True
v_HammerThrow_g02_c04.avi,hammerthrow,shotput,"['shotput', 'hammerthrow', 'polevault', 'longjump', 'throwdiscus']",False,True
v_HandStandPushups_g01_c01.avi,handstandpushups,handstandpushups,"['handstandpushups', 'pushups', 'wallpushups', 'handstandwalking', 'pullups']",True,True
v_HandStandPushups_g01_c02.avi,handstandpushups,handstandpushups,"['handstandpushups', 'pushups', 'wallpushups', 'handstandwalking', 'pullups']",True,True
v_HandStandPushups_g01_c03.avi,handstandpushups,handstandpushups,"['handstandpushups', 'wallpushups', 'pushups', 'handstandwalking', 'pullups']",True,True
v_HandStandPushups_g01_c04.avi,handstandpushups,handstandpushups,"['handstandpushups', 'wallpushups', 'pushups', 'handstandwalking', 'pullups']",True,True
v_HandStandPushups_g02_c01.avi,handstandpushups,handstandwalking,"['handstandwalking', 'handstandpushups', 'pushups', 'swing', 'jumprope']",False,True
v_HandStandPushups_g02_c02.avi,handstandpushups,handstandwalking,"['handstandwalking', 'handstandpushups', 'pushups', 'swing', 'jumprope']",False,True
v_HandStandPushups_g02_c03.avi,handstandpushups,handstandwalking,"['handstandwalking', 'handstandpushups', 'pushups', 'swing', 'lunges']",False,True
v_HandStandPushups_g02_c04.avi,handstandpushups,handstandpushups,"['handstandpushups', 'handstandwalking', 'pushups', 'swing', 'wallpushups']",True,True
v_HandStandPushups_g03_c01.avi,handstandpushups,handstandpushups,"['handstandpushups', 'handstandwalking', 'wallpushups', 'floorgymnastics', 'pushups']",True,True
v_HandStandPushups_g03_c02.avi,handstandpushups,handstandpushups,"['handstandpushups', 'handstandwalking', 'floorgymnastics', 'wallpushups', 'pushups']",True,True
v_HandstandWalking_g01_c01.avi,handstandwalking,handstandpushups,"['handstandpushups', 'pushups', 'wallpushups', 'babycrawling', 'handstandwalking']",False,True
v_HandstandWalking_g01_c02.avi,handstandwalking,babycrawling,"['babycrawling', 'handstandpushups', 'pushups', 'wallpushups', 'handstandwalking']",False,True
v_HandstandWalking_g01_c03.avi,handstandwalking,babycrawling,"['babycrawling', 'handstandpushups', 'pushups', 'benchpress', 'wallpushups']",False,False
v_HandstandWalking_g01_c04.avi,handstandwalking,handstandpushups,"['handstandpushups', 'wallpushups', 'pushups', 'handstandwalking', 'pullups']",False,True
v_HandstandWalking_g02_c01.avi,handstandwalking,balancebeam,"['balancebeam', 'rockclimbingindoor', 'highjump', 'hulahoop', 'jugglingballs']",False,False
v_HandstandWalking_g02_c02.avi,handstandwalking,balancebeam,"['balancebeam', 'highjump', 'floorgymnastics', 'hulahoop', 'trampolinejumping']",False,False
v_HandstandWalking_g02_c03.avi,handstandwalking,balancebeam,"['balancebeam', 'hulahoop', 'highjump', 'wallpushups', 'rockclimbingindoor']",False,False
v_HandstandWalking_g02_c04.avi,handstandwalking,balancebeam,"['balancebeam', 'hulahoop', 'handstandpushups', 'highjump', 'wallpushups']",False,False
v_HandstandWalking_g03_c01.avi,handstandwalking,handstandwalking,"['handstandwalking', 'handstandpushups', 'pushups', 'wallpushups', 'pullups']",True,True
v_HandstandWalking_g03_c02.avi,handstandwalking,handstandwalking,"['handstandwalking', 'handstandpushups', 'pushups', 'wallpushups', 'pullups']",True,True
v_HeadMassage_g01_c01.avi,headmassage,haircut,"['haircut', 'blowdryhair', 'headmassage', 'shavingbeard', 'salsaspin']",False,True
v_HeadMassage_g01_c02.avi,headmassage,haircut,"['haircut', 'headmassage', 'blowdryhair', 'salsaspin', 'shavingbeard']",False,True
v_HeadMassage_g01_c03.avi,headmassage,haircut,"['haircut', 'blowdryhair', 'headmassage', 'shavingbeard', 'salsaspin']",False,True
v_HeadMassage_g01_c04.avi,headmassage,haircut,"['haircut', 'blowdryhair', 'headmassage', 'blowingcandles', 'salsaspin']",False,True
v_HeadMassage_g01_c05.avi,headmassage,haircut,"['haircut', 'headmassage', 'blowdryhair', 'blowingcandles', 'salsaspin']",False,True
v_HeadMassage_g02_c01.avi,headmassage,headmassage,"['headmassage', 'haircut', 'blowdryhair', 'shavingbeard', 'cuttinginkitchen']",True,True
v_HeadMassage_g02_c02.avi,headmassage,headmassage,"['headmassage', 'haircut', 'cuttinginkitchen', 'typing', 'playingdhol']",True,True
v_HeadMassage_g02_c03.avi,headmassage,haircut,"['haircut', 'headmassage', 'playingdhol', 'cuttinginkitchen', 'playingsitar']",False,True
v_HeadMassage_g02_c04.avi,headmassage,headmassage,"['headmassage', 'haircut', 'shavingbeard', 'playingdhol', 'playingsitar']",True,True
v_HeadMassage_g02_c05.avi,headmassage,haircut,"['haircut', 'headmassage', 'shavingbeard', 'blowdryhair', 'cuttinginkitchen']",False,True
v_HighJump_g01_c01.avi,highjump,trampolinejumping,"['trampolinejumping', 'floorgymnastics', 'highjump', 'longjump', 'boxingspeedbag']",False,True
v_HighJump_g01_c02.avi,highjump,highjump,"['highjump', 'longjump', 'floorgymnastics', 'trampolinejumping', 'basketballdunk']",True,True
v_HighJump_g01_c03.avi,highjump,boxingspeedbag,"['boxingspeedbag', 'highjump', 'longjump', 'basketballdunk', 'trampolinejumping']",False,True
v_HighJump_g01_c04.avi,highjump,basketballdunk,"['basketballdunk', 'highjump', 'longjump', 'bowling', 'basketball']",False,True
v_HighJump_g01_c05.avi,highjump,highjump,"['highjump', 'cleanandjerk', 'boxingspeedbag', 'longjump', 'trampolinejumping']",True,True
v_HighJump_g02_c01.avi,highjump,longjump,"['longjump', 'highjump', 'shotput', 'trampolinejumping', 'polevault']",False,True
v_HighJump_g02_c02.avi,highjump,longjump,"['longjump', 'polevault', 'shotput', 'highjump', 'javelinthrow']",False,True
v_HighJump_g02_c03.avi,highjump,longjump,"['longjump', 'shotput', 'highjump', 'throwdiscus', 'polevault']",False,True
v_HighJump_g02_c04.avi,highjump,longjump,"['longjump', 'highjump', 'shotput', 'balancebeam', 'polevault']",False,True
v_HighJump_g02_c05.avi,highjump,longjump,"['longjump', 'highjump', 'shotput', 'polevault', 'throwdiscus']",False,True
v_HorseRace_g01_c01.avi,horserace,horserace,"['horserace', 'horseriding', 'longjump', 'highjump', 'jumpingjack']",True,True
v_HorseRace_g01_c02.avi,horserace,horserace,"['horserace', 'longjump', 'highjump', 'horseriding', 'jumpingjack']",True,True
v_HorseRace_g01_c03.avi,horserace,horserace,"['horserace', 'horseriding', 'highjump', 'jumpingjack', 'longjump']",True,True
v_HorseRace_g01_c04.avi,horserace,horserace,"['horserace', 'horseriding', 'longjump', 'highjump', 'jumpingjack']",True,True
v_HorseRace_g02_c01.avi,horserace,horserace,"['horserace', 'horseriding', 'highjump', 'longjump', 'jumpingjack']",True,True
v_HorseRace_g02_c02.avi,horserace,horserace,"['horserace', 'horseriding', 'longjump', 'highjump', 'jumpingjack']",True,True
v_HorseRace_g02_c03.avi,horserace,horserace,"['horserace', 'horseriding', 'jumpingjack', 'highjump', 'longjump']",True,True
v_HorseRace_g02_c04.avi,horserace,horserace,"['horserace', 'jumpingjack', 'horseriding', 'highjump', 'longjump']",True,True
v_HorseRace_g03_c01.avi,horserace,horserace,"['horserace', 'horseriding', 'longjump', 'jumpingjack', 'skijet']",True,True
v_HorseRace_g03_c02.avi,horserace,horserace,"['horserace', 'horseriding', 'longjump', 'jumpingjack', 'skijet']",True,True
v_HorseRiding_g01_c01.avi,horseriding,horseriding,"['horseriding', 'horserace', 'highjump', 'jumpingjack', 'longjump']",True,True
v_HorseRiding_g01_c02.avi,horseriding,horseriding,"['horseriding', 'horserace', 'highjump', 'longjump', 'jumpingjack']",True,True
v_HorseRiding_g01_c03.avi,horseriding,horseriding,"['horseriding', 'horserace', 'highjump', 'jumpingjack', 'longjump']",True,True
v_HorseRiding_g01_c04.avi,horseriding,horseriding,"['horseriding', 'horserace', 'longjump', 'highjump', 'jumpingjack']",True,True
v_HorseRiding_g01_c05.avi,horseriding,horseriding,"['horseriding', 'horserace', 'highjump', 'longjump', 'jumpingjack']",True,True
v_HorseRiding_g01_c06.avi,horseriding,horseriding,"['horseriding', 'horserace', 'highjump', 'longjump', 'jumpingjack']",True,True
v_HorseRiding_g01_c07.avi,horseriding,horseriding,"['horseriding', 'horserace', 'highjump', 'jumpingjack', 'longjump']",True,True
v_HorseRiding_g02_c01.avi,horseriding,horseriding,"['horseriding', 'horserace', 'jumpingjack', 'highjump', 'longjump']",True,True
v_HorseRiding_g02_c02.avi,horseriding,horseriding,"['horseriding', 'horserace', 'jumpingjack', 'highjump', 'longjump']",True,True
v_HorseRiding_g02_c03.avi,horseriding,horseriding,"['horseriding', 'horserace', 'jumpingjack', 'highjump', 'longjump']",True,True
v_HulaHoop_g01_c01.avi,hulahoop,hulahoop,"['hulahoop', 'swing', 'yoyo', 'jumprope', 'floorgymnastics']",True,True
v_HulaHoop_g01_c02.avi,hulahoop,hulahoop,"['hulahoop', 'swing', 'floorgymnastics', 'highjump', 'tennisswing']",True,True
v_HulaHoop_g01_c03.avi,hulahoop,hulahoop,"['hulahoop', 'swing', 'jumprope', 'yoyo', 'tennisswing']",True,True
v_HulaHoop_g01_c04.avi,hulahoop,hulahoop,"['hulahoop', 'swing', 'tennisswing', 'jumprope', 'yoyo']",True,True
v_HulaHoop_g01_c05.avi,hulahoop,hulahoop,"['hulahoop', 'tennisswing', 'swing', 'floorgymnastics', 'jumprope']",True,True
v_HulaHoop_g01_c06.avi,hulahoop,hulahoop,"['hulahoop', 'tennisswing', 'swing', 'trampolinejumping', 'yoyo']",True,True
v_HulaHoop_g01_c07.avi,hulahoop,hulahoop,"['hulahoop', 'swing', 'jumprope', 'yoyo', 'tennisswing']",True,True
v_HulaHoop_g02_c01.avi,hulahoop,hulahoop,"['hulahoop', 'yoyo', 'jumprope', 'frisbeecatch', 'floorgymnastics']",True,True
v_HulaHoop_g02_c02.avi,hulahoop,hulahoop,"['hulahoop', 'yoyo', 'frisbeecatch', 'jumprope', 'soccerjuggling']",True,True
v_HulaHoop_g02_c03.avi,hulahoop,hulahoop,"['hulahoop', 'yoyo', 'jumprope', 'frisbeecatch', 'nunchucks']",True,True
v_IceDancing_g01_c01.avi,icedancing,icedancing,"['icedancing', 'floorgymnastics', 'balancebeam', 'highjump', 'salsaspin']",True,True
v_IceDancing_g01_c02.avi,icedancing,icedancing,"['icedancing', 'balancebeam', 'floorgymnastics', 'highjump', 'salsaspin']",True,True
v_IceDancing_g01_c03.avi,icedancing,icedancing,"['icedancing', 'floorgymnastics', 'balancebeam', 'highjump', 'jumpingjack']",True,True
v_IceDancing_g01_c04.avi,icedancing,icedancing,"['icedancing', 'balancebeam', 'floorgymnastics', 'highjump', 'bowling']",True,True
v_IceDancing_g01_c05.avi,icedancing,icedancing,"['icedancing', 'balancebeam', 'floorgymnastics', 'highjump', 'shotput']",True,True
v_IceDancing_g01_c06.avi,icedancing,icedancing,"['icedancing', 'floorgymnastics', 'balancebeam', 'highjump', 'jumpingjack']",True,True
v_IceDancing_g01_c07.avi,icedancing,icedancing,"['icedancing', 'floorgymnastics', 'balancebeam', 'highjump', 'jumpingjack']",True,True
v_IceDancing_g02_c01.avi,icedancing,icedancing,"['icedancing', 'balancebeam', 'floorgymnastics', 'highjump', 'taichi']",True,True
v_IceDancing_g02_c02.avi,icedancing,icedancing,"['icedancing', 'floorgymnastics', 'balancebeam', 'highjump', 'taichi']",True,True
v_IceDancing_g02_c03.avi,icedancing,icedancing,"['icedancing', 'floorgymnastics', 'balancebeam', 'highjump', 'taichi']",True,True
v_JavelinThrow_g01_c01.avi,javelinthrow,longjump,"['longjump', 'polevault', 'throwdiscus', 'hammerthrow', 'highjump']",False,False
v_JavelinThrow_g01_c02.avi,javelinthrow,longjump,"['longjump', 'polevault', 'throwdiscus', 'hammerthrow', 'shotput']",False,False
v_JavelinThrow_g01_c03.avi,javelinthrow,longjump,"['longjump', 'polevault', 'throwdiscus', 'hammerthrow', 'shotput']",False,False
v_JavelinThrow_g01_c04.avi,javelinthrow,longjump,"['longjump', 'polevault', 'throwdiscus', 'highjump', 'hammerthrow']",False,False
v_JavelinThrow_g02_c01.avi,javelinthrow,baseballpitch,"['baseballpitch', 'fieldhockeypenalty', 'soccerpenalty', 'cricketshot', 'throwdiscus']",False,False
v_JavelinThrow_g02_c02.avi,javelinthrow,fieldhockeypenalty,"['fieldhockeypenalty', 'soccerpenalty', 'baseballpitch', 'cricketshot', 'cricketbowling']",False,False
v_JavelinThrow_g02_c03.avi,javelinthrow,longjump,"['longjump', 'shotput', 'highjump', 'throwdiscus', 'hammerthrow']",False,False
v_JavelinThrow_g02_c04.avi,javelinthrow,longjump,"['longjump', 'throwdiscus', 'shotput', 'fieldhockeypenalty', 'highjump']",False,False
v_JavelinThrow_g03_c01.avi,javelinthrow,longjump,"['longjump', 'polevault', 'shotput', 'highjump', 'throwdiscus']",False,False
v_JavelinThrow_g03_c02.avi,javelinthrow,longjump,"['longjump', 'shotput', 'hammerthrow', 'throwdiscus', 'highjump']",False,False
v_JugglingBalls_g01_c01.avi,jugglingballs,soccerjuggling,"['soccerjuggling', 'jugglingballs', 'frisbeecatch', 'yoyo', 'hulahoop']",False,True
v_JugglingBalls_g01_c02.avi,jugglingballs,soccerjuggling,"['soccerjuggling', 'jugglingballs', 'frisbeecatch', 'yoyo', 'hulahoop']",False,True
v_JugglingBalls_g01_c03.avi,jugglingballs,soccerjuggling,"['soccerjuggling', 'jugglingballs', 'frisbeecatch', 'yoyo', 'hulahoop']",False,True
v_JugglingBalls_g01_c04.avi,jugglingballs,soccerjuggling,"['soccerjuggling', 'jugglingballs', 'frisbeecatch', 'yoyo', 'hulahoop']",False,True
v_JugglingBalls_g02_c01.avi,jugglingballs,soccerjuggling,"['soccerjuggling', 'yoyo', 'jugglingballs', 'balancebeam', 'frisbeecatch']",False,True
v_JugglingBalls_g02_c02.avi,jugglingballs,soccerjuggling,"['soccerjuggling', 'jugglingballs', 'yoyo', 'frisbeecatch', 'balancebeam']",False,True
v_JugglingBalls_g02_c03.avi,jugglingballs,soccerjuggling,"['soccerjuggling', 'yoyo', 'jugglingballs', 'frisbeecatch', 'balancebeam']",False,True
v_JugglingBalls_g02_c04.avi,jugglingballs,soccerjuggling,"['soccerjuggling', 'jugglingballs', 'yoyo', 'frisbeecatch', 'tabletennisshot']",False,True
v_JugglingBalls_g02_c05.avi,jugglingballs,soccerjuggling,"['soccerjuggling', 'yoyo', 'jugglingballs', 'frisbeecatch', 'balancebeam']",False,True
v_JugglingBalls_g02_c06.avi,jugglingballs,soccerjuggling,"['soccerjuggling', 'jugglingballs', 'yoyo', 'frisbeecatch', 'bowling']",False,True
v_JumpingJack_g01_c01.avi,jumpingjack,lunges,"['lunges', 'handstandwalking', 'bodyweightsquats', 'balancebeam', 'handstandpushups']",False,False
v_JumpingJack_g01_c02.avi,jumpingjack,lunges,"['lunges', 'handstandwalking', 'balancebeam', 'bodyweightsquats', 'hulahoop']",False,False
v_JumpingJack_g01_c03.avi,jumpingjack,lunges,"['lunges', 'handstandwalking', 'balancebeam', 'bodyweightsquats', 'handstandpushups']",False,False
v_JumpingJack_g01_c04.avi,jumpingjack,lunges,"['lunges', 'handstandwalking', 'bodyweightsquats', 'hulahoop', 'balancebeam']",False,False
v_JumpingJack_g01_c05.avi,jumpingjack,lunges,"['lunges', 'handstandwalking', 'bodyweightsquats', 'balancebeam', 'hulahoop']",False,False
v_JumpingJack_g01_c06.avi,jumpingjack,lunges,"['lunges', 'handstandwalking', 'balancebeam', 'bodyweightsquats', 'hulahoop']",False,False
v_JumpingJack_g01_c07.avi,jumpingjack,lunges,"['lunges', 'handstandwalking', 'bodyweightsquats', 'balancebeam', 'hulahoop']",False,False
v_JumpingJack_g02_c01.avi,jumpingjack,bodyweightsquats,"['bodyweightsquats', 'nunchucks', 'benchpress', 'pullups', 'lunges']",False,False
v_JumpingJack_g02_c02.avi,jumpingjack,bodyweightsquats,"['bodyweightsquats', 'nunchucks', 'benchpress', 'pullups', 'jumprope']",False,False
v_JumpingJack_g02_c03.avi,jumpingjack,bodyweightsquats,"['bodyweightsquats', 'benchpress', 'pullups', 'nunchucks', 'jumprope']",False,False
v_JumpRope_g01_c01.avi,jumprope,taichi,"['taichi', 'soccerjuggling', 'swing', 'yoyo', 'jumprope']",False,True
v_JumpRope_g01_c02.avi,jumprope,taichi,"['taichi', 'soccerjuggling', 'swing', 'yoyo', 'jumprope']",False,True
v_JumpRope_g01_c03.avi,jumprope,soccerjuggling,"['soccerjuggling', 'taichi', 'jumprope', 'jugglingballs', 'yoyo']",False,True
v_JumpRope_g01_c04.avi,jumprope,taichi,"['taichi', 'soccerjuggling', 'jumprope', 'swing', 'jugglingballs']",False,True
v_JumpRope_g02_c01.avi,jumprope,soccerjuggling,"['soccerjuggling', 'hulahoop', 'basketballdunk', 'basketball', 'jugglingballs']",False,False
v_JumpRope_g02_c02.avi,jumprope,soccerjuggling,"['soccerjuggling', 'hulahoop', 'basketballdunk', 'jugglingballs', 'basketball']",False,False
v_JumpRope_g02_c03.avi,jumprope,basketballdunk,"['basketballdunk', 'hulahoop', 'soccerjuggling', 'basketball', 'jugglingballs']",False,False
v_JumpRope_g02_c04.avi,jumprope,basketballdunk,"['basketballdunk', 'hulahoop', 'soccerjuggling', 'basketball', 'jugglingballs']",False,False
v_JumpRope_g02_c05.avi,jumprope,basketballdunk,"['basketballdunk', 'soccerjuggling', 'hulahoop', 'basketball', 'jugglingballs']",False,False
v_JumpRope_g02_c06.avi,jumprope,soccerjuggling,"['soccerjuggling', 'hulahoop', 'basketballdunk', 'basketball', 'jugglingballs']",False,False
v_Kayaking_g01_c01.avi,kayaking,kayaking,"['kayaking', 'rafting', 'rowing', 'archery', 'frontcrawl']",True,True
v_Kayaking_g01_c02.avi,kayaking,kayaking,"['kayaking', 'rowing', 'rafting', 'skijet', 'surfing']",True,True
v_Kayaking_g01_c03.avi,kayaking,kayaking,"['kayaking', 'rafting', 'rowing', 'skijet', 'surfing']",True,True
v_Kayaking_g01_c04.avi,kayaking,kayaking,"['kayaking', 'rowing', 'rafting', 'skijet', 'surfing']",True,True
v_Kayaking_g01_c05.avi,kayaking,kayaking,"['kayaking', 'rafting', 'rowing', 'frontcrawl', 'surfing']",True,True
v_Kayaking_g01_c06.avi,kayaking,kayaking,"['kayaking', 'rafting', 'rowing', 'surfing', 'skijet']",True,True
v_Kayaking_g02_c01.avi,kayaking,rafting,"['rafting', 'kayaking', 'diving', 'cliffdiving', 'skijet']",False,True
v_Kayaking_g02_c02.avi,kayaking,rafting,"['rafting', 'kayaking', 'rowing', 'cliffdiving', 'frontcrawl']",False,True
v_Kayaking_g02_c03.avi,kayaking,rafting,"['rafting', 'kayaking', 'cliffdiving', 'frontcrawl', 'diving']",False,True
v_Kayaking_g02_c04.avi,kayaking,rafting,"['rafting', 'kayaking', 'cliffdiving', 'frontcrawl', 'rowing']",False,True
v_Knitting_g01_c01.avi,knitting,knitting,"['knitting', 'hulahoop', 'archery', 'jumprope', 'ropeclimbing']",True,True
v_Knitting_g01_c02.avi,knitting,knitting,"['knitting', 'pommelhorse', 'yoyo', 'archery', 'jumprope']",True,True
v_Knitting_g01_c03.avi,knitting,knitting,"['knitting', 'archery', 'pommelhorse', 'cuttinginkitchen', 'yoyo']",True,True
v_Knitting_g01_c04.avi,knitting,knitting,"['knitting', 'jumprope', 'archery', 'cuttinginkitchen', 'pommelhorse']",True,True
v_Knitting_g02_c01.avi,knitting,knitting,"['knitting', 'brushingteeth', 'hammering', 'blowingcandles', 'nunchucks']",True,True
v_Knitting_g02_c02.avi,knitting,knitting,"['knitting', 'brushingteeth', 'cricketshot', 'hammering', 'nunchucks']",True,True
v_Knitting_g02_c03.avi,knitting,knitting,"['knitting', 'hammering', 'nunchucks', 'brushingteeth', 'blowingcandles']",True,True
v_Knitting_g02_c04.avi,knitting,knitting,"['knitting', 'hammering', 'nunchucks', 'brushingteeth', 'blowingcandles']",True,True
v_Knitting_g02_c05.avi,knitting,knitting,"['knitting', 'nunchucks', 'hammering', 'brushingteeth', 'blowingcandles']",True,True
v_Knitting_g03_c01.avi,knitting,knitting,"['knitting', 'jumprope', 'yoyo', 'brushingteeth', 'hulahoop']",True,True
v_LongJump_g01_c01.avi,longjump,longjump,"['longjump', 'shotput', 'highjump', 'polevault', 'hammerthrow']",True,True
v_LongJump_g01_c02.avi,longjump,longjump,"['longjump', 'shotput', 'highjump', 'hammerthrow', 'throwdiscus']",True,True
v_LongJump_g01_c03.avi,longjump,longjump,"['longjump', 'shotput', 'highjump', 'polevault', 'hammerthrow']",True,True
v_LongJump_g01_c04.avi,longjump,longjump,"['longjump', 'shotput', 'highjump', 'polevault', 'throwdiscus']",True,True
v_LongJump_g01_c05.avi,longjump,longjump,"['longjump', 'shotput', 'highjump', 'polevault', 'throwdiscus']",True,True
v_LongJump_g01_c06.avi,longjump,longjump,"['longjump', 'highjump', 'shotput', 'polevault', 'hammerthrow']",True,True
v_LongJump_g01_c07.avi,longjump,longjump,"['longjump', 'highjump', 'shotput', 'polevault', 'throwdiscus']",True,True
v_LongJump_g02_c01.avi,longjump,longjump,"['longjump', 'throwdiscus', 'shotput', 'highjump', 'hammerthrow']",True,True
v_LongJump_g02_c02.avi,longjump,longjump,"['longjump', 'throwdiscus', 'shotput', 'polevault', 'hammerthrow']",True,True
v_LongJump_g02_c03.avi,longjump,longjump,"['longjump', 'throwdiscus', 'shotput', 'polevault', 'hammerthrow']",True,True
v_Lunges_g01_c01.avi,lunges,bodyweightsquats,"['bodyweightsquats', 'lunges', 'benchpress', 'pullups', 'cleanandjerk']",False,True
v_Lunges_g01_c02.avi,lunges,bodyweightsquats,"['bodyweightsquats', 'benchpress', 'lunges', 'pullups', 'cleanandjerk']",False,True
v_Lunges_g01_c03.avi,lunges,bodyweightsquats,"['bodyweightsquats', 'benchpress', 'lunges', 'handstandwalking', 'pullups']",False,True
v_Lunges_g01_c04.avi,lunges,lunges,"['lunges', 'bodyweightsquats', 'handstandwalking', 'benchpress', 'cleanandjerk']",True,True
v_Lunges_g01_c05.avi,lunges,benchpress,"['benchpress', 'bodyweightsquats', 'lunges', 'handstandwalking', 'pullups']",False,True
v_Lunges_g01_c06.avi,lunges,bodyweightsquats,"['bodyweightsquats', 'boxingspeedbag', 'lunges', 'benchpress', 'cleanandjerk']",False,True
v_Lunges_g01_c07.avi,lunges,bodyweightsquats,"['bodyweightsquats', 'lunges', 'benchpress', 'handstandwalking', 'pullups']",False,True
v_Lunges_g02_c01.avi,lunges,cleanandjerk,"['cleanandjerk', 'benchpress', 'bodyweightsquats', 'pullups', 'lunges']",False,True
v_Lunges_g02_c02.avi,lunges,cleanandjerk,"['cleanandjerk', 'benchpress', 'bodyweightsquats', 'lunges', 'pullups']",False,True
v_Lunges_g02_c03.avi,lunges,cleanandjerk,"['cleanandjerk', 'benchpress', 'bodyweightsquats', 'pullups', 'lunges']",False,True
v_MilitaryParade_g01_c01.avi,militaryparade,militaryparade,"['militaryparade', 'bandmarching', 'pushups', 'punch', 'handstandwalking']",True,True
v_MilitaryParade_g01_c02.avi,militaryparade,militaryparade,"['militaryparade', 'bandmarching', 'punch', 'salsaspin', 'playingdaf']",True,True
v_MilitaryParade_g01_c03.avi,militaryparade,militaryparade,"['militaryparade', 'bandmarching', 'handstandwalking', 'punch', 'playingdaf']",True,True
v_MilitaryParade_g01_c04.avi,militaryparade,militaryparade,"['militaryparade', 'bandmarching', 'pushups', 'punch', 'playingdaf']",True,True
v_MilitaryParade_g01_c05.avi,militaryparade,militaryparade,"['militaryparade', 'bandmarching', 'punch', 'playingdaf', 'handstandwalking']",True,True
v_MilitaryParade_g01_c06.avi,militaryparade,militaryparade,"['militaryparade', 'bandmarching', 'handstandwalking', 'pushups', 'punch']",True,True
v_MilitaryParade_g01_c07.avi,militaryparade,militaryparade,"['militaryparade', 'bandmarching', 'highjump', 'handstandwalking', 'blowingcandles']",True,True
v_MilitaryParade_g02_c01.avi,militaryparade,militaryparade,"['militaryparade', 'bandmarching', 'playingdhol', 'salsaspin', 'unevenbars']",True,True
v_MilitaryParade_g02_c02.avi,militaryparade,militaryparade,"['militaryparade', 'bandmarching', 'playingdhol', 'salsaspin', 'drumming']",True,True
v_MilitaryParade_g02_c03.avi,militaryparade,militaryparade,"['militaryparade', 'playingdhol', 'rafting', 'rowing', 'playingsitar']",True,True
v_Mixing_g01_c01.avi,mixing,cuttinginkitchen,"['cuttinginkitchen', 'mixing', 'pommelhorse', 'unevenbars', 'pizzatossing']",False,True
v_Mixing_g01_c02.avi,mixing,cuttinginkitchen,"['cuttinginkitchen', 'mixing', 'unevenbars', 'punch', 'pizzatossing']",False,True
v_Mixing_g01_c03.avi,mixing,cuttinginkitchen,"['cuttinginkitchen', 'mixing', 'pizzatossing', 'unevenbars', 'punch']",False,True
v_Mixing_g01_c04.avi,mixing,cuttinginkitchen,"['cuttinginkitchen', 'mixing', 'pizzatossing', 'moppingfloor', 'unevenbars']",False,True
v_Mixing_g01_c05.avi,mixing,cuttinginkitchen,"['cuttinginkitchen', 'pizzatossing', 'mixing', 'pommelhorse', 'punch']",False,True
v_Mixing_g01_c06.avi,mixing,cuttinginkitchen,"['cuttinginkitchen', 'mixing', 'pizzatossing', 'pommelhorse', 'punch']",False,True
v_Mixing_g01_c07.avi,mixing,cuttinginkitchen,"['cuttinginkitchen', 'mixing', 'pizzatossing', 'moppingfloor', 'pommelhorse']",False,True
v_Mixing_g02_c01.avi,mixing,cuttinginkitchen,"['cuttinginkitchen', 'pizzatossing', 'mixing', 'pommelhorse', 'yoyo']",False,True
v_Mixing_g02_c02.avi,mixing,cuttinginkitchen,"['cuttinginkitchen', 'pizzatossing', 'mixing', 'balancebeam', 'pommelhorse']",False,True
v_Mixing_g02_c03.avi,mixing,mixing,"['mixing', 'yoyo', 'cricketshot', 'cuttinginkitchen', 'moppingfloor']",True,True
v_MoppingFloor_g01_c01.avi,moppingfloor,babycrawling,"['babycrawling', 'moppingfloor', 'hulahoop', 'handstandwalking', 'yoyo']",False,True
v_MoppingFloor_g01_c02.avi,moppingfloor,babycrawling,"['babycrawling', 'moppingfloor', 'handstandwalking', 'hulahoop', 'yoyo']",False,True
v_MoppingFloor_g01_c03.avi,moppingfloor,moppingfloor,"['moppingfloor', 'babycrawling', 'hulahoop', 'yoyo', 'handstandwalking']",True,True
v_MoppingFloor_g01_c04.avi,moppingfloor,babycrawling,"['babycrawling', 'moppingfloor', 'hulahoop', 'handstandwalking', 'yoyo']",False,True
v_MoppingFloor_g02_c01.avi,moppingfloor,moppingfloor,"['moppingfloor', 'bowling', 'billiards', 'handstandwalking', 'longjump']",True,True
v_MoppingFloor_g02_c02.avi,moppingfloor,moppingfloor,"['moppingfloor', 'bowling', 'billiards', 'handstandwalking', 'longjump']",True,True
v_MoppingFloor_g02_c03.avi,moppingfloor,moppingfloor,"['moppingfloor', 'bowling', 'billiards', 'longjump', 'handstandwalking']",True,True
v_MoppingFloor_g02_c04.avi,moppingfloor,moppingfloor,"['moppingfloor', 'cuttinginkitchen', 'hammering', 'billiards', 'cricketbowling']",True,True
v_MoppingFloor_g02_c05.avi,moppingfloor,moppingfloor,"['moppingfloor', 'bowling', 'longjump', 'cricketbowling', 'handstandwalking']",True,True
v_MoppingFloor_g02_c06.avi,moppingfloor,moppingfloor,"['moppingfloor', 'bowling', 'cricketbowling', 'handstandwalking', 'lunges']",True,True
v_Nunchucks_g01_c01.avi,nunchucks,handstandwalking,"['handstandwalking', 'lunges', 'frisbeecatch', 'hulahoop', 'yoyo']",False,False
v_Nunchucks_g01_c02.avi,nunchucks,lunges,"['lunges', 'frisbeecatch', 'handstandwalking', 'hulahoop', 'yoyo']",False,False
v_Nunchucks_g01_c03.avi,nunchucks,handstandwalking,"['handstandwalking', 'frisbeecatch', 'lunges', 'cricketshot', 'hulahoop']",False,False
v_Nunchucks_g01_c04.avi,nunchucks,lunges,"['lunges', 'frisbeecatch', 'yoyo', 'hulahoop', 'cricketshot']",False,False
v_Nunchucks_g02_c01.avi,nunchucks,handstandwalking,"['handstandwalking', 'lunges', 'archery', 'hulahoop', 'yoyo']",False,False
v_Nunchucks_g02_c02.avi,nunchucks,archery,"['archery', 'jumprope', 'handstandwalking', 'nunchucks', 'hulahoop']",False,True
v_Nunchucks_g02_c03.avi,nunchucks,jumprope,"['jumprope', 'handstandwalking', 'lunges', 'archery', 'blowingcandles']",False,False
v_Nunchucks_g02_c04.avi,nunchucks,hulahoop,"['hulahoop', 'lunges', 'archery', 'handstandwalking', 'jumprope']",False,False
v_Nunchucks_g02_c05.avi,nunchucks,archery,"['archery', 'lunges', 'hulahoop', 'yoyo', 'handstandwalking']",False,False
v_Nunchucks_g02_c06.avi,nunchucks,archery,"['archery', 'hulahoop', 'yoyo', 'lunges', 'jumprope']",False,False
v_ParallelBars_g01_c01.avi,parallelbars,polevault,"['polevault', 'highjump', 'floorgymnastics', 'longjump', 'shotput']",False,False
v_ParallelBars_g01_c02.avi,parallelbars,polevault,"['polevault', 'floorgymnastics', 'highjump', 'longjump', 'shotput']",False,False
v_ParallelBars_g01_c03.avi,parallelbars,floorgymnastics,"['floorgymnastics', 'polevault', 'highjump', 'hulahoop', 'swing']",False,False
v_ParallelBars_g01_c04.avi,parallelbars,polevault,"['polevault', 'floorgymnastics', 'highjump', 'balancebeam', 'trampolinejumping']",False,False
v_ParallelBars_g02_c01.avi,parallelbars,floorgymnastics,"['floorgymnastics', 'polevault', 'highjump', 'balancebeam', 'boxingspeedbag']",False,False
v_ParallelBars_g02_c02.avi,parallelbars,floorgymnastics,"['floorgymnastics', 'polevault', 'highjump', 'balancebeam', 'longjump']",False,False
v_ParallelBars_g02_c03.avi,parallelbars,polevault,"['polevault', 'highjump', 'balancebeam', 'floorgymnastics', 'longjump']",False,False
v_ParallelBars_g02_c04.avi,parallelbars,floorgymnastics,"['floorgymnastics', 'balancebeam', 'highjump', 'polevault', 'longjump']",False,False
v_ParallelBars_g03_c01.avi,parallelbars,floorgymnastics,"['floorgymnastics', 'highjump', 'polevault', 'balancebeam', 'longjump']",False,False
v_ParallelBars_g03_c02.avi,parallelbars,floorgymnastics,"['floorgymnastics', 'polevault', 'highjump', 'balancebeam', 'longjump']",False,False
v_PizzaTossing_g01_c01.avi,pizzatossing,cuttinginkitchen,"['cuttinginkitchen', 'pizzatossing', 'moppingfloor', 'pommelhorse', 'hammering']",False,True
v_PizzaTossing_g01_c02.avi,pizzatossing,pommelhorse,"['pommelhorse', 'pizzatossing', 'hammering', 'hulahoop', 'headmassage']",False,True
v_PizzaTossing_g01_c03.avi,pizzatossing,drumming,"['drumming', 'pizzatossing', 'swing', 'hammering', 'playingdhol']",False,True
v_PizzaTossing_g01_c04.avi,pizzatossing,drumming,"['drumming', 'pizzatossing', 'swing', 'hammering', 'playingdhol']",False,True
v_PizzaTossing_g02_c01.avi,pizzatossing,moppingfloor,"['moppingfloor', 'billiards', 'cuttinginkitchen', 'playingdhol', 'pizzatossing']",False,True
v_PizzaTossing_g02_c02.avi,pizzatossing,moppingfloor,"['moppingfloor', 'playingdhol', 'billiards', 'cuttinginkitchen', 'pizzatossing']",False,True
v_PizzaTossing_g02_c03.avi,pizzatossing,moppingfloor,"['moppingfloor', 'cuttinginkitchen', 'pizzatossing', 'bowling', 'fencing']",False,True
v_PizzaTossing_g02_c04.avi,pizzatossing,cuttinginkitchen,"['cuttinginkitchen', 'pizzatossing', 'moppingfloor', 'salsaspin', 'taichi']",False,True
v_PizzaTossing_g02_c05.avi,pizzatossing,blowingcandles,"['blowingcandles', 'moppingfloor', 'bowling', 'icedancing', 'punch']",False,False
v_PizzaTossing_g03_c01.avi,pizzatossing,frisbeecatch,"['frisbeecatch', 'soccerjuggling', 'pizzatossing', 'hulahoop', 'yoyo']",False,True
v_PlayingCello_g01_c01.avi,playingcello,playingcello,"['playingcello', 'playingviolin', 'playingsitar', 'playingpiano', 'taichi']",True,True
v_PlayingCello_g01_c02.avi,playingcello,playingcello,"['playingcello', 'playingviolin', 'playingsitar', 'taichi', 'playingpiano']",True,True
v_PlayingCello_g01_c03.avi,playingcello,playingcello,"['playingcello', 'playingviolin', 'playingpiano', 'playingsitar', 'taichi']",True,True
v_PlayingCello_g01_c04.avi,playingcello,playingcello,"['playingcello', 'playingviolin', 'playingsitar', 'playingpiano', 'taichi']",True,True
v_PlayingCello_g01_c05.avi,playingcello,playingcello,"['playingcello', 'playingviolin', 'playingsitar', 'playingpiano', 'taichi']",True,True
v_PlayingCello_g01_c06.avi,playingcello,playingcello,"['playingcello', 'playingviolin', 'playingsitar', 'taichi', 'playingpiano']",True,True
v_PlayingCello_g01_c07.avi,playingcello,playingcello,"['playingcello', 'playingviolin', 'playingsitar', 'playingpiano', 'taichi']",True,True
v_PlayingCello_g02_c01.avi,playingcello,playingcello,"['playingcello', 'playingviolin', 'playingsitar', 'swing', 'playingguitar']",True,True
v_PlayingCello_g02_c02.avi,playingcello,playingviolin,"['playingviolin', 'playingcello', 'playingsitar', 'swing', 'playingguitar']",False,True
v_PlayingCello_g02_c03.avi,playingcello,playingviolin,"['playingviolin', 'playingcello', 'playingsitar', 'playingguitar', 'swing']",False,True
v_PlayingDaf_g01_c01.avi,playingdaf,drumming,"['drumming', 'playingdhol', 'playingtabla', 'frisbeecatch', 'hulahoop']",False,False
v_PlayingDaf_g01_c02.avi,playingdaf,drumming,"['drumming', 'playingdhol', 'playingtabla', 'frisbeecatch', 'playingsitar']",False,False
v_PlayingDaf_g01_c03.avi,playingdaf,playingdhol,"['playingdhol', 'drumming', 'playingtabla', 'playingsitar', 'frisbeecatch']",False,False
v_PlayingDaf_g01_c04.avi,playingdaf,drumming,"['drumming', 'playingdhol', 'playingtabla', 'frisbeecatch', 'hulahoop']",False,False
v_PlayingDaf_g02_c01.avi,playingdaf,playingdhol,"['playingdhol', 'playingtabla', 'drumming', 'hulahoop', 'frisbeecatch']",False,False
v_PlayingDaf_g02_c02.avi,playingdaf,playingdhol,"['playingdhol', 'hulahoop', 'playingtabla', 'drumming', 'frisbeecatch']",False,False
v_PlayingDaf_g02_c03.avi,playingdaf,playingdhol,"['playingdhol', 'hulahoop', 'drumming', 'playingtabla', 'frisbeecatch']",False,False
v_PlayingDaf_g02_c04.avi,playingdaf,playingdhol,"['playingdhol', 'hulahoop', 'drumming', 'playingtabla', 'frisbeecatch']",False,False
v_PlayingDaf_g02_c05.avi,playingdaf,playingdhol,"['playingdhol', 'drumming', 'playingtabla', 'hulahoop', 'frisbeecatch']",False,False
v_PlayingDaf_g02_c06.avi,playingdaf,playingdhol,"['playingdhol', 'playingtabla', 'hulahoop', 'drumming', 'frisbeecatch']",False,False
v_PlayingDhol_g01_c01.avi,playingdhol,playingdhol,"['playingdhol', 'playingtabla', 'playingsitar', 'drumming', 'playingviolin']",True,True
v_PlayingDhol_g01_c02.avi,playingdhol,playingdhol,"['playingdhol', 'playingtabla', 'playingsitar', 'drumming', 'mixing']",True,True
v_PlayingDhol_g01_c03.avi,playingdhol,playingdhol,"['playingdhol', 'playingtabla', 'playingsitar', 'drumming', 'mixing']",True,True
v_PlayingDhol_g01_c04.avi,playingdhol,playingdhol,"['playingdhol', 'playingtabla', 'playingsitar', 'drumming', 'swing']",True,True
v_PlayingDhol_g01_c05.avi,playingdhol,playingdhol,"['playingdhol', 'playingtabla', 'playingsitar', 'drumming', 'playingviolin']",True,True
v_PlayingDhol_g01_c06.avi,playingdhol,playingdhol,"['playingdhol', 'playingtabla', 'drumming', 'playingsitar', 'mixing']",True,True
v_PlayingDhol_g01_c07.avi,playingdhol,playingdhol,"['playingdhol', 'playingtabla', 'playingsitar', 'drumming', 'swing']",True,True
v_PlayingDhol_g02_c01.avi,playingdhol,playingdhol,"['playingdhol', 'drumming', 'playingtabla', 'hulahoop', 'playingsitar']",True,True
v_PlayingDhol_g02_c02.avi,playingdhol,drumming,"['drumming', 'playingdhol', 'playingtabla', 'hulahoop', 'jugglingballs']",False,True
v_PlayingDhol_g02_c03.avi,playingdhol,drumming,"['drumming', 'playingdhol', 'playingtabla', 'playingsitar', 'jugglingballs']",False,True
v_PlayingFlute_g01_c01.avi,playingflute,playingflute,"['playingflute', 'playingviolin', 'playingcello', 'playingsitar', 'playingpiano']",True,True
v_PlayingFlute_g01_c02.avi,playingflute,playingviolin,"['playingviolin', 'playingflute', 'playingcello', 'playingsitar', 'swing']",False,True
v_PlayingFlute_g01_c03.avi,playingflute,playingflute,"['playingflute', 'playingviolin', 'playingcello', 'playingsitar', 'playingdhol']",True,True
v_PlayingFlute_g01_c04.avi,playingflute,playingviolin,"['playingviolin', 'playingflute', 'playingcello', 'playingsitar', 'playingpiano']",False,True
v_PlayingFlute_g01_c05.avi,playingflute,playingviolin,"['playingviolin', 'playingflute', 'playingcello', 'playingsitar', 'playingdhol']",False,True
v_PlayingFlute_g01_c06.avi,playingflute,playingflute,"['playingflute', 'playingviolin', 'playingcello', 'playingsitar', 'playingtabla']",True,True
v_PlayingFlute_g01_c07.avi,playingflute,playingviolin,"['playingviolin', 'playingflute', 'playingcello', 'playingsitar', 'playingtabla']",False,True
v_PlayingFlute_g02_c01.avi,playingflute,playingviolin,"['playingviolin', 'taichi', 'playingflute', 'playingtabla', 'archery']",False,True
v_PlayingFlute_g02_c02.avi,playingflute,playingviolin,"['playingviolin', 'taichi', 'archery', 'knitting', 'playingflute']",False,True
v_PlayingFlute_g02_c03.avi,playingflute,taichi,"['taichi', 'playingviolin', 'knitting', 'playingtabla', 'archery']",False,False
v_PlayingGuitar_g01_c01.avi,playingguitar,playingguitar,"['playingguitar', 'playingsitar', 'unevenbars', 'swing', 'salsaspin']",True,True
v_PlayingGuitar_g01_c02.avi,playingguitar,playingguitar,"['playingguitar', 'playingsitar', 'swing', 'unevenbars', 'playingdaf']",True,True
v_PlayingGuitar_g01_c03.avi,playingguitar,playingguitar,"['playingguitar', 'playingsitar', 'swing', 'unevenbars', 'playingdaf']",True,True
v_PlayingGuitar_g01_c04.avi,playingguitar,playingguitar,"['playingguitar', 'playingsitar', 'swing', 'playingdaf', 'unevenbars']",True,True
v_PlayingGuitar_g01_c05.avi,playingguitar,playingguitar,"['playingguitar', 'playingsitar', 'swing', 'unevenbars', 'playingdaf']",True,True
v_PlayingGuitar_g01_c06.avi,playingguitar,playingguitar,"['playingguitar', 'playingsitar', 'swing', 'playingdaf', 'taichi']",True,True
v_PlayingGuitar_g02_c01.avi,playingguitar,playingguitar,"['playingguitar', 'playingdaf', 'swing', 'playingsitar', 'stillrings']",True,True
v_PlayingGuitar_g02_c02.avi,playingguitar,playingguitar,"['playingguitar', 'swing', 'playingdaf', 'playingsitar', 'stillrings']",True,True
v_PlayingGuitar_g02_c03.avi,playingguitar,playingguitar,"['playingguitar', 'swing', 'playingdaf', 'stillrings', 'jumpingjack']",True,True
v_PlayingGuitar_g02_c04.avi,playingguitar,playingguitar,"['playingguitar', 'swing', 'playingsitar', 'playingdaf', 'unevenbars']",True,True
v_PlayingPiano_g01_c01.avi,playingpiano,playingpiano,"['playingpiano', 'playingviolin', 'playingflute', 'playingcello', 'playingtabla']",True,True
v_PlayingPiano_g01_c02.avi,playingpiano,playingpiano,"['playingpiano', 'playingviolin', 'playingflute', 'playingcello', 'playingtabla']",True,True
v_PlayingPiano_g01_c03.avi,playingpiano,playingpiano,"['playingpiano', 'playingviolin', 'playingcello', 'playingflute', 'playingtabla']",True,True
v_PlayingPiano_g01_c04.avi,playingpiano,playingpiano,"['playingpiano', 'playingviolin', 'playingcello', 'playingflute', 'playingtabla']",True,True
v_PlayingPiano_g02_c01.avi,playingpiano,playingpiano,"['playingpiano', 'playingviolin', 'playingcello', 'playingflute', 'taichi']",True,True
v_PlayingPiano_g02_c02.avi,playingpiano,playingpiano,"['playingpiano', 'playingcello', 'playingtabla', 'playingviolin', 'playingflute']",True,True
v_PlayingPiano_g02_c03.avi,playingpiano,playingpiano,"['playingpiano', 'playingcello', 'playingviolin', 'playingtabla', 'playingflute']",True,True
v_PlayingPiano_g02_c04.avi,playingpiano,playingpiano,"['playingpiano', 'playingviolin', 'playingcello', 'playingflute', 'playingtabla']",True,True
v_PlayingPiano_g03_c01.avi,playingpiano,playingpiano,"['playingpiano', 'playingviolin', 'playingcello', 'playingflute', 'playingtabla']",True,True
v_PlayingPiano_g03_c02.avi,playingpiano,playingpiano,"['playingpiano', 'playingviolin', 'tabletennisshot', 'playingcello', 'playingflute']",True,True
v_PlayingSitar_g01_c01.avi,playingsitar,playingsitar,"['playingsitar', 'playingguitar', 'playingcello', 'playingviolin', 'playingtabla']",True,True
v_PlayingSitar_g01_c02.avi,playingsitar,playingguitar,"['playingguitar', 'playingsitar', 'playingcello', 'playingviolin', 'salsaspin']",False,True
v_PlayingSitar_g01_c03.avi,playingsitar,playingguitar,"['playingguitar', 'playingsitar', 'playingcello', 'playingviolin', 'salsaspin']",False,True
v_PlayingSitar_g01_c04.avi,playingsitar,playingsitar,"['playingsitar', 'playingguitar', 'playingcello', 'playingviolin', 'salsaspin']",True,True
v_PlayingSitar_g02_c01.avi,playingsitar,playingsitar,"['playingsitar', 'playingguitar', 'playingcello', 'playingviolin', 'playingflute']",True,True
v_PlayingSitar_g02_c02.avi,playingsitar,playingsitar,"['playingsitar', 'playingguitar', 'playingcello', 'playingviolin', 'playingflute']",True,True
v_PlayingSitar_g02_c03.avi,playingsitar,playingsitar,"['playingsitar', 'playingguitar', 'playingcello', 'playingviolin', 'playingflute']",True,True
v_PlayingSitar_g02_c04.avi,playingsitar,playingsitar,"['playingsitar', 'playingguitar', 'playingcello', 'playingviolin', 'playingflute']",True,True
v_PlayingSitar_g02_c05.avi,playingsitar,playingsitar,"['playingsitar', 'playingguitar', 'playingcello', 'playingviolin', 'playingflute']",True,True
v_PlayingSitar_g02_c06.avi,playingsitar,playingsitar,"['playingsitar', 'playingguitar', 'playingcello', 'playingviolin', 'playingflute']",True,True
v_PlayingTabla_g01_c01.avi,playingtabla,playingtabla,"['playingtabla', 'playingdhol', 'drumming', 'playingsitar', 'taichi']",True,True
v_PlayingTabla_g01_c02.avi,playingtabla,playingtabla,"['playingtabla', 'playingdhol', 'drumming', 'playingsitar', 'swing']",True,True
v_PlayingTabla_g01_c03.avi,playingtabla,playingtabla,"['playingtabla', 'playingdhol', 'drumming', 'playingsitar', 'taichi']",True,True
v_PlayingTabla_g01_c04.avi,playingtabla,playingtabla,"['playingtabla', 'playingdhol', 'drumming', 'playingsitar', 'taichi']",True,True
v_PlayingTabla_g02_c01.avi,playingtabla,playingtabla,"['playingtabla', 'playingdhol', 'drumming', 'playingsitar', 'taichi']",True,True
v_PlayingTabla_g02_c02.avi,playingtabla,playingtabla,"['playingtabla', 'playingdhol', 'drumming', 'playingsitar', 'taichi']",True,True
v_PlayingTabla_g02_c03.avi,playingtabla,playingtabla,"['playingtabla', 'playingdhol', 'drumming', 'playingsitar', 'taichi']",True,True
v_PlayingTabla_g02_c04.avi,playingtabla,playingtabla,"['playingtabla', 'playingdhol', 'drumming', 'playingsitar', 'taichi']",True,True
v_PlayingTabla_g03_c01.avi,playingtabla,playingtabla,"['playingtabla', 'drumming', 'playingsitar', 'playingdhol', 'taichi']",True,True
v_PlayingTabla_g03_c02.avi,playingtabla,playingtabla,"['playingtabla', 'drumming', 'playingsitar', 'playingdhol', 'taichi']",True,True
v_PlayingViolin_g01_c01.avi,playingviolin,playingviolin,"['playingviolin', 'playingcello', 'playingsitar', 'playingflute', 'swing']",True,True
v_PlayingViolin_g01_c02.avi,playingviolin,playingviolin,"['playingviolin', 'playingcello', 'playingsitar', 'playingflute', 'playingguitar']",True,True
v_PlayingViolin_g01_c03.avi,playingviolin,playingviolin,"['playingviolin', 'playingcello', 'playingsitar', 'playingguitar', 'playingflute']",True,True
v_PlayingViolin_g01_c04.avi,playingviolin,playingviolin,"['playingviolin', 'playingcello', 'playingsitar', 'playingflute', 'playingdhol']",True,True
v_PlayingViolin_g02_c01.avi,playingviolin,playingviolin,"['playingviolin', 'playingcello', 'swing', 'playingsitar', 'playingflute']",True,True
v_PlayingViolin_g02_c02.avi,playingviolin,playingviolin,"['playingviolin', 'playingcello', 'swing', 'playingflute', 'playingsitar']",True,True
v_PlayingViolin_g02_c03.avi,playingviolin,playingviolin,"['playingviolin', 'playingcello', 'swing', 'playingflute', 'playingsitar']",True,True
v_PlayingViolin_g02_c04.avi,playingviolin,playingviolin,"['playingviolin', 'playingcello', 'swing', 'playingsitar', 'playingflute']",True,True
v_PlayingViolin_g03_c01.avi,playingviolin,playingviolin,"['playingviolin', 'playingcello', 'playingflute', 'playingsitar', 'playingtabla']",True,True
v_PlayingViolin_g03_c02.avi,playingviolin,playingviolin,"['playingviolin', 'playingcello', 'playingflute', 'playingtabla', 'playingsitar']",True,True
v_PoleVault_g01_c01.avi,polevault,longjump,"['longjump', 'polevault', 'highjump', 'throwdiscus', 'shotput']",False,True
v_PoleVault_g01_c02.avi,polevault,polevault,"['polevault', 'longjump', 'throwdiscus', 'highjump', 'shotput']",True,True
v_PoleVault_g01_c03.avi,polevault,polevault,"['polevault', 'longjump', 'highjump', 'throwdiscus', 'shotput']",True,True
v_PoleVault_g01_c04.avi,polevault,polevault,"['polevault', 'longjump', 'highjump', 'fieldhockeypenalty', 'throwdiscus']",True,True
v_PoleVault_g01_c05.avi,polevault,polevault,"['polevault', 'highjump', 'longjump', 'throwdiscus', 'fieldhockeypenalty']",True,True
v_PoleVault_g02_c01.avi,polevault,rafting,"['rafting', 'rowing', 'kayaking', 'polevault', 'balancebeam']",False,True
v_PoleVault_g02_c02.avi,polevault,rafting,"['rafting', 'polevault', 'highjump', 'balancebeam', 'rowing']",False,True
v_PoleVault_g02_c03.avi,polevault,polevault,"['polevault', 'highjump', 'rafting', 'balancebeam', 'longjump']",True,True
v_PoleVault_g02_c04.avi,polevault,rafting,"['rafting', 'rowing', 'kayaking', 'polevault', 'highjump']",False,True
v_PoleVault_g02_c05.avi,polevault,rafting,"['rafting', 'highjump', 'polevault', 'trampolinejumping', 'rowing']",False,True
v_PommelHorse_g01_c01.avi,pommelhorse,floorgymnastics,"['floorgymnastics', 'balancebeam', 'highjump', 'polevault', 'longjump']",False,False
v_PommelHorse_g01_c02.avi,pommelhorse,floorgymnastics,"['floorgymnastics', 'balancebeam', 'highjump', 'polevault', 'frontcrawl']",False,False
v_PommelHorse_g01_c03.avi,pommelhorse,floorgymnastics,"['floorgymnastics', 'balancebeam', 'highjump', 'polevault', 'longjump']",False,False
v_PommelHorse_g01_c04.avi,pommelhorse,floorgymnastics,"['floorgymnastics', 'balancebeam', 'highjump', 'polevault', 'longjump']",False,False
v_PommelHorse_g01_c05.avi,pommelhorse,floorgymnastics,"['floorgymnastics', 'highjump', 'balancebeam', 'polevault', 'longjump']",False,False
v_PommelHorse_g01_c06.avi,pommelhorse,floorgymnastics,"['floorgymnastics', 'balancebeam', 'highjump', 'polevault', 'longjump']",False,False
v_PommelHorse_g01_c07.avi,pommelhorse,floorgymnastics,"['floorgymnastics', 'balancebeam', 'highjump', 'polevault', 'frontcrawl']",False,False
v_PommelHorse_g02_c01.avi,pommelhorse,floorgymnastics,"['floorgymnastics', 'longjump', 'highjump', 'polevault', 'shotput']",False,False
v_PommelHorse_g02_c02.avi,pommelhorse,floorgymnastics,"['floorgymnastics', 'longjump', 'highjump', 'boxingspeedbag', 'polevault']",False,False
v_PommelHorse_g02_c03.avi,pommelhorse,floorgymnastics,"['floorgymnastics', 'longjump', 'highjump', 'shotput', 'polevault']",False,False
v_PullUps_g01_c01.avi,pullups,pullups,"['pullups', 'rockclimbingindoor', 'benchpress', 'bodyweightsquats', 'cleanandjerk']",True,True
v_PullUps_g01_c02.avi,pullups,rockclimbingindoor,"['rockclimbingindoor', 'pullups', 'benchpress', 'bodyweightsquats', 'cleanandjerk']",False,True
v_PullUps_g01_c03.avi,pullups,rockclimbingindoor,"['rockclimbingindoor', 'pullups', 'benchpress', 'ropeclimbing', 'hammering']",False,True
v_PullUps_g01_c04.avi,pullups,rockclimbingindoor,"['rockclimbingindoor', 'pullups', 'benchpress', 'cleanandjerk', 'bodyweightsquats']",False,True
v_PullUps_g02_c01.avi,pullups,pullups,"['pullups', 'bodyweightsquats', 'handstandpushups', 'wallpushups', 'lunges']",True,True
v_PullUps_g02_c02.avi,pullups,pullups,"['pullups', 'handstandpushups', 'bodyweightsquats', 'wallpushups', 'handstandwalking']",True,True
v_PullUps_g02_c03.avi,pullups,pullups,"['pullups', 'wallpushups', 'lunges', 'handstandpushups', 'bodyweightsquats']",True,True
v_PullUps_g02_c04.avi,pullups,pullups,"['pullups', 'wallpushups', 'bodyweightsquats', 'handstandpushups', 'handstandwalking']",True,True
v_PullUps_g03_c01.avi,pullups,swing,"['swing', 'ropeclimbing', 'handstandwalking', 'handstandpushups', 'highjump']",False,False
v_PullUps_g03_c02.avi,pullups,cleanandjerk,"['cleanandjerk', 'pullups', 'bodyweightsquats', 'balancebeam', 'handstandpushups']",False,True
v_Punch_g01_c01.avi,punch,boxingspeedbag,"['boxingspeedbag', 'punch', 'boxingpunchingbag', 'swing', 'nunchucks']",False,True
v_Punch_g01_c02.avi,punch,boxingspeedbag,"['boxingspeedbag', 'boxingpunchingbag', 'punch', 'sumowrestling', 'swing']",False,True
v_Punch_g01_c03.avi,punch,nunchucks,"['nunchucks', 'boxingspeedbag', 'punch', 'fencing', 'walkingwithdog']",False,True
v_Punch_g01_c04.avi,punch,boxingspeedbag,"['boxingspeedbag', 'boxingpunchingbag', 'punch', 'nunchucks', 'sumowrestling']",False,True
v_Punch_g01_c05.avi,punch,boxingspeedbag,"['boxingspeedbag', 'boxingpunchingbag', 'punch', 'sumowrestling', 'swing']",False,True
v_Punch_g02_c01.avi,punch,boxingspeedbag,"['boxingspeedbag', 'boxingpunchingbag', 'punch', 'benchpress', 'swing']",False,True
v_Punch_g02_c02.avi,punch,boxingspeedbag,"['boxingspeedbag', 'boxingpunchingbag', 'punch', 'nunchucks', 'benchpress']",False,True
v_Punch_g02_c03.avi,punch,boxingspeedbag,"['boxingspeedbag', 'boxingpunchingbag', 'punch', 'nunchucks', 'benchpress']",False,True
v_Punch_g02_c04.avi,punch,boxingspeedbag,"['boxingspeedbag', 'boxingpunchingbag', 'punch', 'javelinthrow', 'swing']",False,True
v_Punch_g03_c01.avi,punch,boxingspeedbag,"['boxingspeedbag', 'boxingpunchingbag', 'punch', 'taichi', 'javelinthrow']",False,True
v_PushUps_g01_c01.avi,pushups,pushups,"['pushups', 'handstandpushups', 'wallpushups', 'frontcrawl', 'lunges']",True,True
v_PushUps_g01_c02.avi,pushups,pushups,"['pushups', 'handstandpushups', 'wallpushups', 'lunges', 'frontcrawl']",True,True
v_PushUps_g01_c03.avi,pushups,pushups,"['pushups', 'handstandpushups', 'wallpushups', 'lunges', 'frontcrawl']",True,True
v_PushUps_g01_c04.avi,pushups,handstandpushups,"['handstandpushups', 'pushups', 'lunges', 'wallpushups', 'handstandwalking']",False,True
v_PushUps_g01_c05.avi,pushups,pushups,"['pushups', 'wallpushups', 'handstandpushups', 'lunges', 'frontcrawl']",True,True
v_PushUps_g02_c01.avi,pushups,pushups,"['pushups', 'handstandpushups', 'babycrawling', 'wallpushups', 'lunges']",True,True
v_PushUps_g02_c02.avi,pushups,pushups,"['pushups', 'babycrawling', 'handstandpushups', 'wallpushups', 'lunges']",True,True
v_PushUps_g02_c03.avi,pushups,pushups,"['pushups', 'handstandpushups', 'babycrawling', 'wallpushups', 'lunges']",True,True
v_PushUps_g02_c04.avi,pushups,pushups,"['pushups', 'handstandpushups', 'babycrawling', 'wallpushups', 'lunges']",True,True
v_PushUps_g03_c01.avi,pushups,pushups,"['pushups', 'lunges', 'benchpress', 'wallpushups', 'handstandpushups']",True,True
v_Rafting_g01_c01.avi,rafting,rafting,"['rafting', 'kayaking', 'rowing', 'skijet', 'surfing']",True,True
v_Rafting_g01_c02.avi,rafting,rafting,"['rafting', 'kayaking', 'rowing', 'skijet', 'surfing']",True,True
v_Rafting_g01_c03.avi,rafting,rafting,"['rafting', 'kayaking', 'rowing', 'skijet', 'frontcrawl']",True,True
v_Rafting_g01_c04.avi,rafting,rafting,"['rafting', 'kayaking', 'rowing', 'surfing', 'skijet']",True,True
v_Rafting_g02_c01.avi,rafting,rafting,"['rafting', 'kayaking', 'surfing', 'rowing', 'frontcrawl']",True,True
v_Rafting_g02_c02.avi,rafting,rafting,"['rafting', 'kayaking', 'rowing', 'surfing', 'cliffdiving']",True,True
v_Rafting_g02_c03.avi,rafting,rafting,"['rafting', 'kayaking', 'rowing', 'surfing', 'cliffdiving']",True,True
v_Rafting_g02_c04.avi,rafting,rafting,"['rafting', 'kayaking', 'rowing', 'frontcrawl', 'surfing']",True,True
v_Rafting_g03_c01.avi,rafting,rafting,"['rafting', 'surfing', 'kayaking', 'diving', 'rowing']",True,True
v_Rafting_g03_c02.avi,rafting,rafting,"['rafting', 'kayaking', 'rowing', 'surfing', 'skijet']",True,True
v_RockClimbingIndoor_g01_c01.avi,rockclimbingindoor,rockclimbingindoor,"['rockclimbingindoor', 'ropeclimbing', 'pullups', 'highjump', 'balancebeam']",True,True
v_RockClimbingIndoor_g01_c02.avi,rockclimbingindoor,rockclimbingindoor,"['rockclimbingindoor', 'ropeclimbing', 'highjump', 'pullups', 'cliffdiving']",True,True
v_RockClimbingIndoor_g01_c03.avi,rockclimbingindoor,rockclimbingindoor,"['rockclimbingindoor', 'ropeclimbing', 'highjump', 'cliffdiving', 'pullups']",True,True
v_RockClimbingIndoor_g01_c04.avi,rockclimbingindoor,rockclimbingindoor,"['rockclimbingindoor', 'ropeclimbing', 'cliffdiving', 'highjump', 'balancebeam']",True,True
v_RockClimbingIndoor_g01_c05.avi,rockclimbingindoor,rockclimbingindoor,"['rockclimbingindoor', 'ropeclimbing', 'cliffdiving', 'balancebeam', 'highjump']",True,True
v_RockClimbingIndoor_g02_c01.avi,rockclimbingindoor,rockclimbingindoor,"['rockclimbingindoor', 'ropeclimbing', 'cliffdiving', 'highjump', 'balancebeam']",True,True
v_RockClimbingIndoor_g02_c02.avi,rockclimbingindoor,rockclimbingindoor,"['rockclimbingindoor', 'ropeclimbing', 'highjump', 'balancebeam', 'pullups']",True,True
v_RockClimbingIndoor_g02_c03.avi,rockclimbingindoor,rockclimbingindoor,"['rockclimbingindoor', 'ropeclimbing', 'balancebeam', 'highjump', 'pullups']",True,True
v_RockClimbingIndoor_g02_c04.avi,rockclimbingindoor,rockclimbingindoor,"['rockclimbingindoor', 'ropeclimbing', 'balancebeam', 'highjump', 'swing']",True,True
v_RockClimbingIndoor_g02_c05.avi,rockclimbingindoor,rockclimbingindoor,"['rockclimbingindoor', 'ropeclimbing', 'highjump', 'balancebeam', 'pullups']",True,True
v_RopeClimbing_g01_c01.avi,ropeclimbing,floorgymnastics,"['floorgymnastics', 'balancebeam', 'rockclimbingindoor', 'highjump', 'handstandpushups']",False,False
v_RopeClimbing_g01_c02.avi,ropeclimbing,rockclimbingindoor,"['rockclimbingindoor', 'balancebeam', 'highjump', 'ropeclimbing', 'trampolinejumping']",False,True
v_RopeClimbing_g01_c03.avi,ropeclimbing,balancebeam,"['balancebeam', 'rockclimbingindoor', 'trampolinejumping', 'highjump', 'pullups']",False,False
v_RopeClimbing_g01_c04.avi,ropeclimbing,balancebeam,"['balancebeam', 'rockclimbingindoor', 'highjump', 'floorgymnastics', 'trampolinejumping']",False,False
v_RopeClimbing_g02_c01.avi,ropeclimbing,rockclimbingindoor,"['rockclimbingindoor', 'balancebeam', 'ropeclimbing', 'highjump', 'swing']",False,True
v_RopeClimbing_g02_c02.avi,ropeclimbing,rockclimbingindoor,"['rockclimbingindoor', 'swing', 'balancebeam', 'highjump', 'ropeclimbing']",False,True
v_RopeClimbing_g02_c03.avi,ropeclimbing,highjump,"['highjump', 'rockclimbingindoor', 'ropeclimbing', 'balancebeam', 'pullups']",False,True
v_RopeClimbing_g02_c04.avi,ropeclimbing,rockclimbingindoor,"['rockclimbingindoor', 'highjump', 'basketballdunk', 'ropeclimbing', 'trampolinejumping']",False,True
v_RopeClimbing_g02_c05.avi,ropeclimbing,ropeclimbing,"['ropeclimbing', 'rockclimbingindoor', 'swing', 'hulahoop', 'balancebeam']",True,True
v_RopeClimbing_g02_c06.avi,ropeclimbing,ropeclimbing,"['ropeclimbing', 'rockclimbingindoor', 'swing', 'balancebeam', 'pullups']",True,True
v_Rowing_g01_c01.avi,rowing,rowing,"['rowing', 'kayaking', 'rafting', 'balancebeam', 'writingonboard']",True,True
v_Rowing_g01_c02.avi,rowing,rowing,"['rowing', 'frontcrawl', 'rafting', 'breaststroke', 'kayaking']",True,True
v_Rowing_g01_c03.avi,rowing,rowing,"['rowing', 'rafting', 'breaststroke', 'frontcrawl', 'balancebeam']",True,True
v_Rowing_g01_c04.avi,rowing,rowing,"['rowing', 'rafting', 'frontcrawl', 'breaststroke', 'balancebeam']",True,True
v_Rowing_g02_c01.avi,rowing,rowing,"['rowing', 'frontcrawl', 'longjump', 'polevault', 'horserace']",True,True
v_Rowing_g02_c02.avi,rowing,rowing,"['rowing', 'frontcrawl', 'rafting', 'breaststroke', 'polevault']",True,True
v_Rowing_g02_c03.avi,rowing,rowing,"['rowing', 'rafting', 'frontcrawl', 'breaststroke', 'kayaking']",True,True
v_Rowing_g02_c04.avi,rowing,rowing,"['rowing', 'breaststroke', 'frontcrawl', 'rafting', 'balancebeam']",True,True
v_Rowing_g02_c05.avi,rowing,rowing,"['rowing', 'rafting', 'kayaking', 'balancebeam', 'breaststroke']",True,True
v_Rowing_g02_c06.avi,rowing,rowing,"['rowing', 'rafting', 'kayaking', 'balancebeam', 'writingonboard']",True,True
v_SalsaSpin_g01_c01.avi,salsaspin,swing,"['swing', 'taichi', 'punch', 'hulahoop', 'handstandwalking']",False,False
v_SalsaSpin_g01_c02.avi,salsaspin,swing,"['swing', 'hulahoop', 'playingviolin', 'taichi', 'punch']",False,False
v_SalsaSpin_g01_c03.avi,salsaspin,taichi,"['taichi', 'handstandwalking', 'hulahoop', 'swing', 'punch']",False,False
v_SalsaSpin_g01_c04.avi,salsaspin,swing,"['swing', 'taichi', 'punch', 'hulahoop', 'javelinthrow']",False,False
v_SalsaSpin_g01_c05.avi,salsaspin,handstandwalking,"['handstandwalking', 'moppingfloor', 'taichi', 'hulahoop', 'swing']",False,False
v_SalsaSpin_g01_c06.avi,salsaspin,handstandwalking,"['handstandwalking', 'taichi', 'hulahoop', 'punch', 'swing']",False,False
v_SalsaSpin_g01_c07.avi,salsaspin,swing,"['swing', 'babycrawling', 'taichi', 'moppingfloor', 'blowingcandles']",False,False
v_SalsaSpin_g02_c01.avi,salsaspin,icedancing,"['icedancing', 'swing', 'moppingfloor', 'bowling', 'hulahoop']",False,False
v_SalsaSpin_g02_c02.avi,salsaspin,moppingfloor,"['moppingfloor', 'swing', 'bowling', 'floorgymnastics', 'icedancing']",False,False
v_SalsaSpin_g02_c03.avi,salsaspin,floorgymnastics,"['floorgymnastics', 'moppingfloor', 'swing', 'handstandwalking', 'bowling']",False,False
v_ShavingBeard_g01_c01.avi,shavingbeard,shavingbeard,"['shavingbeard', 'blowdryhair', 'haircut', 'nunchucks', 'brushingteeth']",True,True
v_ShavingBeard_g01_c02.avi,shavingbeard,shavingbeard,"['shavingbeard', 'blowdryhair', 'nunchucks', 'applylipstick', 'haircut']",True,True
v_ShavingBeard_g01_c03.avi,shavingbeard,shavingbeard,"['shavingbeard', 'blowdryhair', 'haircut', 'nunchucks', 'brushingteeth']",True,True
v_ShavingBeard_g01_c04.avi,shavingbeard,shavingbeard,"['shavingbeard', 'nunchucks', 'blowdryhair', 'haircut', 'pushups']",True,True
v_ShavingBeard_g02_c01.avi,shavingbeard,shavingbeard,"['shavingbeard', 'headmassage', 'blowdryhair', 'haircut', 'hammering']",True,True
v_ShavingBeard_g02_c02.avi,shavingbeard,shavingbeard,"['shavingbeard', 'headmassage', 'blowdryhair', 'brushingteeth', 'haircut']",True,True
v_ShavingBeard_g02_c03.avi,shavingbeard,shavingbeard,"['shavingbeard', 'brushingteeth', 'hammering', 'cuttinginkitchen', 'knitting']",True,True
v_ShavingBeard_g02_c04.avi,shavingbeard,shavingbeard,"['shavingbeard', 'brushingteeth', 'hammering', 'blowdryhair', 'cuttinginkitchen']",True,True
v_ShavingBeard_g02_c05.avi,shavingbeard,brushingteeth,"['brushingteeth', 'shavingbeard', 'blowingcandles', 'hammering', 'pizzatossing']",False,True
v_ShavingBeard_g02_c06.avi,shavingbeard,shavingbeard,"['shavingbeard', 'brushingteeth', 'applyeyemakeup', 'applylipstick', 'playingflute']",True,True
v_Shotput_g01_c01.avi,shotput,throwdiscus,"['throwdiscus', 'hammerthrow', 'shotput', 'longjump', 'baseballpitch']",False,True
v_Shotput_g01_c02.avi,shotput,throwdiscus,"['throwdiscus', 'hammerthrow', 'longjump', 'shotput', 'baseballpitch']",False,True
v_Shotput_g01_c03.avi,shotput,throwdiscus,"['throwdiscus', 'hammerthrow', 'shotput', 'longjump', 'baseballpitch']",False,True
v_Shotput_g01_c04.avi,shotput,throwdiscus,"['throwdiscus', 'longjump', 'shotput', 'hammerthrow', 'polevault']",False,True
v_Shotput_g01_c05.avi,shotput,throwdiscus,"['throwdiscus', 'hammerthrow', 'shotput', 'longjump', 'baseballpitch']",False,True
v_Shotput_g01_c06.avi,shotput,throwdiscus,"['throwdiscus', 'hammerthrow', 'longjump', 'shotput', 'polevault']",False,True
v_Shotput_g01_c07.avi,shotput,throwdiscus,"['throwdiscus', 'longjump', 'hammerthrow', 'shotput', 'polevault']",False,True
v_Shotput_g02_c01.avi,shotput,baseballpitch,"['baseballpitch', 'longjump', 'throwdiscus', 'hammerthrow', 'cricketshot']",False,False
v_Shotput_g02_c02.avi,shotput,baseballpitch,"['baseballpitch', 'longjump', 'swing', 'hammerthrow', 'throwdiscus']",False,False
v_Shotput_g02_c03.avi,shotput,baseballpitch,"['baseballpitch', 'longjump', 'throwdiscus', 'hammerthrow', 'cricketshot']",False,False
v_SkateBoarding_g01_c01.avi,skateboarding,handstandwalking,"['handstandwalking', 'biking', 'longjump', 'skateboarding', 'highjump']",False,True
v_SkateBoarding_g01_c02.avi,skateboarding,skateboarding,"['skateboarding', 'lunges', 'surfing', 'longjump', 'biking']",True,True
v_SkateBoarding_g01_c03.avi,skateboarding,skiing,"['skiing', 'skateboarding', 'highjump', 'skijet', 'lunges']",False,True
v_SkateBoarding_g01_c04.avi,skateboarding,biking,"['biking', 'skateboarding', 'skiing', 'highjump', 'lunges']",False,True
v_SkateBoarding_g02_c01.avi,skateboarding,skateboarding,"['skateboarding', 'lunges', 'highjump', 'longjump', 'trampolinejumping']",True,True
v_SkateBoarding_g02_c02.avi,skateboarding,skateboarding,"['skateboarding', 'surfing', 'skiing', 'longjump', 'icedancing']",True,True
v_SkateBoarding_g02_c03.avi,skateboarding,surfing,"['surfing', 'frontcrawl', 'rafting', 'skiing', 'skateboarding']",False,True
v_SkateBoarding_g02_c04.avi,skateboarding,skateboarding,"['skateboarding', 'highjump', 'yoyo', 'balancebeam', 'biking']",True,True
v_SkateBoarding_g02_c05.avi,skateboarding,skateboarding,"['skateboarding', 'highjump', 'longjump', 'balancebeam', 'surfing']",True,True
v_SkateBoarding_g02_c06.avi,skateboarding,skateboarding,"['skateboarding', 'balancebeam', 'highjump', 'surfing', 'trampolinejumping']",True,True
v_Skiing_g01_c01.avi,skiing,skiing,"['skiing', 'rafting', 'highjump', 'icedancing', 'longjump']",True,True
v_Skiing_g01_c02.avi,skiing,skiing,"['skiing', 'rafting', 'highjump', 'cliffdiving', 'surfing']",True,True
v_Skiing_g01_c03.avi,skiing,skiing,"['skiing', 'highjump', 'longjump', 'cliffdiving', 'salsaspin']",True,True
v_Skiing_g01_c04.avi,skiing,skiing,"['skiing', 'highjump', 'longjump', 'salsaspin', 'cliffdiving']",True,True
v_Skiing_g01_c05.avi,skiing,rockclimbingindoor,"['rockclimbingindoor', 'skiing', 'highjump', 'ropeclimbing', 'cliffdiving']",False,True
v_Skiing_g01_c06.avi,skiing,skiing,"['skiing', 'rafting', 'highjump', 'cliffdiving', 'surfing']",True,True
v_Skiing_g02_c01.avi,skiing,skiing,"['skiing', 'longjump', 'icedancing', 'highjump', 'frontcrawl']",True,True
v_Skiing_g02_c02.avi,skiing,skiing,"['skiing', 'highjump', 'longjump', 'icedancing', 'frontcrawl']",True,True
v_Skiing_g02_c03.avi,skiing,skiing,"['skiing', 'icedancing', 'highjump', 'longjump', 'skijet']",True,True
v_Skiing_g02_c04.avi,skiing,skiing,"['skiing', 'longjump', 'icedancing', 'highjump', 'salsaspin']",True,True
v_Skijet_g01_c01.avi,skijet,kayaking,"['kayaking', 'rafting', 'surfing', 'rowing', 'skijet']",False,True
v_Skijet_g01_c02.avi,skijet,kayaking,"['kayaking', 'rafting', 'surfing', 'rowing', 'skijet']",False,True
v_Skijet_g01_c03.avi,skijet,kayaking,"['kayaking', 'rowing', 'rafting', 'surfing', 'diving']",False,False
v_Skijet_g01_c04.avi,skijet,kayaking,"['kayaking', 'rafting', 'surfing', 'rowing', 'skijet']",False,True
v_Skijet_g02_c01.avi,skijet,surfing,"['surfing', 'kayaking', 'rafting', 'diving', 'cliffdiving']",False,False
v_Skijet_g02_c02.avi,skijet,surfing,"['surfing', 'kayaking', 'rafting', 'cliffdiving', 'diving']",False,False
v_Skijet_g02_c03.avi,skijet,surfing,"['surfing', 'kayaking', 'rafting', 'diving', 'cliffdiving']",False,False
v_Skijet_g02_c04.avi,skijet,surfing,"['surfing', 'kayaking', 'rafting', 'cliffdiving', 'diving']",False,False
v_Skijet_g03_c01.avi,skijet,rafting,"['rafting', 'rowing', 'surfing', 'kayaking', 'skijet']",False,True
v_Skijet_g03_c02.avi,skijet,surfing,"['surfing', 'rafting', 'rowing', 'kayaking', 'skijet']",False,True
v_SkyDiving_g01_c01.avi,skydiving,skydiving,"['skydiving', 'highjump', 'swing', 'diving', 'skijet']",True,True
v_SkyDiving_g01_c02.avi,skydiving,skydiving,"['skydiving', 'highjump', 'swing', 'diving', 'skijet']",True,True
v_SkyDiving_g01_c03.avi,skydiving,skydiving,"['skydiving', 'highjump', 'swing', 'diving', 'skijet']",True,True
v_SkyDiving_g01_c04.avi,skydiving,skydiving,"['skydiving', 'highjump', 'swing', 'diving', 'skijet']",True,True
v_SkyDiving_g02_c01.avi,skydiving,skydiving,"['skydiving', 'diving', 'cliffdiving', 'trampolinejumping', 'highjump']",True,True
v_SkyDiving_g02_c02.avi,skydiving,skydiving,"['skydiving', 'diving', 'cliffdiving', 'highjump', 'trampolinejumping']",True,True
v_SkyDiving_g02_c03.avi,skydiving,skydiving,"['skydiving', 'highjump', 'trampolinejumping', 'cliffdiving', 'swing']",True,True
v_SkyDiving_g02_c04.avi,skydiving,skydiving,"['skydiving', 'highjump', 'skijet', 'diving', 'cliffdiving']",True,True
v_SkyDiving_g03_c01.avi,skydiving,skydiving,"['skydiving', 'highjump', 'diving', 'skijet', 'cliffdiving']",True,True
v_SkyDiving_g03_c02.avi,skydiving,skydiving,"['skydiving', 'highjump', 'diving', 'skijet', 'balancebeam']",True,True
v_SoccerJuggling_g01_c01.avi,soccerjuggling,soccerjuggling,"['soccerjuggling', 'soccerpenalty', 'jugglingballs', 'lunges', 'frisbeecatch']",True,True
v_SoccerJuggling_g01_c02.avi,soccerjuggling,soccerjuggling,"['soccerjuggling', 'soccerpenalty', 'jugglingballs', 'frisbeecatch', 'hulahoop']",True,True
v_SoccerJuggling_g01_c03.avi,soccerjuggling,soccerjuggling,"['soccerjuggling', 'soccerpenalty', 'jugglingballs', 'frisbeecatch', 'lunges']",True,True
v_SoccerJuggling_g01_c04.avi,soccerjuggling,soccerjuggling,"['soccerjuggling', 'jugglingballs', 'soccerpenalty', 'lunges', 'hulahoop']",True,True
v_SoccerJuggling_g01_c05.avi,soccerjuggling,lunges,"['lunges', 'soccerjuggling', 'hulahoop', 'jugglingballs', 'tennisswing']",False,True
v_SoccerJuggling_g02_c01.avi,soccerjuggling,frisbeecatch,"['frisbeecatch', 'throwdiscus', 'soccerjuggling', 'baseballpitch', 'jugglingballs']",False,True
v_SoccerJuggling_g02_c02.avi,soccerjuggling,soccerjuggling,"['soccerjuggling', 'frisbeecatch', 'throwdiscus', 'baseballpitch', 'jugglingballs']",True,True
v_SoccerJuggling_g02_c03.avi,soccerjuggling,soccerjuggling,"['soccerjuggling', 'frisbeecatch', 'throwdiscus', 'jugglingballs', 'baseballpitch']",True,True
v_SoccerJuggling_g02_c04.avi,soccerjuggling,soccerjuggling,"['soccerjuggling', 'frisbeecatch', 'throwdiscus', 'jugglingballs', 'soccerpenalty']",True,True
v_SoccerJuggling_g02_c05.avi,soccerjuggling,soccerjuggling,"['soccerjuggling', 'soccerpenalty', 'frisbeecatch', 'jugglingballs', 'throwdiscus']",True,True
v_SoccerPenalty_g01_c01.avi,soccerpenalty,soccerpenalty,"['soccerpenalty', 'fieldhockeypenalty', 'soccerjuggling', 'highjump', 'cricketshot']",True,True
v_SoccerPenalty_g01_c02.avi,soccerpenalty,soccerpenalty,"['soccerpenalty', 'fieldhockeypenalty', 'highjump', 'soccerjuggling', 'cricketshot']",True,True
v_SoccerPenalty_g01_c03.avi,soccerpenalty,soccerpenalty,"['soccerpenalty', 'fieldhockeypenalty', 'soccerjuggling', 'highjump', 'diving']",True,True
v_SoccerPenalty_g01_c04.avi,soccerpenalty,soccerpenalty,"['soccerpenalty', 'fieldhockeypenalty', 'highjump', 'soccerjuggling', 'cricketshot']",True,True
v_SoccerPenalty_g01_c05.avi,soccerpenalty,soccerpenalty,"['soccerpenalty', 'fieldhockeypenalty', 'highjump', 'soccerjuggling', 'cricketshot']",True,True
v_SoccerPenalty_g01_c06.avi,soccerpenalty,soccerpenalty,"['soccerpenalty', 'fieldhockeypenalty', 'soccerjuggling', 'highjump', 'cricketshot']",True,True
v_SoccerPenalty_g02_c01.avi,soccerpenalty,soccerpenalty,"['soccerpenalty', 'soccerjuggling', 'fieldhockeypenalty', 'highjump', 'longjump']",True,True
v_SoccerPenalty_g02_c02.avi,soccerpenalty,soccerpenalty,"['soccerpenalty', 'fieldhockeypenalty', 'soccerjuggling', 'highjump', 'longjump']",True,True
v_SoccerPenalty_g02_c03.avi,soccerpenalty,soccerpenalty,"['soccerpenalty', 'fieldhockeypenalty', 'soccerjuggling', 'highjump', 'diving']",True,True
v_SoccerPenalty_g02_c04.avi,soccerpenalty,soccerpenalty,"['soccerpenalty', 'fieldhockeypenalty', 'soccerjuggling', 'highjump', 'longjump']",True,True
v_StillRings_g01_c01.avi,stillrings,floorgymnastics,"['floorgymnastics', 'balancebeam', 'polevault', 'highjump', 'longjump']",False,False
v_StillRings_g01_c02.avi,stillrings,balancebeam,"['balancebeam', 'floorgymnastics', 'highjump', 'polevault', 'shotput']",False,False
v_StillRings_g01_c03.avi,stillrings,balancebeam,"['balancebeam', 'floorgymnastics', 'polevault', 'highjump', 'longjump']",False,False
v_StillRings_g01_c04.avi,stillrings,polevault,"['polevault', 'balancebeam', 'highjump', 'floorgymnastics', 'shotput']",False,False
v_StillRings_g01_c05.avi,stillrings,floorgymnastics,"['floorgymnastics', 'balancebeam', 'polevault', 'highjump', 'swing']",False,False
v_StillRings_g02_c01.avi,stillrings,polevault,"['polevault', 'highjump', 'balancebeam', 'floorgymnastics', 'cleanandjerk']",False,False
v_StillRings_g02_c02.avi,stillrings,floorgymnastics,"['floorgymnastics', 'polevault', 'highjump', 'balancebeam', 'longjump']",False,False
v_StillRings_g02_c03.avi,stillrings,polevault,"['polevault', 'balancebeam', 'highjump', 'rowing', 'swing']",False,False
v_StillRings_g02_c04.avi,stillrings,highjump,"['highjump', 'floorgymnastics', 'polevault', 'balancebeam', 'swing']",False,False
v_StillRings_g03_c01.avi,stillrings,highjump,"['highjump', 'polevault', 'balancebeam', 'floorgymnastics', 'longjump']",False,False
v_SumoWrestling_g01_c01.avi,sumowrestling,sumowrestling,"['sumowrestling', 'shotput', 'floorgymnastics', 'benchpress', 'highjump']",True,True
v_SumoWrestling_g01_c02.avi,sumowrestling,sumowrestling,"['sumowrestling', 'taichi', 'shotput', 'floorgymnastics', 'horserace']",True,True
v_SumoWrestling_g01_c03.avi,sumowrestling,sumowrestling,"['sumowrestling', 'taichi', 'shotput', 'punch', 'benchpress']",True,True
v_SumoWrestling_g01_c04.avi,sumowrestling,sumowrestling,"['sumowrestling', 'floorgymnastics', 'taichi', 'shotput', 'handstandpushups']",True,True
v_SumoWrestling_g02_c01.avi,sumowrestling,sumowrestling,"['sumowrestling', 'taichi', 'shotput', 'horserace', 'highjump']",True,True
v_SumoWrestling_g02_c02.avi,sumowrestling,sumowrestling,"['sumowrestling', 'taichi', 'shotput', 'horserace', 'punch']",True,True
v_SumoWrestling_g02_c03.avi,sumowrestling,sumowrestling,"['sumowrestling', 'taichi', 'highjump', 'moppingfloor', 'swing']",True,True
v_SumoWrestling_g02_c04.avi,sumowrestling,sumowrestling,"['sumowrestling', 'shotput', 'benchpress', 'floorgymnastics', 'bodyweightsquats']",True,True
v_SumoWrestling_g03_c01.avi,sumowrestling,sumowrestling,"['sumowrestling', 'taichi', 'highjump', 'hulahoop', 'swing']",True,True
v_SumoWrestling_g03_c02.avi,sumowrestling,sumowrestling,"['sumowrestling', 'hulahoop', 'floorgymnastics', 'horserace', 'moppingfloor']",True,True
v_Surfing_g01_c01.avi,surfing,surfing,"['surfing', 'balancebeam', 'rafting', 'highjump', 'breaststroke']",True,True
v_Surfing_g01_c02.avi,surfing,surfing,"['surfing', 'rafting', 'cliffdiving', 'skijet', 'skateboarding']",True,True
v_Surfing_g01_c03.avi,surfing,surfing,"['surfing', 'rafting', 'highjump', 'balancebeam', 'breaststroke']",True,True
v_Surfing_g01_c04.avi,surfing,surfing,"['surfing', 'rafting', 'balancebeam', 'highjump', 'breaststroke']",True,True
v_Surfing_g01_c05.avi,surfing,surfing,"['surfing', 'balancebeam', 'skateboarding', 'skijet', 'highjump']",True,True
v_Surfing_g01_c06.avi,surfing,surfing,"['surfing', 'rafting', 'highjump', 'balancebeam', 'breaststroke']",True,True
v_Surfing_g01_c07.avi,surfing,surfing,"['surfing', 'balancebeam', 'rafting', 'highjump', 'skijet']",True,True
v_Surfing_g02_c01.avi,surfing,surfing,"['surfing', 'rafting', 'kayaking', 'breaststroke', 'cliffdiving']",True,True
v_Surfing_g02_c02.avi,surfing,surfing,"['surfing', 'rafting', 'highjump', 'skijet', 'balancebeam']",True,True
v_Surfing_g02_c03.avi,surfing,surfing,"['surfing', 'balancebeam', 'rafting', 'skateboarding', 'breaststroke']",True,True
v_Swing_g01_c01.avi,swing,walkingwithdog,"['walkingwithdog', 'frisbeecatch', 'longjump', 'handstandwalking', 'trampolinejumping']",False,False
v_Swing_g01_c02.avi,swing,handstandwalking,"['handstandwalking', 'trampolinejumping', 'frisbeecatch', 'swing', 'archery']",False,True
v_Swing_g01_c03.avi,swing,trampolinejumping,"['trampolinejumping', 'handstandwalking', 'swing', 'frisbeecatch', 'walkingwithdog']",False,True
v_Swing_g01_c04.avi,swing,archery,"['archery', 'trampolinejumping', 'swing', 'frisbeecatch', 'handstandwalking']",False,True
v_Swing_g01_c05.avi,swing,trampolinejumping,"['trampolinejumping', 'swing', 'biking', 'archery', 'frisbeecatch']",False,True
v_Swing_g02_c01.avi,swing,swing,"['swing', 'trampolinejumping', 'tennisswing', 'handstandwalking', 'biking']",True,True
v_Swing_g02_c02.avi,swing,swing,"['swing', 'babycrawling', 'trampolinejumping', 'tennisswing', 'handstandwalking']",True,True
v_Swing_g02_c03.avi,swing,handstandwalking,"['handstandwalking', 'swing', 'trampolinejumping', 'tennisswing', 'frisbeecatch']",False,True
v_Swing_g02_c04.avi,swing,babycrawling,"['babycrawling', 'swing', 'trampolinejumping', 'handstandwalking', 'tennisswing']",False,True
v_Swing_g02_c05.avi,swing,babycrawling,"['babycrawling', 'swing', 'trampolinejumping', 'handstandwalking', 'tennisswing']",False,True
v_TableTennisShot_g01_c01.avi,tabletennisshot,tabletennisshot,"['tabletennisshot', 'tennisswing', 'billiards', 'cricketshot', 'jugglingballs']",True,True
v_TableTennisShot_g01_c02.avi,tabletennisshot,tabletennisshot,"['tabletennisshot', 'tennisswing', 'billiards', 'cricketshot', 'jugglingballs']",True,True
v_TableTennisShot_g01_c03.avi,tabletennisshot,tabletennisshot,"['tabletennisshot', 'billiards', 'tennisswing', 'cricketshot', 'parallelbars']",True,True
v_TableTennisShot_g01_c04.avi,tabletennisshot,tabletennisshot,"['tabletennisshot', 'tennisswing', 'billiards', 'jugglingballs', 'parallelbars']",True,True
v_TableTennisShot_g01_c05.avi,tabletennisshot,tabletennisshot,"['tabletennisshot', 'tennisswing', 'billiards', 'floorgymnastics', 'jugglingballs']",True,True
v_TableTennisShot_g01_c06.avi,tabletennisshot,tabletennisshot,"['tabletennisshot', 'tennisswing', 'billiards', 'jugglingballs', 'cricketshot']",True,True
v_TableTennisShot_g02_c01.avi,tabletennisshot,tabletennisshot,"['tabletennisshot', 'tennisswing', 'jugglingballs', 'billiards', 'cricketshot']",True,True
v_TableTennisShot_g02_c02.avi,tabletennisshot,tabletennisshot,"['tabletennisshot', 'tennisswing', 'billiards', 'jugglingballs', 'fencing']",True,True
v_TableTennisShot_g02_c03.avi,tabletennisshot,tabletennisshot,"['tabletennisshot', 'tennisswing', 'billiards', 'jugglingballs', 'javelinthrow']",True,True
v_TableTennisShot_g02_c04.avi,tabletennisshot,tabletennisshot,"['tabletennisshot', 'tennisswing', 'billiards', 'jugglingballs', 'cricketshot']",True,True
v_TaiChi_g01_c01.avi,taichi,yoyo,"['yoyo', 'fencing', 'golfswing', 'taichi', 'swing']",False,True
v_TaiChi_g01_c02.avi,taichi,yoyo,"['yoyo', 'fencing', 'golfswing', 'taichi', 'handstandwalking']",False,True
v_TaiChi_g01_c03.avi,taichi,fencing,"['fencing', 'yoyo', 'golfswing', 'taichi', 'handstandwalking']",False,True
v_TaiChi_g01_c04.avi,taichi,fencing,"['fencing', 'yoyo', 'taichi', 'swing', 'handstandwalking']",False,True
v_TaiChi_g02_c01.avi,taichi,handstandwalking,"['handstandwalking', 'hulahoop', 'jumprope', 'playingdhol', 'yoyo']",False,False
v_TaiChi_g02_c02.avi,taichi,playingdhol,"['playingdhol', 'handstandwalking', 'hulahoop', 'jumprope', 'playingsitar']",False,False
v_TaiChi_g02_c03.avi,taichi,handstandwalking,"['handstandwalking', 'playingdhol', 'hulahoop', 'jumprope', 'playingsitar']",False,False
v_TaiChi_g02_c04.avi,taichi,handstandwalking,"['handstandwalking', 'hulahoop', 'fencing', 'swing', 'jumprope']",False,False
v_TaiChi_g03_c01.avi,taichi,lunges,"['lunges', 'shotput', 'nunchucks', 'fencing', 'taichi']",False,True
v_TaiChi_g03_c02.avi,taichi,playingdhol,"['playingdhol', 'lunges', 'taichi', 'hulahoop', 'frisbeecatch']",False,True
v_TennisSwing_g01_c01.avi,tennisswing,tennisswing,"['tennisswing', 'tabletennisshot', 'trampolinejumping', 'highjump', 'hulahoop']",True,True
v_TennisSwing_g01_c02.avi,tennisswing,tennisswing,"['tennisswing', 'tabletennisshot', 'fencing', 'trampolinejumping', 'highjump']",True,True
v_TennisSwing_g01_c03.avi,tennisswing,tennisswing,"['tennisswing', 'tabletennisshot', 'trampolinejumping', 'highjump', 'fencing']",True,True
v_TennisSwing_g01_c04.avi,tennisswing,tennisswing,"['tennisswing', 'tabletennisshot', 'trampolinejumping', 'fencing', 'jugglingballs']",True,True
v_TennisSwing_g01_c05.avi,tennisswing,tennisswing,"['tennisswing', 'tabletennisshot', 'trampolinejumping', 'fencing', 'highjump']",True,True
v_TennisSwing_g01_c06.avi,tennisswing,tennisswing,"['tennisswing', 'tabletennisshot', 'trampolinejumping', 'hulahoop', 'fencing']",True,True
v_TennisSwing_g01_c07.avi,tennisswing,tennisswing,"['tennisswing', 'tabletennisshot', 'fencing', 'hulahoop', 'shotput']",True,True
v_TennisSwing_g02_c01.avi,tennisswing,hulahoop,"['hulahoop', 'soccerjuggling', 'tennisswing', 'hammerthrow', 'polevault']",False,True
v_TennisSwing_g02_c02.avi,tennisswing,tennisswing,"['tennisswing', 'hulahoop', 'soccerjuggling', 'hammerthrow', 'frisbeecatch']",True,True
v_TennisSwing_g02_c03.avi,tennisswing,hulahoop,"['hulahoop', 'tennisswing', 'soccerjuggling', 'hammerthrow', 'frisbeecatch']",False,True
v_ThrowDiscus_g01_c01.avi,throwdiscus,hammerthrow,"['hammerthrow', 'throwdiscus', 'longjump', 'cricketbowling', 'hulahoop']",False,True
v_ThrowDiscus_g01_c02.avi,throwdiscus,hammerthrow,"['hammerthrow', 'throwdiscus', 'cricketbowling', 'hulahoop', 'lunges']",False,True
v_ThrowDiscus_g01_c03.avi,throwdiscus,hammerthrow,"['hammerthrow', 'throwdiscus', 'cricketbowling', 'longjump', 'lunges']",False,True
v_ThrowDiscus_g01_c04.avi,throwdiscus,hammerthrow,"['hammerthrow', 'throwdiscus', 'longjump', 'shotput', 'javelinthrow']",False,True
v_ThrowDiscus_g02_c01.avi,throwdiscus,baseballpitch,"['baseballpitch', 'hammerthrow', 'throwdiscus', 'shotput', 'swing']",False,True
v_ThrowDiscus_g02_c02.avi,throwdiscus,throwdiscus,"['throwdiscus', 'polevault', 'hammerthrow', 'shotput', 'longjump']",True,True
v_ThrowDiscus_g02_c03.avi,throwdiscus,polevault,"['polevault', 'throwdiscus', 'hammerthrow', 'shotput', 'tennisswing']",False,True
v_ThrowDiscus_g02_c04.avi,throwdiscus,fieldhockeypenalty,"['fieldhockeypenalty', 'throwdiscus', 'polevault', 'hammerthrow', 'shotput']",False,True
v_ThrowDiscus_g02_c05.avi,throwdiscus,polevault,"['polevault', 'hammerthrow', 'throwdiscus', 'shotput', 'tennisswing']",False,True
v_ThrowDiscus_g02_c06.avi,throwdiscus,baseballpitch,"['baseballpitch', 'throwdiscus', 'hammerthrow', 'swing', 'fieldhockeypenalty']",False,True
v_TrampolineJumping_g01_c01.avi,trampolinejumping,trampolinejumping,"['trampolinejumping', 'swing', 'basketballdunk', 'hulahoop', 'tennisswing']",True,True
v_TrampolineJumping_g01_c02.avi,trampolinejumping,trampolinejumping,"['trampolinejumping', 'swing', 'tennisswing', 'hulahoop', 'basketballdunk']",True,True
v_TrampolineJumping_g01_c03.avi,trampolinejumping,trampolinejumping,"['trampolinejumping', 'hulahoop', 'handstandwalking', 'frisbeecatch', 'highjump']",True,True
v_TrampolineJumping_g01_c04.avi,trampolinejumping,trampolinejumping,"['trampolinejumping', 'swing', 'hulahoop', 'frisbeecatch', 'handstandwalking']",True,True
v_TrampolineJumping_g02_c01.avi,trampolinejumping,trampolinejumping,"['trampolinejumping', 'swing', 'hulahoop', 'highjump', 'cricketshot']",True,True
v_TrampolineJumping_g02_c02.avi,trampolinejumping,trampolinejumping,"['trampolinejumping', 'swing', 'highjump', 'cricketshot', 'hulahoop']",True,True
v_TrampolineJumping_g02_c03.avi,trampolinejumping,trampolinejumping,"['trampolinejumping', 'swing', 'highjump', 'hulahoop', 'tennisswing']",True,True
v_TrampolineJumping_g02_c04.avi,trampolinejumping,trampolinejumping,"['trampolinejumping', 'swing', 'highjump', 'tennisswing', 'hulahoop']",True,True
v_TrampolineJumping_g02_c05.avi,trampolinejumping,trampolinejumping,"['trampolinejumping', 'swing', 'hulahoop', 'highjump', 'tennisswing']",True,True
v_TrampolineJumping_g02_c06.avi,trampolinejumping,trampolinejumping,"['trampolinejumping', 'swing', 'cricketshot', 'highjump', 'tennisswing']",True,True
v_Typing_g01_c01.avi,typing,typing,"['typing', 'benchpress', 'playingpiano', 'wallpushups', 'unevenbars']",True,True
v_Typing_g01_c02.avi,typing,typing,"['typing', 'benchpress', 'playingpiano', 'unevenbars', 'wallpushups']",True,True
v_Typing_g01_c03.avi,typing,typing,"['typing', 'benchpress', 'playingpiano', 'unevenbars', 'wallpushups']",True,True
v_Typing_g01_c04.avi,typing,typing,"['typing', 'benchpress', 'playingpiano', 'unevenbars', 'wallpushups']",True,True
v_Typing_g01_c05.avi,typing,typing,"['typing', 'benchpress', 'playingpiano', 'unevenbars', 'wallpushups']",True,True
v_Typing_g01_c06.avi,typing,typing,"['typing', 'benchpress', 'playingpiano', 'wallpushups', 'unevenbars']",True,True
v_Typing_g01_c07.avi,typing,typing,"['typing', 'benchpress', 'playingpiano', 'wallpushups', 'unevenbars']",True,True
v_Typing_g02_c01.avi,typing,typing,"['typing', 'mixing', 'playingpiano', 'playingtabla', 'stillrings']",True,True
v_Typing_g02_c02.avi,typing,typing,"['typing', 'mixing', 'playingpiano', 'playingtabla', 'stillrings']",True,True
v_Typing_g02_c03.avi,typing,typing,"['typing', 'mixing', 'playingpiano', 'playingtabla', 'stillrings']",True,True
v_UnevenBars_g01_c01.avi,unevenbars,floorgymnastics,"['floorgymnastics', 'polevault', 'highjump', 'balancebeam', 'jumpingjack']",False,False
v_UnevenBars_g01_c02.avi,unevenbars,floorgymnastics,"['floorgymnastics', 'highjump', 'polevault', 'balancebeam', 'longjump']",False,False
v_UnevenBars_g01_c03.avi,unevenbars,floorgymnastics,"['floorgymnastics', 'highjump', 'balancebeam', 'polevault', 'longjump']",False,False
v_UnevenBars_g01_c04.avi,unevenbars,polevault,"['polevault', 'highjump', 'floorgymnastics', 'balancebeam', 'longjump']",False,False
v_UnevenBars_g02_c01.avi,unevenbars,floorgymnastics,"['floorgymnastics', 'highjump', 'polevault', 'longjump', 'balancebeam']",False,False
v_UnevenBars_g02_c02.avi,unevenbars,floorgymnastics,"['floorgymnastics', 'highjump', 'balancebeam', 'shotput', 'longjump']",False,False
v_UnevenBars_g02_c03.avi,unevenbars,floorgymnastics,"['floorgymnastics', 'highjump', 'polevault', 'longjump', 'balancebeam']",False,False
v_UnevenBars_g02_c04.avi,unevenbars,floorgymnastics,"['floorgymnastics', 'balancebeam', 'highjump', 'polevault', 'longjump']",False,False
v_UnevenBars_g03_c01.avi,unevenbars,floorgymnastics,"['floorgymnastics', 'highjump', 'longjump', 'trampolinejumping', 'cliffdiving']",False,False
v_UnevenBars_g03_c02.avi,unevenbars,floorgymnastics,"['floorgymnastics', 'highjump', 'polevault', 'balancebeam', 'fencing']",False,False
v_VolleyballSpiking_g01_c01.avi,volleyballspiking,volleyballspiking,"['volleyballspiking', 'highjump', 'tabletennisshot', 'longjump', 'floorgymnastics']",True,True
v_VolleyballSpiking_g01_c02.avi,volleyballspiking,basketball,"['basketball', 'basketballdunk', 'volleyballspiking', 'hulahoop', 'soccerpenalty']",False,True
v_VolleyballSpiking_g01_c03.avi,volleyballspiking,basketball,"['basketball', 'basketballdunk', 'hulahoop', 'volleyballspiking', 'frisbeecatch']",False,True
v_VolleyballSpiking_g01_c04.avi,volleyballspiking,basketballdunk,"['basketballdunk', 'basketball', 'hulahoop', 'volleyballspiking', 'jugglingballs']",False,True
v_VolleyballSpiking_g02_c01.avi,volleyballspiking,volleyballspiking,"['volleyballspiking', 'basketball', 'highjump', 'basketballdunk', 'balancebeam']",True,True
v_VolleyballSpiking_g02_c02.avi,volleyballspiking,volleyballspiking,"['volleyballspiking', 'highjump', 'balancebeam', 'hulahoop', 'basketball']",True,True
v_VolleyballSpiking_g02_c03.avi,volleyballspiking,volleyballspiking,"['volleyballspiking', 'basketball', 'basketballdunk', 'hulahoop', 'fencing']",True,True
v_VolleyballSpiking_g02_c04.avi,volleyballspiking,basketball,"['basketball', 'basketballdunk', 'volleyballspiking', 'cricketshot', 'highjump']",False,True
v_VolleyballSpiking_g03_c01.avi,volleyballspiking,volleyballspiking,"['volleyballspiking', 'basketball', 'basketballdunk', 'highjump', 'balancebeam']",True,True
v_VolleyballSpiking_g03_c02.avi,volleyballspiking,volleyballspiking,"['volleyballspiking', 'basketball', 'basketballdunk', 'highjump', 'balancebeam']",True,True
v_WalkingWithDog_g01_c01.avi,walkingwithdog,walkingwithdog,"['walkingwithdog', 'handstandwalking', 'biking', 'horseriding', 'lunges']",True,True
v_WalkingWithDog_g01_c02.avi,walkingwithdog,walkingwithdog,"['walkingwithdog', 'handstandwalking', 'lunges', 'frisbeecatch', 'jumprope']",True,True
v_WalkingWithDog_g01_c03.avi,walkingwithdog,walkingwithdog,"['walkingwithdog', 'hulahoop', 'moppingfloor', 'handstandwalking', 'taichi']",True,True
v_WalkingWithDog_g01_c04.avi,walkingwithdog,walkingwithdog,"['walkingwithdog', 'handstandwalking', 'lunges', 'frisbeecatch', 'taichi']",True,True
v_WalkingWithDog_g02_c01.avi,walkingwithdog,walkingwithdog,"['walkingwithdog', 'icedancing', 'frisbeecatch', 'handstandwalking', 'skijet']",True,True
v_WalkingWithDog_g02_c02.avi,walkingwithdog,walkingwithdog,"['walkingwithdog', 'icedancing', 'frisbeecatch', 'handstandwalking', 'skijet']",True,True
v_WalkingWithDog_g02_c03.avi,walkingwithdog,walkingwithdog,"['walkingwithdog', 'handstandwalking', 'frisbeecatch', 'icedancing', 'skijet']",True,True
v_WalkingWithDog_g02_c04.avi,walkingwithdog,walkingwithdog,"['walkingwithdog', 'handstandwalking', 'frisbeecatch', 'icedancing', 'skijet']",True,True
v_WalkingWithDog_g02_c05.avi,walkingwithdog,walkingwithdog,"['walkingwithdog', 'handstandwalking', 'icedancing', 'frisbeecatch', 'skiing']",True,True
v_WalkingWithDog_g02_c06.avi,walkingwithdog,walkingwithdog,"['walkingwithdog', 'icedancing', 'handstandwalking', 'frisbeecatch', 'skiing']",True,True
v_WallPushups_g01_c01.avi,wallpushups,wallpushups,"['wallpushups', 'moppingfloor', 'hulahoop', 'hammering', 'parallelbars']",True,True
v_WallPushups_g01_c02.avi,wallpushups,hammering,"['hammering', 'wallpushups', 'moppingfloor', 'hulahoop', 'parallelbars']",False,True
v_WallPushups_g01_c03.avi,wallpushups,wallpushups,"['wallpushups', 'moppingfloor', 'hulahoop', 'hammering', 'parallelbars']",True,True
v_WallPushups_g01_c04.avi,wallpushups,wallpushups,"['wallpushups', 'moppingfloor', 'hammering', 'hulahoop', 'parallelbars']",True,True
v_WallPushups_g02_c01.avi,wallpushups,lunges,"['lunges', 'hulahoop', 'handstandwalking', 'moppingfloor', 'wallpushups']",False,True
v_WallPushups_g02_c02.avi,wallpushups,lunges,"['lunges', 'hulahoop', 'handstandwalking', 'moppingfloor', 'bodyweightsquats']",False,False
v_WallPushups_g02_c03.avi,wallpushups,lunges,"['lunges', 'handstandwalking', 'hulahoop', 'moppingfloor', 'wallpushups']",False,True
v_WallPushups_g02_c04.avi,wallpushups,lunges,"['lunges', 'hulahoop', 'handstandwalking', 'moppingfloor', 'wallpushups']",False,True
v_WallPushups_g03_c01.avi,wallpushups,lunges,"['lunges', 'swing', 'handstandwalking', 'balancebeam', 'taichi']",False,False
v_WallPushups_g03_c02.avi,wallpushups,lunges,"['lunges', 'handstandwalking', 'balancebeam', 'swing', 'taichi']",False,False
v_WritingOnBoard_g01_c01.avi,writingonboard,balancebeam,"['balancebeam', 'typing', 'lunges', 'unevenbars', 'cricketshot']",False,False
v_WritingOnBoard_g01_c02.avi,writingonboard,unevenbars,"['unevenbars', 'typing', 'balancebeam', 'highjump', 'hammerthrow']",False,False
v_WritingOnBoard_g01_c03.avi,writingonboard,unevenbars,"['unevenbars', 'typing', 'salsaspin', 'jugglingballs', 'hammerthrow']",False,False
v_WritingOnBoard_g01_c04.avi,writingonboard,unevenbars,"['unevenbars', 'balancebeam', 'typing', 'salsaspin', 'lunges']",False,False
v_WritingOnBoard_g01_c05.avi,writingonboard,typing,"['typing', 'unevenbars', 'lunges', 'balancebeam', 'writingonboard']",False,True
v_WritingOnBoard_g01_c06.avi,writingonboard,typing,"['typing', 'writingonboard', 'unevenbars', 'baseballpitch', 'balancebeam']",False,True
v_WritingOnBoard_g01_c07.avi,writingonboard,typing,"['typing', 'unevenbars', 'writingonboard', 'lunges', 'balancebeam']",False,True
v_WritingOnBoard_g02_c01.avi,writingonboard,salsaspin,"['salsaspin', 'unevenbars', 'balancebeam', 'highjump', 'swing']",False,False
v_WritingOnBoard_g02_c02.avi,writingonboard,salsaspin,"['salsaspin', 'unevenbars', 'balancebeam', 'jugglingballs', 'moppingfloor']",False,False
v_WritingOnBoard_g02_c03.avi,writingonboard,salsaspin,"['salsaspin', 'unevenbars', 'balancebeam', 'highjump', 'swing']",False,False
v_YoYo_g01_c01.avi,yoyo,taichi,"['taichi', 'yoyo', 'hammerthrow', 'sumowrestling', 'soccerjuggling']",False,True
v_YoYo_g01_c02.avi,yoyo,taichi,"['taichi', 'yoyo', 'baseballpitch', 'hammerthrow', 'soccerjuggling']",False,True
v_YoYo_g01_c03.avi,yoyo,taichi,"['taichi', 'yoyo', 'nunchucks', 'swing', 'bodyweightsquats']",False,True
v_YoYo_g01_c04.avi,yoyo,taichi,"['taichi', 'yoyo', 'soccerjuggling', 'bodyweightsquats', 'frisbeecatch']",False,True
v_YoYo_g01_c05.avi,yoyo,taichi,"['taichi', 'yoyo', 'archery', 'nunchucks', 'soccerjuggling']",False,True
v_YoYo_g01_c06.avi,yoyo,yoyo,"['yoyo', 'taichi', 'soccerjuggling', 'hammerthrow', 'archery']",True,True
v_YoYo_g01_c07.avi,yoyo,yoyo,"['yoyo', 'taichi', 'soccerjuggling', 'nunchucks', 'sumowrestling']",True,True
v_YoYo_g02_c01.avi,yoyo,yoyo,"['yoyo', 'soccerjuggling', 'jugglingballs', 'hulahoop', 'frisbeecatch']",True,True
v_YoYo_g02_c02.avi,yoyo,yoyo,"['yoyo', 'hulahoop', 'jugglingballs', 'nunchucks', 'soccerjuggling']",True,True
v_YoYo_g02_c03.avi,yoyo,yoyo,"['yoyo', 'hulahoop', 'soccerjuggling', 'jugglingballs', 'playingviolin']",True,True
